source_dataset,source_split,split,source_image,image,label
composite_v2,train,train,data/jade_bangle_composite_200_v2/images/train/bangle_comp_001_1.jpg,images/train/composite_v2__train__bangle_comp_001_1.jpg,labels/train/composite_v2__train__bangle_comp_001_1.txt
composite_v2,train,train,data/jade_bangle_composite_200_v2/images/train/bangle_comp_001_2.jpg,images/train/composite_v2__train__bangle_comp_001_2.jpg,labels/train/composite_v2__train__bangle_comp_001_2.txt
composite_v2,train,train,data/jade_bangle_composite_200_v2/images/train/bangle_comp_002_1.jpg,images/train/composite_v2__train__bangle_comp_002_1.jpg,labels/train/composite_v2__train__bangle_comp_002_1.txt
composite_v2,train,train,data/jade_bangle_composite_200_v2/images/train/bangle_comp_002_2.jpg,images/train/composite_v2__train__bangle_comp_002_2.jpg,labels/train/composite_v2__train__bangle_comp_002_2.txt
composite_v2,train,train,data/jade_bangle_composite_200_v2/images/train/bangle_comp_005_1.jpg,images/train/composite_v2__train__bangle_comp_005_1.jpg,labels/train/composite_v2__train__bangle_comp_005_1.txt
composite_v2,train,train,data/jade_bangle_composite_200_v2/images/train/bangle_comp_005_2.jpg,images/train/composite_v2__train__bangle_comp_005_2.jpg,labels/train/composite_v2__train__bangle_comp_005_2.txt
composite_v2,train,train,data/jade_bangle_composite_200_v2/images/train/bangle_comp_006_1.jpg,images/train/composite_v2__train__bangle_comp_006_1.jpg,labels/train/composite_v2__train__bangle_comp_006_1.txt
composite_v2,train,train,data/jade_bangle_composite_200_v2/images/train/bangle_comp_006_2.jpg,images/train/composite_v2__train__bangle_comp_006_2.jpg,labels/train/composite_v2__train__bangle_comp_006_2.txt
composite_v2,train,train,data/jade_bangle_composite_200_v2/images/train/bangle_comp_009_1.jpg,images/train/composite_v2__train__bangle_comp_009_1.jpg,labels/train/composite_v2__train__bangle_comp_009_1.txt
composite_v2,train,train,data/jade_bangle_composite_200_v2/images/train/bangle_comp_009_2.jpg,images/train/composite_v2__train__bangle_comp_009_2.jpg,labels/train/composite_v2__train__bangle_comp_009_2.txt
composite_v2,train,train,data/jade_bangle_composite_200_v2/images/train/bangle_comp_010_1.jpg,images/train/composite_v2__train__bangle_comp_010_1.jpg,labels/train/composite_v2__train__bangle_comp_010_1.txt
composite_v2,train,train,data/jade_bangle_composite_200_v2/images/train/bangle_comp_010_2.jpg,images/train/composite_v2__train__bangle_comp_010_2.jpg,labels/train/composite_v2__train__bangle_comp_010_2.txt
composite_v2,train,train,data/jade_bangle_composite_200_v2/images/train/bangle_comp_011_1.jpg,images/train/composite_v2__train__bangle_comp_011_1.jpg,labels/train/composite_v2__train__bangle_comp_011_1.txt
composite_v2,train,train,data/jade_bangle_composite_200_v2/images/train/bangle_comp_011_2.jpg,images/train/composite_v2__train__bangle_comp_011_2.jpg,labels/train/composite_v2__train__bangle_comp_011_2.txt
composite_v2,train,train,data/jade_bangle_composite_200_v2/images/train/bangle_comp_012_1.jpg,images/train/composite_v2__train__bangle_comp_012_1.jpg,labels/train/composite_v2__train__bangle_comp_012_1.txt
composite_v2,train,train,data/jade_bangle_composite_200_v2/images/train/bangle_comp_012_2.jpg,images/train/composite_v2__train__bangle_comp_012_2.jpg,labels/train/composite_v2__train__bangle_comp_012_2.txt
composite_v2,train,train,data/jade_bangle_composite_200_v2/images/train/bangle_comp_013_1.jpg,images/train/composite_v2__train__bangle_comp_013_1.jpg,labels/train/composite_v2__train__bangle_comp_013_1.txt
composite_v2,train,train,data/jade_bangle_composite_200_v2/images/train/bangle_comp_013_2.jpg,images/train/composite_v2__train__bangle_comp_013_2.jpg,labels/train/composite_v2__train__bangle_comp_013_2.txt
composite_v2,train,train,data/jade_bangle_composite_200_v2/images/train/bangle_comp_014_1.jpg,images/train/composite_v2__train__bangle_comp_014_1.jpg,labels/train/composite_v2__train__bangle_comp_014_1.txt
composite_v2,train,train,data/jade_bangle_composite_200_v2/images/train/bangle_comp_014_2.jpg,images/train/composite_v2__train__bangle_comp_014_2.jpg,labels/train/composite_v2__train__bangle_comp_014_2.txt
composite_v2,train,train,data/jade_bangle_composite_200_v2/images/train/bangle_comp_017_1.jpg,images/train/composite_v2__train__bangle_comp_017_1.jpg,labels/train/composite_v2__train__bangle_comp_017_1.txt
composite_v2,train,train,data/jade_bangle_composite_200_v2/images/train/bangle_comp_017_2.jpg,images/train/composite_v2__train__bangle_comp_017_2.jpg,labels/train/composite_v2__train__bangle_comp_017_2.txt
composite_v2,train,train,data/jade_bangle_composite_200_v2/images/train/bangle_comp_018_1.jpg,images/train/composite_v2__train__bangle_comp_018_1.jpg,labels/train/composite_v2__train__bangle_comp_018_1.txt
composite_v2,train,train,data/jade_bangle_composite_200_v2/images/train/bangle_comp_018_2.jpg,images/train/composite_v2__train__bangle_comp_018_2.jpg,labels/train/composite_v2__train__bangle_comp_018_2.txt
composite_v2,train,train,data/jade_bangle_composite_200_v2/images/train/bangle_comp_019_1.jpg,images/train/composite_v2__train__bangle_comp_019_1.jpg,labels/train/composite_v2__train__bangle_comp_019_1.txt
composite_v2,train,train,data/jade_bangle_composite_200_v2/images/train/bangle_comp_019_2.jpg,images/train/composite_v2__train__bangle_comp_019_2.jpg,labels/train/composite_v2__train__bangle_comp_019_2.txt
composite_v2,train,train,data/jade_bangle_composite_200_v2/images/train/bangle_comp_020_1.jpg,images/train/composite_v2__train__bangle_comp_020_1.jpg,labels/train/composite_v2__train__bangle_comp_020_1.txt
composite_v2,train,train,data/jade_bangle_composite_200_v2/images/train/bangle_comp_020_2.jpg,images/train/composite_v2__train__bangle_comp_020_2.jpg,labels/train/composite_v2__train__bangle_comp_020_2.txt
composite_v2,train,train,data/jade_bangle_composite_200_v2/images/train/bangle_comp_021_1.jpg,images/train/composite_v2__train__bangle_comp_021_1.jpg,labels/train/composite_v2__train__bangle_comp_021_1.txt
composite_v2,train,train,data/jade_bangle_composite_200_v2/images/train/bangle_comp_021_2.jpg,images/train/composite_v2__train__bangle_comp_021_2.jpg,labels/train/composite_v2__train__bangle_comp_021_2.txt
composite_v2,train,train,data/jade_bangle_composite_200_v2/images/train/bangle_comp_026_1.jpg,images/train/composite_v2__train__bangle_comp_026_1.jpg,labels/train/composite_v2__train__bangle_comp_026_1.txt
composite_v2,train,train,data/jade_bangle_composite_200_v2/images/train/bangle_comp_026_2.jpg,images/train/composite_v2__train__bangle_comp_026_2.jpg,labels/train/composite_v2__train__bangle_comp_026_2.txt
composite_v2,train,train,data/jade_bangle_composite_200_v2/images/train/bangle_comp_027_1.jpg,images/train/composite_v2__train__bangle_comp_027_1.jpg,labels/train/composite_v2__train__bangle_comp_027_1.txt
composite_v2,train,train,data/jade_bangle_composite_200_v2/images/train/bangle_comp_027_2.jpg,images/train/composite_v2__train__bangle_comp_027_2.jpg,labels/train/composite_v2__train__bangle_comp_027_2.txt
composite_v2,train,train,data/jade_bangle_composite_200_v2/images/train/bangle_comp_029_1.jpg,images/train/composite_v2__train__bangle_comp_029_1.jpg,labels/train/composite_v2__train__bangle_comp_029_1.txt
composite_v2,train,train,data/jade_bangle_composite_200_v2/images/train/bangle_comp_029_2.jpg,images/train/composite_v2__train__bangle_comp_029_2.jpg,labels/train/composite_v2__train__bangle_comp_029_2.txt
composite_v2,train,train,data/jade_bangle_composite_200_v2/images/train/bangle_comp_030_1.jpg,images/train/composite_v2__train__bangle_comp_030_1.jpg,labels/train/composite_v2__train__bangle_comp_030_1.txt
composite_v2,train,train,data/jade_bangle_composite_200_v2/images/train/bangle_comp_030_2.jpg,images/train/composite_v2__train__bangle_comp_030_2.jpg,labels/train/composite_v2__train__bangle_comp_030_2.txt
composite_v2,train,train,data/jade_bangle_composite_200_v2/images/train/bangle_comp_031_1.jpg,images/train/composite_v2__train__bangle_comp_031_1.jpg,labels/train/composite_v2__train__bangle_comp_031_1.txt
composite_v2,train,train,data/jade_bangle_composite_200_v2/images/train/bangle_comp_031_2.jpg,images/train/composite_v2__train__bangle_comp_031_2.jpg,labels/train/composite_v2__train__bangle_comp_031_2.txt
composite_v2,train,train,data/jade_bangle_composite_200_v2/images/train/bangle_comp_034_1.jpg,images/train/composite_v2__train__bangle_comp_034_1.jpg,labels/train/composite_v2__train__bangle_comp_034_1.txt
composite_v2,train,train,data/jade_bangle_composite_200_v2/images/train/bangle_comp_034_2.jpg,images/train/composite_v2__train__bangle_comp_034_2.jpg,labels/train/composite_v2__train__bangle_comp_034_2.txt
composite_v2,train,train,data/jade_bangle_composite_200_v2/images/train/bangle_comp_036_1.jpg,images/train/composite_v2__train__bangle_comp_036_1.jpg,labels/train/composite_v2__train__bangle_comp_036_1.txt
composite_v2,train,train,data/jade_bangle_composite_200_v2/images/train/bangle_comp_036_2.jpg,images/train/composite_v2__train__bangle_comp_036_2.jpg,labels/train/composite_v2__train__bangle_comp_036_2.txt
composite_v2,train,train,data/jade_bangle_composite_200_v2/images/train/bangle_comp_037_1.jpg,images/train/composite_v2__train__bangle_comp_037_1.jpg,labels/train/composite_v2__train__bangle_comp_037_1.txt
composite_v2,train,train,data/jade_bangle_composite_200_v2/images/train/bangle_comp_037_2.jpg,images/train/composite_v2__train__bangle_comp_037_2.jpg,labels/train/composite_v2__train__bangle_comp_037_2.txt
composite_v2,train,train,data/jade_bangle_composite_200_v2/images/train/bangle_comp_038_1.jpg,images/train/composite_v2__train__bangle_comp_038_1.jpg,labels/train/composite_v2__train__bangle_comp_038_1.txt
composite_v2,train,train,data/jade_bangle_composite_200_v2/images/train/bangle_comp_038_2.jpg,images/train/composite_v2__train__bangle_comp_038_2.jpg,labels/train/composite_v2__train__bangle_comp_038_2.txt
composite_v2,train,train,data/jade_bangle_composite_200_v2/images/train/bangle_comp_039_1.jpg,images/train/composite_v2__train__bangle_comp_039_1.jpg,labels/train/composite_v2__train__bangle_comp_039_1.txt
composite_v2,train,train,data/jade_bangle_composite_200_v2/images/train/bangle_comp_039_2.jpg,images/train/composite_v2__train__bangle_comp_039_2.jpg,labels/train/composite_v2__train__bangle_comp_039_2.txt
composite_v2,train,train,data/jade_bangle_composite_200_v2/images/train/bangle_comp_042_1.jpg,images/train/composite_v2__train__bangle_comp_042_1.jpg,labels/train/composite_v2__train__bangle_comp_042_1.txt
composite_v2,train,train,data/jade_bangle_composite_200_v2/images/train/bangle_comp_042_2.jpg,images/train/composite_v2__train__bangle_comp_042_2.jpg,labels/train/composite_v2__train__bangle_comp_042_2.txt
composite_v2,train,train,data/jade_bangle_composite_200_v2/images/train/bangle_comp_043_1.jpg,images/train/composite_v2__train__bangle_comp_043_1.jpg,labels/train/composite_v2__train__bangle_comp_043_1.txt
composite_v2,train,train,data/jade_bangle_composite_200_v2/images/train/bangle_comp_043_2.jpg,images/train/composite_v2__train__bangle_comp_043_2.jpg,labels/train/composite_v2__train__bangle_comp_043_2.txt
composite_v2,train,train,data/jade_bangle_composite_200_v2/images/train/bangle_comp_044_1.jpg,images/train/composite_v2__train__bangle_comp_044_1.jpg,labels/train/composite_v2__train__bangle_comp_044_1.txt
composite_v2,train,train,data/jade_bangle_composite_200_v2/images/train/bangle_comp_044_2.jpg,images/train/composite_v2__train__bangle_comp_044_2.jpg,labels/train/composite_v2__train__bangle_comp_044_2.txt
composite_v2,train,train,data/jade_bangle_composite_200_v2/images/train/bangle_comp_046_1.jpg,images/train/composite_v2__train__bangle_comp_046_1.jpg,labels/train/composite_v2__train__bangle_comp_046_1.txt
composite_v2,train,train,data/jade_bangle_composite_200_v2/images/train/bangle_comp_046_2.jpg,images/train/composite_v2__train__bangle_comp_046_2.jpg,labels/train/composite_v2__train__bangle_comp_046_2.txt
composite_v2,train,train,data/jade_bangle_composite_200_v2/images/train/bangle_comp_047_1.jpg,images/train/composite_v2__train__bangle_comp_047_1.jpg,labels/train/composite_v2__train__bangle_comp_047_1.txt
composite_v2,train,train,data/jade_bangle_composite_200_v2/images/train/bangle_comp_047_2.jpg,images/train/composite_v2__train__bangle_comp_047_2.jpg,labels/train/composite_v2__train__bangle_comp_047_2.txt
composite_v2,train,train,data/jade_bangle_composite_200_v2/images/train/bangle_comp_048_1.jpg,images/train/composite_v2__train__bangle_comp_048_1.jpg,labels/train/composite_v2__train__bangle_comp_048_1.txt
composite_v2,train,train,data/jade_bangle_composite_200_v2/images/train/bangle_comp_048_2.jpg,images/train/composite_v2__train__bangle_comp_048_2.jpg,labels/train/composite_v2__train__bangle_comp_048_2.txt
composite_v2,train,train,data/jade_bangle_composite_200_v2/images/train/bangle_comp_049_1.jpg,images/train/composite_v2__train__bangle_comp_049_1.jpg,labels/train/composite_v2__train__bangle_comp_049_1.txt
composite_v2,train,train,data/jade_bangle_composite_200_v2/images/train/bangle_comp_049_2.jpg,images/train/composite_v2__train__bangle_comp_049_2.jpg,labels/train/composite_v2__train__bangle_comp_049_2.txt
composite_v2,train,train,data/jade_bangle_composite_200_v2/images/train/bangle_comp_050_1.jpg,images/train/composite_v2__train__bangle_comp_050_1.jpg,labels/train/composite_v2__train__bangle_comp_050_1.txt
composite_v2,train,train,data/jade_bangle_composite_200_v2/images/train/bangle_comp_050_2.jpg,images/train/composite_v2__train__bangle_comp_050_2.jpg,labels/train/composite_v2__train__bangle_comp_050_2.txt
composite_v2,train,train,data/jade_bangle_composite_200_v2/images/train/bangle_comp_051_1.jpg,images/train/composite_v2__train__bangle_comp_051_1.jpg,labels/train/composite_v2__train__bangle_comp_051_1.txt
composite_v2,train,train,data/jade_bangle_composite_200_v2/images/train/bangle_comp_051_2.jpg,images/train/composite_v2__train__bangle_comp_051_2.jpg,labels/train/composite_v2__train__bangle_comp_051_2.txt
composite_v2,train,train,data/jade_bangle_composite_200_v2/images/train/bangle_comp_053_1.jpg,images/train/composite_v2__train__bangle_comp_053_1.jpg,labels/train/composite_v2__train__bangle_comp_053_1.txt
composite_v2,train,train,data/jade_bangle_composite_200_v2/images/train/bangle_comp_053_2.jpg,images/train/composite_v2__train__bangle_comp_053_2.jpg,labels/train/composite_v2__train__bangle_comp_053_2.txt
composite_v2,train,train,data/jade_bangle_composite_200_v2/images/train/bangle_comp_054_1.jpg,images/train/composite_v2__train__bangle_comp_054_1.jpg,labels/train/composite_v2__train__bangle_comp_054_1.txt
composite_v2,train,train,data/jade_bangle_composite_200_v2/images/train/bangle_comp_054_2.jpg,images/train/composite_v2__train__bangle_comp_054_2.jpg,labels/train/composite_v2__train__bangle_comp_054_2.txt
composite_v2,train,train,data/jade_bangle_composite_200_v2/images/train/bangle_comp_055_1.jpg,images/train/composite_v2__train__bangle_comp_055_1.jpg,labels/train/composite_v2__train__bangle_comp_055_1.txt
composite_v2,train,train,data/jade_bangle_composite_200_v2/images/train/bangle_comp_055_2.jpg,images/train/composite_v2__train__bangle_comp_055_2.jpg,labels/train/composite_v2__train__bangle_comp_055_2.txt
composite_v2,train,train,data/jade_bangle_composite_200_v2/images/train/bangle_comp_058_1.jpg,images/train/composite_v2__train__bangle_comp_058_1.jpg,labels/train/composite_v2__train__bangle_comp_058_1.txt
composite_v2,train,train,data/jade_bangle_composite_200_v2/images/train/bangle_comp_058_2.jpg,images/train/composite_v2__train__bangle_comp_058_2.jpg,labels/train/composite_v2__train__bangle_comp_058_2.txt
composite_v2,train,train,data/jade_bangle_composite_200_v2/images/train/bangle_comp_060_1.jpg,images/train/composite_v2__train__bangle_comp_060_1.jpg,labels/train/composite_v2__train__bangle_comp_060_1.txt
composite_v2,train,train,data/jade_bangle_composite_200_v2/images/train/bangle_comp_060_2.jpg,images/train/composite_v2__train__bangle_comp_060_2.jpg,labels/train/composite_v2__train__bangle_comp_060_2.txt
composite_v2,train,train,data/jade_bangle_composite_200_v2/images/train/bangle_comp_061_1.jpg,images/train/composite_v2__train__bangle_comp_061_1.jpg,labels/train/composite_v2__train__bangle_comp_061_1.txt
composite_v2,train,train,data/jade_bangle_composite_200_v2/images/train/bangle_comp_061_2.jpg,images/train/composite_v2__train__bangle_comp_061_2.jpg,labels/train/composite_v2__train__bangle_comp_061_2.txt
composite_v2,train,train,data/jade_bangle_composite_200_v2/images/train/bangle_comp_062_1.jpg,images/train/composite_v2__train__bangle_comp_062_1.jpg,labels/train/composite_v2__train__bangle_comp_062_1.txt
composite_v2,train,train,data/jade_bangle_composite_200_v2/images/train/bangle_comp_062_2.jpg,images/train/composite_v2__train__bangle_comp_062_2.jpg,labels/train/composite_v2__train__bangle_comp_062_2.txt
composite_v2,train,train,data/jade_bangle_composite_200_v2/images/train/bangle_comp_063_1.jpg,images/train/composite_v2__train__bangle_comp_063_1.jpg,labels/train/composite_v2__train__bangle_comp_063_1.txt
composite_v2,train,train,data/jade_bangle_composite_200_v2/images/train/bangle_comp_063_2.jpg,images/train/composite_v2__train__bangle_comp_063_2.jpg,labels/train/composite_v2__train__bangle_comp_063_2.txt
composite_v2,train,train,data/jade_bangle_composite_200_v2/images/train/bangle_comp_064_1.jpg,images/train/composite_v2__train__bangle_comp_064_1.jpg,labels/train/composite_v2__train__bangle_comp_064_1.txt
composite_v2,train,train,data/jade_bangle_composite_200_v2/images/train/bangle_comp_064_2.jpg,images/train/composite_v2__train__bangle_comp_064_2.jpg,labels/train/composite_v2__train__bangle_comp_064_2.txt
composite_v2,train,train,data/jade_bangle_composite_200_v2/images/train/bangle_comp_065_1.jpg,images/train/composite_v2__train__bangle_comp_065_1.jpg,labels/train/composite_v2__train__bangle_comp_065_1.txt
composite_v2,train,train,data/jade_bangle_composite_200_v2/images/train/bangle_comp_065_2.jpg,images/train/composite_v2__train__bangle_comp_065_2.jpg,labels/train/composite_v2__train__bangle_comp_065_2.txt
composite_v2,train,train,data/jade_bangle_composite_200_v2/images/train/bangle_comp_066_1.jpg,images/train/composite_v2__train__bangle_comp_066_1.jpg,labels/train/composite_v2__train__bangle_comp_066_1.txt
composite_v2,train,train,data/jade_bangle_composite_200_v2/images/train/bangle_comp_066_2.jpg,images/train/composite_v2__train__bangle_comp_066_2.jpg,labels/train/composite_v2__train__bangle_comp_066_2.txt
composite_v2,train,train,data/jade_bangle_composite_200_v2/images/train/bangle_comp_068_1.jpg,images/train/composite_v2__train__bangle_comp_068_1.jpg,labels/train/composite_v2__train__bangle_comp_068_1.txt
composite_v2,train,train,data/jade_bangle_composite_200_v2/images/train/bangle_comp_068_2.jpg,images/train/composite_v2__train__bangle_comp_068_2.jpg,labels/train/composite_v2__train__bangle_comp_068_2.txt
composite_v2,train,train,data/jade_bangle_composite_200_v2/images/train/bangle_comp_070_1.jpg,images/train/composite_v2__train__bangle_comp_070_1.jpg,labels/train/composite_v2__train__bangle_comp_070_1.txt
composite_v2,train,train,data/jade_bangle_composite_200_v2/images/train/bangle_comp_070_2.jpg,images/train/composite_v2__train__bangle_comp_070_2.jpg,labels/train/composite_v2__train__bangle_comp_070_2.txt
composite_v2,train,train,data/jade_bangle_composite_200_v2/images/train/bangle_comp_071_1.jpg,images/train/composite_v2__train__bangle_comp_071_1.jpg,labels/train/composite_v2__train__bangle_comp_071_1.txt
composite_v2,train,train,data/jade_bangle_composite_200_v2/images/train/bangle_comp_071_2.jpg,images/train/composite_v2__train__bangle_comp_071_2.jpg,labels/train/composite_v2__train__bangle_comp_071_2.txt
composite_v2,train,train,data/jade_bangle_composite_200_v2/images/train/bangle_comp_076_1.jpg,images/train/composite_v2__train__bangle_comp_076_1.jpg,labels/train/composite_v2__train__bangle_comp_076_1.txt
composite_v2,train,train,data/jade_bangle_composite_200_v2/images/train/bangle_comp_076_2.jpg,images/train/composite_v2__train__bangle_comp_076_2.jpg,labels/train/composite_v2__train__bangle_comp_076_2.txt
composite_v2,train,train,data/jade_bangle_composite_200_v2/images/train/bangle_comp_077_1.jpg,images/train/composite_v2__train__bangle_comp_077_1.jpg,labels/train/composite_v2__train__bangle_comp_077_1.txt
composite_v2,train,train,data/jade_bangle_composite_200_v2/images/train/bangle_comp_077_2.jpg,images/train/composite_v2__train__bangle_comp_077_2.jpg,labels/train/composite_v2__train__bangle_comp_077_2.txt
composite_v2,train,train,data/jade_bangle_composite_200_v2/images/train/bangle_comp_080_1.jpg,images/train/composite_v2__train__bangle_comp_080_1.jpg,labels/train/composite_v2__train__bangle_comp_080_1.txt
composite_v2,train,train,data/jade_bangle_composite_200_v2/images/train/bangle_comp_080_2.jpg,images/train/composite_v2__train__bangle_comp_080_2.jpg,labels/train/composite_v2__train__bangle_comp_080_2.txt
composite_v2,train,train,data/jade_bangle_composite_200_v2/images/train/bangle_comp_081_1.jpg,images/train/composite_v2__train__bangle_comp_081_1.jpg,labels/train/composite_v2__train__bangle_comp_081_1.txt
composite_v2,train,train,data/jade_bangle_composite_200_v2/images/train/bangle_comp_081_2.jpg,images/train/composite_v2__train__bangle_comp_081_2.jpg,labels/train/composite_v2__train__bangle_comp_081_2.txt
composite_v2,train,train,data/jade_bangle_composite_200_v2/images/train/bangle_comp_083_1.jpg,images/train/composite_v2__train__bangle_comp_083_1.jpg,labels/train/composite_v2__train__bangle_comp_083_1.txt
composite_v2,train,train,data/jade_bangle_composite_200_v2/images/train/bangle_comp_083_2.jpg,images/train/composite_v2__train__bangle_comp_083_2.jpg,labels/train/composite_v2__train__bangle_comp_083_2.txt
composite_v2,train,train,data/jade_bangle_composite_200_v2/images/train/bangle_comp_084_1.jpg,images/train/composite_v2__train__bangle_comp_084_1.jpg,labels/train/composite_v2__train__bangle_comp_084_1.txt
composite_v2,train,train,data/jade_bangle_composite_200_v2/images/train/bangle_comp_084_2.jpg,images/train/composite_v2__train__bangle_comp_084_2.jpg,labels/train/composite_v2__train__bangle_comp_084_2.txt
composite_v2,train,train,data/jade_bangle_composite_200_v2/images/train/bangle_comp_085_1.jpg,images/train/composite_v2__train__bangle_comp_085_1.jpg,labels/train/composite_v2__train__bangle_comp_085_1.txt
composite_v2,train,train,data/jade_bangle_composite_200_v2/images/train/bangle_comp_085_2.jpg,images/train/composite_v2__train__bangle_comp_085_2.jpg,labels/train/composite_v2__train__bangle_comp_085_2.txt
composite_v2,train,train,data/jade_bangle_composite_200_v2/images/train/bangle_comp_087_1.jpg,images/train/composite_v2__train__bangle_comp_087_1.jpg,labels/train/composite_v2__train__bangle_comp_087_1.txt
composite_v2,train,train,data/jade_bangle_composite_200_v2/images/train/bangle_comp_087_2.jpg,images/train/composite_v2__train__bangle_comp_087_2.jpg,labels/train/composite_v2__train__bangle_comp_087_2.txt
composite_v2,train,train,data/jade_bangle_composite_200_v2/images/train/bangle_comp_088_1.jpg,images/train/composite_v2__train__bangle_comp_088_1.jpg,labels/train/composite_v2__train__bangle_comp_088_1.txt
composite_v2,train,train,data/jade_bangle_composite_200_v2/images/train/bangle_comp_088_2.jpg,images/train/composite_v2__train__bangle_comp_088_2.jpg,labels/train/composite_v2__train__bangle_comp_088_2.txt
composite_v2,train,train,data/jade_bangle_composite_200_v2/images/train/bangle_comp_089_1.jpg,images/train/composite_v2__train__bangle_comp_089_1.jpg,labels/train/composite_v2__train__bangle_comp_089_1.txt
composite_v2,train,train,data/jade_bangle_composite_200_v2/images/train/bangle_comp_089_2.jpg,images/train/composite_v2__train__bangle_comp_089_2.jpg,labels/train/composite_v2__train__bangle_comp_089_2.txt
composite_v2,train,train,data/jade_bangle_composite_200_v2/images/train/bangle_comp_090_1.jpg,images/train/composite_v2__train__bangle_comp_090_1.jpg,labels/train/composite_v2__train__bangle_comp_090_1.txt
composite_v2,train,train,data/jade_bangle_composite_200_v2/images/train/bangle_comp_090_2.jpg,images/train/composite_v2__train__bangle_comp_090_2.jpg,labels/train/composite_v2__train__bangle_comp_090_2.txt
composite_v2,train,train,data/jade_bangle_composite_200_v2/images/train/bangle_comp_091_1.jpg,images/train/composite_v2__train__bangle_comp_091_1.jpg,labels/train/composite_v2__train__bangle_comp_091_1.txt
composite_v2,train,train,data/jade_bangle_composite_200_v2/images/train/bangle_comp_091_2.jpg,images/train/composite_v2__train__bangle_comp_091_2.jpg,labels/train/composite_v2__train__bangle_comp_091_2.txt
composite_v2,train,train,data/jade_bangle_composite_200_v2/images/train/bangle_comp_093_1.jpg,images/train/composite_v2__train__bangle_comp_093_1.jpg,labels/train/composite_v2__train__bangle_comp_093_1.txt
composite_v2,train,train,data/jade_bangle_composite_200_v2/images/train/bangle_comp_093_2.jpg,images/train/composite_v2__train__bangle_comp_093_2.jpg,labels/train/composite_v2__train__bangle_comp_093_2.txt
composite_v2,train,train,data/jade_bangle_composite_200_v2/images/train/bangle_comp_095_1.jpg,images/train/composite_v2__train__bangle_comp_095_1.jpg,labels/train/composite_v2__train__bangle_comp_095_1.txt
composite_v2,train,train,data/jade_bangle_composite_200_v2/images/train/bangle_comp_095_2.jpg,images/train/composite_v2__train__bangle_comp_095_2.jpg,labels/train/composite_v2__train__bangle_comp_095_2.txt
composite_v2,train,train,data/jade_bangle_composite_200_v2/images/train/bangle_comp_097_1.jpg,images/train/composite_v2__train__bangle_comp_097_1.jpg,labels/train/composite_v2__train__bangle_comp_097_1.txt
composite_v2,train,train,data/jade_bangle_composite_200_v2/images/train/bangle_comp_097_2.jpg,images/train/composite_v2__train__bangle_comp_097_2.jpg,labels/train/composite_v2__train__bangle_comp_097_2.txt
composite_v2,train,train,data/jade_bangle_composite_200_v2/images/train/bangle_comp_098_1.jpg,images/train/composite_v2__train__bangle_comp_098_1.jpg,labels/train/composite_v2__train__bangle_comp_098_1.txt
composite_v2,train,train,data/jade_bangle_composite_200_v2/images/train/bangle_comp_098_2.jpg,images/train/composite_v2__train__bangle_comp_098_2.jpg,labels/train/composite_v2__train__bangle_comp_098_2.txt
composite_v2,train,train,data/jade_bangle_composite_200_v2/images/train/bangle_comp_099_1.jpg,images/train/composite_v2__train__bangle_comp_099_1.jpg,labels/train/composite_v2__train__bangle_comp_099_1.txt
composite_v2,train,train,data/jade_bangle_composite_200_v2/images/train/bangle_comp_099_2.jpg,images/train/composite_v2__train__bangle_comp_099_2.jpg,labels/train/composite_v2__train__bangle_comp_099_2.txt
composite_v2,val,val,data/jade_bangle_composite_200_v2/images/val/bangle_comp_008_1.jpg,images/val/composite_v2__val__bangle_comp_008_1.jpg,labels/val/composite_v2__val__bangle_comp_008_1.txt
composite_v2,val,val,data/jade_bangle_composite_200_v2/images/val/bangle_comp_008_2.jpg,images/val/composite_v2__val__bangle_comp_008_2.jpg,labels/val/composite_v2__val__bangle_comp_008_2.txt
composite_v2,val,val,data/jade_bangle_composite_200_v2/images/val/bangle_comp_016_1.jpg,images/val/composite_v2__val__bangle_comp_016_1.jpg,labels/val/composite_v2__val__bangle_comp_016_1.txt
composite_v2,val,val,data/jade_bangle_composite_200_v2/images/val/bangle_comp_016_2.jpg,images/val/composite_v2__val__bangle_comp_016_2.jpg,labels/val/composite_v2__val__bangle_comp_016_2.txt
composite_v2,val,val,data/jade_bangle_composite_200_v2/images/val/bangle_comp_028_1.jpg,images/val/composite_v2__val__bangle_comp_028_1.jpg,labels/val/composite_v2__val__bangle_comp_028_1.txt
composite_v2,val,val,data/jade_bangle_composite_200_v2/images/val/bangle_comp_028_2.jpg,images/val/composite_v2__val__bangle_comp_028_2.jpg,labels/val/composite_v2__val__bangle_comp_028_2.txt
composite_v2,val,val,data/jade_bangle_composite_200_v2/images/val/bangle_comp_032_1.jpg,images/val/composite_v2__val__bangle_comp_032_1.jpg,labels/val/composite_v2__val__bangle_comp_032_1.txt
composite_v2,val,val,data/jade_bangle_composite_200_v2/images/val/bangle_comp_032_2.jpg,images/val/composite_v2__val__bangle_comp_032_2.jpg,labels/val/composite_v2__val__bangle_comp_032_2.txt
composite_v2,val,val,data/jade_bangle_composite_200_v2/images/val/bangle_comp_059_1.jpg,images/val/composite_v2__val__bangle_comp_059_1.jpg,labels/val/composite_v2__val__bangle_comp_059_1.txt
composite_v2,val,val,data/jade_bangle_composite_200_v2/images/val/bangle_comp_059_2.jpg,images/val/composite_v2__val__bangle_comp_059_2.jpg,labels/val/composite_v2__val__bangle_comp_059_2.txt
composite_v2,val,val,data/jade_bangle_composite_200_v2/images/val/bangle_comp_067_1.jpg,images/val/composite_v2__val__bangle_comp_067_1.jpg,labels/val/composite_v2__val__bangle_comp_067_1.txt
composite_v2,val,val,data/jade_bangle_composite_200_v2/images/val/bangle_comp_067_2.jpg,images/val/composite_v2__val__bangle_comp_067_2.jpg,labels/val/composite_v2__val__bangle_comp_067_2.txt
composite_v2,val,val,data/jade_bangle_composite_200_v2/images/val/bangle_comp_072_1.jpg,images/val/composite_v2__val__bangle_comp_072_1.jpg,labels/val/composite_v2__val__bangle_comp_072_1.txt
composite_v2,val,val,data/jade_bangle_composite_200_v2/images/val/bangle_comp_072_2.jpg,images/val/composite_v2__val__bangle_comp_072_2.jpg,labels/val/composite_v2__val__bangle_comp_072_2.txt
composite_v2,val,val,data/jade_bangle_composite_200_v2/images/val/bangle_comp_075_1.jpg,images/val/composite_v2__val__bangle_comp_075_1.jpg,labels/val/composite_v2__val__bangle_comp_075_1.txt
composite_v2,val,val,data/jade_bangle_composite_200_v2/images/val/bangle_comp_075_2.jpg,images/val/composite_v2__val__bangle_comp_075_2.jpg,labels/val/composite_v2__val__bangle_comp_075_2.txt
composite_v2,val,val,data/jade_bangle_composite_200_v2/images/val/bangle_comp_082_1.jpg,images/val/composite_v2__val__bangle_comp_082_1.jpg,labels/val/composite_v2__val__bangle_comp_082_1.txt
composite_v2,val,val,data/jade_bangle_composite_200_v2/images/val/bangle_comp_082_2.jpg,images/val/composite_v2__val__bangle_comp_082_2.jpg,labels/val/composite_v2__val__bangle_comp_082_2.txt
composite_v2,val,val,data/jade_bangle_composite_200_v2/images/val/bangle_comp_092_1.jpg,images/val/composite_v2__val__bangle_comp_092_1.jpg,labels/val/composite_v2__val__bangle_comp_092_1.txt
composite_v2,val,val,data/jade_bangle_composite_200_v2/images/val/bangle_comp_092_2.jpg,images/val/composite_v2__val__bangle_comp_092_2.jpg,labels/val/composite_v2__val__bangle_comp_092_2.txt
composite_v2,test,test,data/jade_bangle_composite_200_v2/images/test/bangle_comp_003_1.jpg,images/test/composite_v2__test__bangle_comp_003_1.jpg,labels/test/composite_v2__test__bangle_comp_003_1.txt
composite_v2,test,test,data/jade_bangle_composite_200_v2/images/test/bangle_comp_003_2.jpg,images/test/composite_v2__test__bangle_comp_003_2.jpg,labels/test/composite_v2__test__bangle_comp_003_2.txt
composite_v2,test,test,data/jade_bangle_composite_200_v2/images/test/bangle_comp_004_1.jpg,images/test/composite_v2__test__bangle_comp_004_1.jpg,labels/test/composite_v2__test__bangle_comp_004_1.txt
composite_v2,test,test,data/jade_bangle_composite_200_v2/images/test/bangle_comp_004_2.jpg,images/test/composite_v2__test__bangle_comp_004_2.jpg,labels/test/composite_v2__test__bangle_comp_004_2.txt
composite_v2,test,test,data/jade_bangle_composite_200_v2/images/test/bangle_comp_007_1.jpg,images/test/composite_v2__test__bangle_comp_007_1.jpg,labels/test/composite_v2__test__bangle_comp_007_1.txt
composite_v2,test,test,data/jade_bangle_composite_200_v2/images/test/bangle_comp_007_2.jpg,images/test/composite_v2__test__bangle_comp_007_2.jpg,labels/test/composite_v2__test__bangle_comp_007_2.txt
composite_v2,test,test,data/jade_bangle_composite_200_v2/images/test/bangle_comp_015_1.jpg,images/test/composite_v2__test__bangle_comp_015_1.jpg,labels/test/composite_v2__test__bangle_comp_015_1.txt
composite_v2,test,test,data/jade_bangle_composite_200_v2/images/test/bangle_comp_015_2.jpg,images/test/composite_v2__test__bangle_comp_015_2.jpg,labels/test/composite_v2__test__bangle_comp_015_2.txt
composite_v2,test,test,data/jade_bangle_composite_200_v2/images/test/bangle_comp_022_1.jpg,images/test/composite_v2__test__bangle_comp_022_1.jpg,labels/test/composite_v2__test__bangle_comp_022_1.txt
composite_v2,test,test,data/jade_bangle_composite_200_v2/images/test/bangle_comp_022_2.jpg,images/test/composite_v2__test__bangle_comp_022_2.jpg,labels/test/composite_v2__test__bangle_comp_022_2.txt
composite_v2,test,test,data/jade_bangle_composite_200_v2/images/test/bangle_comp_023_1.jpg,images/test/composite_v2__test__bangle_comp_023_1.jpg,labels/test/composite_v2__test__bangle_comp_023_1.txt
composite_v2,test,test,data/jade_bangle_composite_200_v2/images/test/bangle_comp_023_2.jpg,images/test/composite_v2__test__bangle_comp_023_2.jpg,labels/test/composite_v2__test__bangle_comp_023_2.txt
composite_v2,test,test,data/jade_bangle_composite_200_v2/images/test/bangle_comp_024_1.jpg,images/test/composite_v2__test__bangle_comp_024_1.jpg,labels/test/composite_v2__test__bangle_comp_024_1.txt
composite_v2,test,test,data/jade_bangle_composite_200_v2/images/test/bangle_comp_024_2.jpg,images/test/composite_v2__test__bangle_comp_024_2.jpg,labels/test/composite_v2__test__bangle_comp_024_2.txt
composite_v2,test,test,data/jade_bangle_composite_200_v2/images/test/bangle_comp_025_1.jpg,images/test/composite_v2__test__bangle_comp_025_1.jpg,labels/test/composite_v2__test__bangle_comp_025_1.txt
composite_v2,test,test,data/jade_bangle_composite_200_v2/images/test/bangle_comp_025_2.jpg,images/test/composite_v2__test__bangle_comp_025_2.jpg,labels/test/composite_v2__test__bangle_comp_025_2.txt
composite_v2,test,test,data/jade_bangle_composite_200_v2/images/test/bangle_comp_033_1.jpg,images/test/composite_v2__test__bangle_comp_033_1.jpg,labels/test/composite_v2__test__bangle_comp_033_1.txt
composite_v2,test,test,data/jade_bangle_composite_200_v2/images/test/bangle_comp_033_2.jpg,images/test/composite_v2__test__bangle_comp_033_2.jpg,labels/test/composite_v2__test__bangle_comp_033_2.txt
composite_v2,test,test,data/jade_bangle_composite_200_v2/images/test/bangle_comp_035_1.jpg,images/test/composite_v2__test__bangle_comp_035_1.jpg,labels/test/composite_v2__test__bangle_comp_035_1.txt
composite_v2,test,test,data/jade_bangle_composite_200_v2/images/test/bangle_comp_035_2.jpg,images/test/composite_v2__test__bangle_comp_035_2.jpg,labels/test/composite_v2__test__bangle_comp_035_2.txt
composite_v2,test,test,data/jade_bangle_composite_200_v2/images/test/bangle_comp_040_1.jpg,images/test/composite_v2__test__bangle_comp_040_1.jpg,labels/test/composite_v2__test__bangle_comp_040_1.txt
composite_v2,test,test,data/jade_bangle_composite_200_v2/images/test/bangle_comp_040_2.jpg,images/test/composite_v2__test__bangle_comp_040_2.jpg,labels/test/composite_v2__test__bangle_comp_040_2.txt
composite_v2,test,test,data/jade_bangle_composite_200_v2/images/test/bangle_comp_041_1.jpg,images/test/composite_v2__test__bangle_comp_041_1.jpg,labels/test/composite_v2__test__bangle_comp_041_1.txt
composite_v2,test,test,data/jade_bangle_composite_200_v2/images/test/bangle_comp_041_2.jpg,images/test/composite_v2__test__bangle_comp_041_2.jpg,labels/test/composite_v2__test__bangle_comp_041_2.txt
composite_v2,test,test,data/jade_bangle_composite_200_v2/images/test/bangle_comp_045_1.jpg,images/test/composite_v2__test__bangle_comp_045_1.jpg,labels/test/composite_v2__test__bangle_comp_045_1.txt
composite_v2,test,test,data/jade_bangle_composite_200_v2/images/test/bangle_comp_045_2.jpg,images/test/composite_v2__test__bangle_comp_045_2.jpg,labels/test/composite_v2__test__bangle_comp_045_2.txt
composite_v2,test,test,data/jade_bangle_composite_200_v2/images/test/bangle_comp_052_1.jpg,images/test/composite_v2__test__bangle_comp_052_1.jpg,labels/test/composite_v2__test__bangle_comp_052_1.txt
composite_v2,test,test,data/jade_bangle_composite_200_v2/images/test/bangle_comp_052_2.jpg,images/test/composite_v2__test__bangle_comp_052_2.jpg,labels/test/composite_v2__test__bangle_comp_052_2.txt
composite_v2,test,test,data/jade_bangle_composite_200_v2/images/test/bangle_comp_056_1.jpg,images/test/composite_v2__test__bangle_comp_056_1.jpg,labels/test/composite_v2__test__bangle_comp_056_1.txt
composite_v2,test,test,data/jade_bangle_composite_200_v2/images/test/bangle_comp_056_2.jpg,images/test/composite_v2__test__bangle_comp_056_2.jpg,labels/test/composite_v2__test__bangle_comp_056_2.txt
composite_v2,test,test,data/jade_bangle_composite_200_v2/images/test/bangle_comp_057_1.jpg,images/test/composite_v2__test__bangle_comp_057_1.jpg,labels/test/composite_v2__test__bangle_comp_057_1.txt
composite_v2,test,test,data/jade_bangle_composite_200_v2/images/test/bangle_comp_057_2.jpg,images/test/composite_v2__test__bangle_comp_057_2.jpg,labels/test/composite_v2__test__bangle_comp_057_2.txt
composite_v2,test,test,data/jade_bangle_composite_200_v2/images/test/bangle_comp_069_1.jpg,images/test/composite_v2__test__bangle_comp_069_1.jpg,labels/test/composite_v2__test__bangle_comp_069_1.txt
composite_v2,test,test,data/jade_bangle_composite_200_v2/images/test/bangle_comp_069_2.jpg,images/test/composite_v2__test__bangle_comp_069_2.jpg,labels/test/composite_v2__test__bangle_comp_069_2.txt
composite_v2,test,test,data/jade_bangle_composite_200_v2/images/test/bangle_comp_073_1.jpg,images/test/composite_v2__test__bangle_comp_073_1.jpg,labels/test/composite_v2__test__bangle_comp_073_1.txt
composite_v2,test,test,data/jade_bangle_composite_200_v2/images/test/bangle_comp_073_2.jpg,images/test/composite_v2__test__bangle_comp_073_2.jpg,labels/test/composite_v2__test__bangle_comp_073_2.txt
composite_v2,test,test,data/jade_bangle_composite_200_v2/images/test/bangle_comp_074_1.jpg,images/test/composite_v2__test__bangle_comp_074_1.jpg,labels/test/composite_v2__test__bangle_comp_074_1.txt
composite_v2,test,test,data/jade_bangle_composite_200_v2/images/test/bangle_comp_074_2.jpg,images/test/composite_v2__test__bangle_comp_074_2.jpg,labels/test/composite_v2__test__bangle_comp_074_2.txt
composite_v2,test,test,data/jade_bangle_composite_200_v2/images/test/bangle_comp_078_1.jpg,images/test/composite_v2__test__bangle_comp_078_1.jpg,labels/test/composite_v2__test__bangle_comp_078_1.txt
composite_v2,test,test,data/jade_bangle_composite_200_v2/images/test/bangle_comp_078_2.jpg,images/test/composite_v2__test__bangle_comp_078_2.jpg,labels/test/composite_v2__test__bangle_comp_078_2.txt
composite_v2,test,test,data/jade_bangle_composite_200_v2/images/test/bangle_comp_079_1.jpg,images/test/composite_v2__test__bangle_comp_079_1.jpg,labels/test/composite_v2__test__bangle_comp_079_1.txt
composite_v2,test,test,data/jade_bangle_composite_200_v2/images/test/bangle_comp_079_2.jpg,images/test/composite_v2__test__bangle_comp_079_2.jpg,labels/test/composite_v2__test__bangle_comp_079_2.txt
composite_v2,test,test,data/jade_bangle_composite_200_v2/images/test/bangle_comp_086_1.jpg,images/test/composite_v2__test__bangle_comp_086_1.jpg,labels/test/composite_v2__test__bangle_comp_086_1.txt
composite_v2,test,test,data/jade_bangle_composite_200_v2/images/test/bangle_comp_086_2.jpg,images/test/composite_v2__test__bangle_comp_086_2.jpg,labels/test/composite_v2__test__bangle_comp_086_2.txt
composite_v2,test,test,data/jade_bangle_composite_200_v2/images/test/bangle_comp_094_1.jpg,images/test/composite_v2__test__bangle_comp_094_1.jpg,labels/test/composite_v2__test__bangle_comp_094_1.txt
composite_v2,test,test,data/jade_bangle_composite_200_v2/images/test/bangle_comp_094_2.jpg,images/test/composite_v2__test__bangle_comp_094_2.jpg,labels/test/composite_v2__test__bangle_comp_094_2.txt
composite_v2,test,test,data/jade_bangle_composite_200_v2/images/test/bangle_comp_096_1.jpg,images/test/composite_v2__test__bangle_comp_096_1.jpg,labels/test/composite_v2__test__bangle_comp_096_1.txt
composite_v2,test,test,data/jade_bangle_composite_200_v2/images/test/bangle_comp_096_2.jpg,images/test/composite_v2__test__bangle_comp_096_2.jpg,labels/test/composite_v2__test__bangle_comp_096_2.txt
composite_v2,test,test,data/jade_bangle_composite_200_v2/images/test/bangle_comp_100_1.jpg,images/test/composite_v2__test__bangle_comp_100_1.jpg,labels/test/composite_v2__test__bangle_comp_100_1.txt
composite_v2,test,test,data/jade_bangle_composite_200_v2/images/test/bangle_comp_100_2.jpg,images/test/composite_v2__test__bangle_comp_100_2.jpg,labels/test/composite_v2__test__bangle_comp_100_2.txt
liveroom_100,train,train,data/generated_jade_bangle_liveroom_100/images/train/bangle_liveroom_001.jpg,images/train/liveroom_100__train__bangle_liveroom_001.jpg,labels/train/liveroom_100__train__bangle_liveroom_001.txt
liveroom_100,train,train,data/generated_jade_bangle_liveroom_100/images/train/bangle_liveroom_002.jpg,images/train/liveroom_100__train__bangle_liveroom_002.jpg,labels/train/liveroom_100__train__bangle_liveroom_002.txt
liveroom_100,train,train,data/generated_jade_bangle_liveroom_100/images/train/bangle_liveroom_003.jpg,images/train/liveroom_100__train__bangle_liveroom_003.jpg,labels/train/liveroom_100__train__bangle_liveroom_003.txt
liveroom_100,train,train,data/generated_jade_bangle_liveroom_100/images/train/bangle_liveroom_004.jpg,images/train/liveroom_100__train__bangle_liveroom_004.jpg,labels/train/liveroom_100__train__bangle_liveroom_004.txt
liveroom_100,train,train,data/generated_jade_bangle_liveroom_100/images/train/bangle_liveroom_005.jpg,images/train/liveroom_100__train__bangle_liveroom_005.jpg,labels/train/liveroom_100__train__bangle_liveroom_005.txt
liveroom_100,train,train,data/generated_jade_bangle_liveroom_100/images/train/bangle_liveroom_006.jpg,images/train/liveroom_100__train__bangle_liveroom_006.jpg,labels/train/liveroom_100__train__bangle_liveroom_006.txt
liveroom_100,train,train,data/generated_jade_bangle_liveroom_100/images/train/bangle_liveroom_007.jpg,images/train/liveroom_100__train__bangle_liveroom_007.jpg,labels/train/liveroom_100__train__bangle_liveroom_007.txt
liveroom_100,train,train,data/generated_jade_bangle_liveroom_100/images/train/bangle_liveroom_008.jpg,images/train/liveroom_100__train__bangle_liveroom_008.jpg,labels/train/liveroom_100__train__bangle_liveroom_008.txt
liveroom_100,train,train,data/generated_jade_bangle_liveroom_100/images/train/bangle_liveroom_009.jpg,images/train/liveroom_100__train__bangle_liveroom_009.jpg,labels/train/liveroom_100__train__bangle_liveroom_009.txt
liveroom_100,train,train,data/generated_jade_bangle_liveroom_100/images/train/bangle_liveroom_011.jpg,images/train/liveroom_100__train__bangle_liveroom_011.jpg,labels/train/liveroom_100__train__bangle_liveroom_011.txt
liveroom_100,train,train,data/generated_jade_bangle_liveroom_100/images/train/bangle_liveroom_012.jpg,images/train/liveroom_100__train__bangle_liveroom_012.jpg,labels/train/liveroom_100__train__bangle_liveroom_012.txt
liveroom_100,train,train,data/generated_jade_bangle_liveroom_100/images/train/bangle_liveroom_013.jpg,images/train/liveroom_100__train__bangle_liveroom_013.jpg,labels/train/liveroom_100__train__bangle_liveroom_013.txt
liveroom_100,train,train,data/generated_jade_bangle_liveroom_100/images/train/bangle_liveroom_014.jpg,images/train/liveroom_100__train__bangle_liveroom_014.jpg,labels/train/liveroom_100__train__bangle_liveroom_014.txt
liveroom_100,train,train,data/generated_jade_bangle_liveroom_100/images/train/bangle_liveroom_015.jpg,images/train/liveroom_100__train__bangle_liveroom_015.jpg,labels/train/liveroom_100__train__bangle_liveroom_015.txt
liveroom_100,train,train,data/generated_jade_bangle_liveroom_100/images/train/bangle_liveroom_016.jpg,images/train/liveroom_100__train__bangle_liveroom_016.jpg,labels/train/liveroom_100__train__bangle_liveroom_016.txt
liveroom_100,train,train,data/generated_jade_bangle_liveroom_100/images/train/bangle_liveroom_017.jpg,images/train/liveroom_100__train__bangle_liveroom_017.jpg,labels/train/liveroom_100__train__bangle_liveroom_017.txt
liveroom_100,train,train,data/generated_jade_bangle_liveroom_100/images/train/bangle_liveroom_018.jpg,images/train/liveroom_100__train__bangle_liveroom_018.jpg,labels/train/liveroom_100__train__bangle_liveroom_018.txt
liveroom_100,train,train,data/generated_jade_bangle_liveroom_100/images/train/bangle_liveroom_019.jpg,images/train/liveroom_100__train__bangle_liveroom_019.jpg,labels/train/liveroom_100__train__bangle_liveroom_019.txt
liveroom_100,train,train,data/generated_jade_bangle_liveroom_100/images/train/bangle_liveroom_021.jpg,images/train/liveroom_100__train__bangle_liveroom_021.jpg,labels/train/liveroom_100__train__bangle_liveroom_021.txt
liveroom_100,train,train,data/generated_jade_bangle_liveroom_100/images/train/bangle_liveroom_022.jpg,images/train/liveroom_100__train__bangle_liveroom_022.jpg,labels/train/liveroom_100__train__bangle_liveroom_022.txt
liveroom_100,train,train,data/generated_jade_bangle_liveroom_100/images/train/bangle_liveroom_023.jpg,images/train/liveroom_100__train__bangle_liveroom_023.jpg,labels/train/liveroom_100__train__bangle_liveroom_023.txt
liveroom_100,train,train,data/generated_jade_bangle_liveroom_100/images/train/bangle_liveroom_024.jpg,images/train/liveroom_100__train__bangle_liveroom_024.jpg,labels/train/liveroom_100__train__bangle_liveroom_024.txt
liveroom_100,train,train,data/generated_jade_bangle_liveroom_100/images/train/bangle_liveroom_025.jpg,images/train/liveroom_100__train__bangle_liveroom_025.jpg,labels/train/liveroom_100__train__bangle_liveroom_025.txt
liveroom_100,train,train,data/generated_jade_bangle_liveroom_100/images/train/bangle_liveroom_026.jpg,images/train/liveroom_100__train__bangle_liveroom_026.jpg,labels/train/liveroom_100__train__bangle_liveroom_026.txt
liveroom_100,train,train,data/generated_jade_bangle_liveroom_100/images/train/bangle_liveroom_027.jpg,images/train/liveroom_100__train__bangle_liveroom_027.jpg,labels/train/liveroom_100__train__bangle_liveroom_027.txt
liveroom_100,train,train,data/generated_jade_bangle_liveroom_100/images/train/bangle_liveroom_028.jpg,images/train/liveroom_100__train__bangle_liveroom_028.jpg,labels/train/liveroom_100__train__bangle_liveroom_028.txt
liveroom_100,train,train,data/generated_jade_bangle_liveroom_100/images/train/bangle_liveroom_029.jpg,images/train/liveroom_100__train__bangle_liveroom_029.jpg,labels/train/liveroom_100__train__bangle_liveroom_029.txt
liveroom_100,train,train,data/generated_jade_bangle_liveroom_100/images/train/bangle_liveroom_031.jpg,images/train/liveroom_100__train__bangle_liveroom_031.jpg,labels/train/liveroom_100__train__bangle_liveroom_031.txt
liveroom_100,train,train,data/generated_jade_bangle_liveroom_100/images/train/bangle_liveroom_032.jpg,images/train/liveroom_100__train__bangle_liveroom_032.jpg,labels/train/liveroom_100__train__bangle_liveroom_032.txt
liveroom_100,train,train,data/generated_jade_bangle_liveroom_100/images/train/bangle_liveroom_033.jpg,images/train/liveroom_100__train__bangle_liveroom_033.jpg,labels/train/liveroom_100__train__bangle_liveroom_033.txt
liveroom_100,train,train,data/generated_jade_bangle_liveroom_100/images/train/bangle_liveroom_034.jpg,images/train/liveroom_100__train__bangle_liveroom_034.jpg,labels/train/liveroom_100__train__bangle_liveroom_034.txt
liveroom_100,train,train,data/generated_jade_bangle_liveroom_100/images/train/bangle_liveroom_035.jpg,images/train/liveroom_100__train__bangle_liveroom_035.jpg,labels/train/liveroom_100__train__bangle_liveroom_035.txt
liveroom_100,train,train,data/generated_jade_bangle_liveroom_100/images/train/bangle_liveroom_036.jpg,images/train/liveroom_100__train__bangle_liveroom_036.jpg,labels/train/liveroom_100__train__bangle_liveroom_036.txt
liveroom_100,train,train,data/generated_jade_bangle_liveroom_100/images/train/bangle_liveroom_037.jpg,images/train/liveroom_100__train__bangle_liveroom_037.jpg,labels/train/liveroom_100__train__bangle_liveroom_037.txt
liveroom_100,train,train,data/generated_jade_bangle_liveroom_100/images/train/bangle_liveroom_038.jpg,images/train/liveroom_100__train__bangle_liveroom_038.jpg,labels/train/liveroom_100__train__bangle_liveroom_038.txt
liveroom_100,train,train,data/generated_jade_bangle_liveroom_100/images/train/bangle_liveroom_039.jpg,images/train/liveroom_100__train__bangle_liveroom_039.jpg,labels/train/liveroom_100__train__bangle_liveroom_039.txt
liveroom_100,train,train,data/generated_jade_bangle_liveroom_100/images/train/bangle_liveroom_041.jpg,images/train/liveroom_100__train__bangle_liveroom_041.jpg,labels/train/liveroom_100__train__bangle_liveroom_041.txt
liveroom_100,train,train,data/generated_jade_bangle_liveroom_100/images/train/bangle_liveroom_042.jpg,images/train/liveroom_100__train__bangle_liveroom_042.jpg,labels/train/liveroom_100__train__bangle_liveroom_042.txt
liveroom_100,train,train,data/generated_jade_bangle_liveroom_100/images/train/bangle_liveroom_043.jpg,images/train/liveroom_100__train__bangle_liveroom_043.jpg,labels/train/liveroom_100__train__bangle_liveroom_043.txt
liveroom_100,train,train,data/generated_jade_bangle_liveroom_100/images/train/bangle_liveroom_044.jpg,images/train/liveroom_100__train__bangle_liveroom_044.jpg,labels/train/liveroom_100__train__bangle_liveroom_044.txt
liveroom_100,train,train,data/generated_jade_bangle_liveroom_100/images/train/bangle_liveroom_045.jpg,images/train/liveroom_100__train__bangle_liveroom_045.jpg,labels/train/liveroom_100__train__bangle_liveroom_045.txt
liveroom_100,train,train,data/generated_jade_bangle_liveroom_100/images/train/bangle_liveroom_046.jpg,images/train/liveroom_100__train__bangle_liveroom_046.jpg,labels/train/liveroom_100__train__bangle_liveroom_046.txt
liveroom_100,train,train,data/generated_jade_bangle_liveroom_100/images/train/bangle_liveroom_047.jpg,images/train/liveroom_100__train__bangle_liveroom_047.jpg,labels/train/liveroom_100__train__bangle_liveroom_047.txt
liveroom_100,train,train,data/generated_jade_bangle_liveroom_100/images/train/bangle_liveroom_048.jpg,images/train/liveroom_100__train__bangle_liveroom_048.jpg,labels/train/liveroom_100__train__bangle_liveroom_048.txt
liveroom_100,train,train,data/generated_jade_bangle_liveroom_100/images/train/bangle_liveroom_049.jpg,images/train/liveroom_100__train__bangle_liveroom_049.jpg,labels/train/liveroom_100__train__bangle_liveroom_049.txt
liveroom_100,train,train,data/generated_jade_bangle_liveroom_100/images/train/bangle_liveroom_051.jpg,images/train/liveroom_100__train__bangle_liveroom_051.jpg,labels/train/liveroom_100__train__bangle_liveroom_051.txt
liveroom_100,train,train,data/generated_jade_bangle_liveroom_100/images/train/bangle_liveroom_052.jpg,images/train/liveroom_100__train__bangle_liveroom_052.jpg,labels/train/liveroom_100__train__bangle_liveroom_052.txt
liveroom_100,train,train,data/generated_jade_bangle_liveroom_100/images/train/bangle_liveroom_053.jpg,images/train/liveroom_100__train__bangle_liveroom_053.jpg,labels/train/liveroom_100__train__bangle_liveroom_053.txt
liveroom_100,train,train,data/generated_jade_bangle_liveroom_100/images/train/bangle_liveroom_054.jpg,images/train/liveroom_100__train__bangle_liveroom_054.jpg,labels/train/liveroom_100__train__bangle_liveroom_054.txt
liveroom_100,train,train,data/generated_jade_bangle_liveroom_100/images/train/bangle_liveroom_055.jpg,images/train/liveroom_100__train__bangle_liveroom_055.jpg,labels/train/liveroom_100__train__bangle_liveroom_055.txt
liveroom_100,train,train,data/generated_jade_bangle_liveroom_100/images/train/bangle_liveroom_056.jpg,images/train/liveroom_100__train__bangle_liveroom_056.jpg,labels/train/liveroom_100__train__bangle_liveroom_056.txt
liveroom_100,train,train,data/generated_jade_bangle_liveroom_100/images/train/bangle_liveroom_057.jpg,images/train/liveroom_100__train__bangle_liveroom_057.jpg,labels/train/liveroom_100__train__bangle_liveroom_057.txt
liveroom_100,train,train,data/generated_jade_bangle_liveroom_100/images/train/bangle_liveroom_058.jpg,images/train/liveroom_100__train__bangle_liveroom_058.jpg,labels/train/liveroom_100__train__bangle_liveroom_058.txt
liveroom_100,train,train,data/generated_jade_bangle_liveroom_100/images/train/bangle_liveroom_059.jpg,images/train/liveroom_100__train__bangle_liveroom_059.jpg,labels/train/liveroom_100__train__bangle_liveroom_059.txt
liveroom_100,train,train,data/generated_jade_bangle_liveroom_100/images/train/bangle_liveroom_061.jpg,images/train/liveroom_100__train__bangle_liveroom_061.jpg,labels/train/liveroom_100__train__bangle_liveroom_061.txt
liveroom_100,train,train,data/generated_jade_bangle_liveroom_100/images/train/bangle_liveroom_062.jpg,images/train/liveroom_100__train__bangle_liveroom_062.jpg,labels/train/liveroom_100__train__bangle_liveroom_062.txt
liveroom_100,train,train,data/generated_jade_bangle_liveroom_100/images/train/bangle_liveroom_063.jpg,images/train/liveroom_100__train__bangle_liveroom_063.jpg,labels/train/liveroom_100__train__bangle_liveroom_063.txt
liveroom_100,train,train,data/generated_jade_bangle_liveroom_100/images/train/bangle_liveroom_064.jpg,images/train/liveroom_100__train__bangle_liveroom_064.jpg,labels/train/liveroom_100__train__bangle_liveroom_064.txt
liveroom_100,train,train,data/generated_jade_bangle_liveroom_100/images/train/bangle_liveroom_065.jpg,images/train/liveroom_100__train__bangle_liveroom_065.jpg,labels/train/liveroom_100__train__bangle_liveroom_065.txt
liveroom_100,train,train,data/generated_jade_bangle_liveroom_100/images/train/bangle_liveroom_066.jpg,images/train/liveroom_100__train__bangle_liveroom_066.jpg,labels/train/liveroom_100__train__bangle_liveroom_066.txt
liveroom_100,train,train,data/generated_jade_bangle_liveroom_100/images/train/bangle_liveroom_067.jpg,images/train/liveroom_100__train__bangle_liveroom_067.jpg,labels/train/liveroom_100__train__bangle_liveroom_067.txt
liveroom_100,train,train,data/generated_jade_bangle_liveroom_100/images/train/bangle_liveroom_068.jpg,images/train/liveroom_100__train__bangle_liveroom_068.jpg,labels/train/liveroom_100__train__bangle_liveroom_068.txt
liveroom_100,train,train,data/generated_jade_bangle_liveroom_100/images/train/bangle_liveroom_069.jpg,images/train/liveroom_100__train__bangle_liveroom_069.jpg,labels/train/liveroom_100__train__bangle_liveroom_069.txt
liveroom_100,train,train,data/generated_jade_bangle_liveroom_100/images/train/bangle_liveroom_071.jpg,images/train/liveroom_100__train__bangle_liveroom_071.jpg,labels/train/liveroom_100__train__bangle_liveroom_071.txt
liveroom_100,train,train,data/generated_jade_bangle_liveroom_100/images/train/bangle_liveroom_072.jpg,images/train/liveroom_100__train__bangle_liveroom_072.jpg,labels/train/liveroom_100__train__bangle_liveroom_072.txt
liveroom_100,train,train,data/generated_jade_bangle_liveroom_100/images/train/bangle_liveroom_073.jpg,images/train/liveroom_100__train__bangle_liveroom_073.jpg,labels/train/liveroom_100__train__bangle_liveroom_073.txt
liveroom_100,train,train,data/generated_jade_bangle_liveroom_100/images/train/bangle_liveroom_074.jpg,images/train/liveroom_100__train__bangle_liveroom_074.jpg,labels/train/liveroom_100__train__bangle_liveroom_074.txt
liveroom_100,train,train,data/generated_jade_bangle_liveroom_100/images/train/bangle_liveroom_075.jpg,images/train/liveroom_100__train__bangle_liveroom_075.jpg,labels/train/liveroom_100__train__bangle_liveroom_075.txt
liveroom_100,train,train,data/generated_jade_bangle_liveroom_100/images/train/bangle_liveroom_076.jpg,images/train/liveroom_100__train__bangle_liveroom_076.jpg,labels/train/liveroom_100__train__bangle_liveroom_076.txt
liveroom_100,train,train,data/generated_jade_bangle_liveroom_100/images/train/bangle_liveroom_077.jpg,images/train/liveroom_100__train__bangle_liveroom_077.jpg,labels/train/liveroom_100__train__bangle_liveroom_077.txt
liveroom_100,train,train,data/generated_jade_bangle_liveroom_100/images/train/bangle_liveroom_078.jpg,images/train/liveroom_100__train__bangle_liveroom_078.jpg,labels/train/liveroom_100__train__bangle_liveroom_078.txt
liveroom_100,train,train,data/generated_jade_bangle_liveroom_100/images/train/bangle_liveroom_079.jpg,images/train/liveroom_100__train__bangle_liveroom_079.jpg,labels/train/liveroom_100__train__bangle_liveroom_079.txt
liveroom_100,train,train,data/generated_jade_bangle_liveroom_100/images/train/bangle_liveroom_081.jpg,images/train/liveroom_100__train__bangle_liveroom_081.jpg,labels/train/liveroom_100__train__bangle_liveroom_081.txt
liveroom_100,train,train,data/generated_jade_bangle_liveroom_100/images/train/bangle_liveroom_082.jpg,images/train/liveroom_100__train__bangle_liveroom_082.jpg,labels/train/liveroom_100__train__bangle_liveroom_082.txt
liveroom_100,train,train,data/generated_jade_bangle_liveroom_100/images/train/bangle_liveroom_083.jpg,images/train/liveroom_100__train__bangle_liveroom_083.jpg,labels/train/liveroom_100__train__bangle_liveroom_083.txt
liveroom_100,train,train,data/generated_jade_bangle_liveroom_100/images/train/bangle_liveroom_084.jpg,images/train/liveroom_100__train__bangle_liveroom_084.jpg,labels/train/liveroom_100__train__bangle_liveroom_084.txt
liveroom_100,train,train,data/generated_jade_bangle_liveroom_100/images/train/bangle_liveroom_085.jpg,images/train/liveroom_100__train__bangle_liveroom_085.jpg,labels/train/liveroom_100__train__bangle_liveroom_085.txt
liveroom_100,train,train,data/generated_jade_bangle_liveroom_100/images/train/bangle_liveroom_086.jpg,images/train/liveroom_100__train__bangle_liveroom_086.jpg,labels/train/liveroom_100__train__bangle_liveroom_086.txt
liveroom_100,train,train,data/generated_jade_bangle_liveroom_100/images/train/bangle_liveroom_087.jpg,images/train/liveroom_100__train__bangle_liveroom_087.jpg,labels/train/liveroom_100__train__bangle_liveroom_087.txt
liveroom_100,train,train,data/generated_jade_bangle_liveroom_100/images/train/bangle_liveroom_088.jpg,images/train/liveroom_100__train__bangle_liveroom_088.jpg,labels/train/liveroom_100__train__bangle_liveroom_088.txt
liveroom_100,train,train,data/generated_jade_bangle_liveroom_100/images/train/bangle_liveroom_089.jpg,images/train/liveroom_100__train__bangle_liveroom_089.jpg,labels/train/liveroom_100__train__bangle_liveroom_089.txt
liveroom_100,train,train,data/generated_jade_bangle_liveroom_100/images/train/bangle_liveroom_091.jpg,images/train/liveroom_100__train__bangle_liveroom_091.jpg,labels/train/liveroom_100__train__bangle_liveroom_091.txt
liveroom_100,train,train,data/generated_jade_bangle_liveroom_100/images/train/bangle_liveroom_092.jpg,images/train/liveroom_100__train__bangle_liveroom_092.jpg,labels/train/liveroom_100__train__bangle_liveroom_092.txt
liveroom_100,train,train,data/generated_jade_bangle_liveroom_100/images/train/bangle_liveroom_093.jpg,images/train/liveroom_100__train__bangle_liveroom_093.jpg,labels/train/liveroom_100__train__bangle_liveroom_093.txt
liveroom_100,train,train,data/generated_jade_bangle_liveroom_100/images/train/bangle_liveroom_094.jpg,images/train/liveroom_100__train__bangle_liveroom_094.jpg,labels/train/liveroom_100__train__bangle_liveroom_094.txt
liveroom_100,train,train,data/generated_jade_bangle_liveroom_100/images/train/bangle_liveroom_095.jpg,images/train/liveroom_100__train__bangle_liveroom_095.jpg,labels/train/liveroom_100__train__bangle_liveroom_095.txt
liveroom_100,train,train,data/generated_jade_bangle_liveroom_100/images/train/bangle_liveroom_096.jpg,images/train/liveroom_100__train__bangle_liveroom_096.jpg,labels/train/liveroom_100__train__bangle_liveroom_096.txt
liveroom_100,train,train,data/generated_jade_bangle_liveroom_100/images/train/bangle_liveroom_097.jpg,images/train/liveroom_100__train__bangle_liveroom_097.jpg,labels/train/liveroom_100__train__bangle_liveroom_097.txt
liveroom_100,train,train,data/generated_jade_bangle_liveroom_100/images/train/bangle_liveroom_098.jpg,images/train/liveroom_100__train__bangle_liveroom_098.jpg,labels/train/liveroom_100__train__bangle_liveroom_098.txt
liveroom_100,train,train,data/generated_jade_bangle_liveroom_100/images/train/bangle_liveroom_099.jpg,images/train/liveroom_100__train__bangle_liveroom_099.jpg,labels/train/liveroom_100__train__bangle_liveroom_099.txt
liveroom_100,val,val,data/generated_jade_bangle_liveroom_100/images/val/bangle_liveroom_010.jpg,images/val/liveroom_100__val__bangle_liveroom_010.jpg,labels/val/liveroom_100__val__bangle_liveroom_010.txt
liveroom_100,val,val,data/generated_jade_bangle_liveroom_100/images/val/bangle_liveroom_020.jpg,images/val/liveroom_100__val__bangle_liveroom_020.jpg,labels/val/liveroom_100__val__bangle_liveroom_020.txt
liveroom_100,val,val,data/generated_jade_bangle_liveroom_100/images/val/bangle_liveroom_030.jpg,images/val/liveroom_100__val__bangle_liveroom_030.jpg,labels/val/liveroom_100__val__bangle_liveroom_030.txt
liveroom_100,val,val,data/generated_jade_bangle_liveroom_100/images/val/bangle_liveroom_040.jpg,images/val/liveroom_100__val__bangle_liveroom_040.jpg,labels/val/liveroom_100__val__bangle_liveroom_040.txt
liveroom_100,val,val,data/generated_jade_bangle_liveroom_100/images/val/bangle_liveroom_050.jpg,images/val/liveroom_100__val__bangle_liveroom_050.jpg,labels/val/liveroom_100__val__bangle_liveroom_050.txt
liveroom_100,val,val,data/generated_jade_bangle_liveroom_100/images/val/bangle_liveroom_060.jpg,images/val/liveroom_100__val__bangle_liveroom_060.jpg,labels/val/liveroom_100__val__bangle_liveroom_060.txt
liveroom_100,val,val,data/generated_jade_bangle_liveroom_100/images/val/bangle_liveroom_070.jpg,images/val/liveroom_100__val__bangle_liveroom_070.jpg,labels/val/liveroom_100__val__bangle_liveroom_070.txt
liveroom_100,val,val,data/generated_jade_bangle_liveroom_100/images/val/bangle_liveroom_080.jpg,images/val/liveroom_100__val__bangle_liveroom_080.jpg,labels/val/liveroom_100__val__bangle_liveroom_080.txt
liveroom_100,val,val,data/generated_jade_bangle_liveroom_100/images/val/bangle_liveroom_090.jpg,images/val/liveroom_100__val__bangle_liveroom_090.jpg,labels/val/liveroom_100__val__bangle_liveroom_090.txt
liveroom_100,val,val,data/generated_jade_bangle_liveroom_100/images/val/bangle_liveroom_100.jpg,images/val/liveroom_100__val__bangle_liveroom_100.jpg,labels/val/liveroom_100__val__bangle_liveroom_100.txt
low_conf_300,train,train,data/jade_low_conf_typical_aug_300/images/train/low_conf_typical_01_01.jpg,images/train/low_conf_300__train__low_conf_typical_01_01.jpg,labels/train/low_conf_300__train__low_conf_typical_01_01.txt
low_conf_300,train,train,data/jade_low_conf_typical_aug_300/images/train/low_conf_typical_01_02.jpg,images/train/low_conf_300__train__low_conf_typical_01_02.jpg,labels/train/low_conf_300__train__low_conf_typical_01_02.txt
low_conf_300,train,train,data/jade_low_conf_typical_aug_300/images/train/low_conf_typical_01_03.jpg,images/train/low_conf_300__train__low_conf_typical_01_03.jpg,labels/train/low_conf_300__train__low_conf_typical_01_03.txt
low_conf_300,train,train,data/jade_low_conf_typical_aug_300/images/train/low_conf_typical_01_04.jpg,images/train/low_conf_300__train__low_conf_typical_01_04.jpg,labels/train/low_conf_300__train__low_conf_typical_01_04.txt
low_conf_300,train,train,data/jade_low_conf_typical_aug_300/images/train/low_conf_typical_01_05.jpg,images/train/low_conf_300__train__low_conf_typical_01_05.jpg,labels/train/low_conf_300__train__low_conf_typical_01_05.txt
low_conf_300,train,train,data/jade_low_conf_typical_aug_300/images/train/low_conf_typical_01_06.jpg,images/train/low_conf_300__train__low_conf_typical_01_06.jpg,labels/train/low_conf_300__train__low_conf_typical_01_06.txt
low_conf_300,train,train,data/jade_low_conf_typical_aug_300/images/train/low_conf_typical_01_07.jpg,images/train/low_conf_300__train__low_conf_typical_01_07.jpg,labels/train/low_conf_300__train__low_conf_typical_01_07.txt
low_conf_300,train,train,data/jade_low_conf_typical_aug_300/images/train/low_conf_typical_01_08.jpg,images/train/low_conf_300__train__low_conf_typical_01_08.jpg,labels/train/low_conf_300__train__low_conf_typical_01_08.txt
low_conf_300,train,train,data/jade_low_conf_typical_aug_300/images/train/low_conf_typical_01_09.jpg,images/train/low_conf_300__train__low_conf_typical_01_09.jpg,labels/train/low_conf_300__train__low_conf_typical_01_09.txt
low_conf_300,train,train,data/jade_low_conf_typical_aug_300/images/train/low_conf_typical_01_10.jpg,images/train/low_conf_300__train__low_conf_typical_01_10.jpg,labels/train/low_conf_300__train__low_conf_typical_01_10.txt
low_conf_300,train,train,data/jade_low_conf_typical_aug_300/images/train/low_conf_typical_01_11.jpg,images/train/low_conf_300__train__low_conf_typical_01_11.jpg,labels/train/low_conf_300__train__low_conf_typical_01_11.txt
low_conf_300,train,train,data/jade_low_conf_typical_aug_300/images/train/low_conf_typical_01_12.jpg,images/train/low_conf_300__train__low_conf_typical_01_12.jpg,labels/train/low_conf_300__train__low_conf_typical_01_12.txt
low_conf_300,train,train,data/jade_low_conf_typical_aug_300/images/train/low_conf_typical_01_13.jpg,images/train/low_conf_300__train__low_conf_typical_01_13.jpg,labels/train/low_conf_300__train__low_conf_typical_01_13.txt
low_conf_300,train,train,data/jade_low_conf_typical_aug_300/images/train/low_conf_typical_01_14.jpg,images/train/low_conf_300__train__low_conf_typical_01_14.jpg,labels/train/low_conf_300__train__low_conf_typical_01_14.txt
low_conf_300,train,train,data/jade_low_conf_typical_aug_300/images/train/low_conf_typical_01_15.jpg,images/train/low_conf_300__train__low_conf_typical_01_15.jpg,labels/train/low_conf_300__train__low_conf_typical_01_15.txt
low_conf_300,train,train,data/jade_low_conf_typical_aug_300/images/train/low_conf_typical_01_16.jpg,images/train/low_conf_300__train__low_conf_typical_01_16.jpg,labels/train/low_conf_300__train__low_conf_typical_01_16.txt
low_conf_300,train,train,data/jade_low_conf_typical_aug_300/images/train/low_conf_typical_01_17.jpg,images/train/low_conf_300__train__low_conf_typical_01_17.jpg,labels/train/low_conf_300__train__low_conf_typical_01_17.txt
low_conf_300,train,train,data/jade_low_conf_typical_aug_300/images/train/low_conf_typical_02_01.jpg,images/train/low_conf_300__train__low_conf_typical_02_01.jpg,labels/train/low_conf_300__train__low_conf_typical_02_01.txt
low_conf_300,train,train,data/jade_low_conf_typical_aug_300/images/train/low_conf_typical_02_02.jpg,images/train/low_conf_300__train__low_conf_typical_02_02.jpg,labels/train/low_conf_300__train__low_conf_typical_02_02.txt
low_conf_300,train,train,data/jade_low_conf_typical_aug_300/images/train/low_conf_typical_02_03.jpg,images/train/low_conf_300__train__low_conf_typical_02_03.jpg,labels/train/low_conf_300__train__low_conf_typical_02_03.txt
low_conf_300,train,train,data/jade_low_conf_typical_aug_300/images/train/low_conf_typical_02_04.jpg,images/train/low_conf_300__train__low_conf_typical_02_04.jpg,labels/train/low_conf_300__train__low_conf_typical_02_04.txt
low_conf_300,train,train,data/jade_low_conf_typical_aug_300/images/train/low_conf_typical_02_05.jpg,images/train/low_conf_300__train__low_conf_typical_02_05.jpg,labels/train/low_conf_300__train__low_conf_typical_02_05.txt
low_conf_300,train,train,data/jade_low_conf_typical_aug_300/images/train/low_conf_typical_02_06.jpg,images/train/low_conf_300__train__low_conf_typical_02_06.jpg,labels/train/low_conf_300__train__low_conf_typical_02_06.txt
low_conf_300,train,train,data/jade_low_conf_typical_aug_300/images/train/low_conf_typical_02_07.jpg,images/train/low_conf_300__train__low_conf_typical_02_07.jpg,labels/train/low_conf_300__train__low_conf_typical_02_07.txt
low_conf_300,train,train,data/jade_low_conf_typical_aug_300/images/train/low_conf_typical_02_08.jpg,images/train/low_conf_300__train__low_conf_typical_02_08.jpg,labels/train/low_conf_300__train__low_conf_typical_02_08.txt
low_conf_300,train,train,data/jade_low_conf_typical_aug_300/images/train/low_conf_typical_02_09.jpg,images/train/low_conf_300__train__low_conf_typical_02_09.jpg,labels/train/low_conf_300__train__low_conf_typical_02_09.txt
low_conf_300,train,train,data/jade_low_conf_typical_aug_300/images/train/low_conf_typical_02_10.jpg,images/train/low_conf_300__train__low_conf_typical_02_10.jpg,labels/train/low_conf_300__train__low_conf_typical_02_10.txt
low_conf_300,train,train,data/jade_low_conf_typical_aug_300/images/train/low_conf_typical_02_11.jpg,images/train/low_conf_300__train__low_conf_typical_02_11.jpg,labels/train/low_conf_300__train__low_conf_typical_02_11.txt
low_conf_300,train,train,data/jade_low_conf_typical_aug_300/images/train/low_conf_typical_02_12.jpg,images/train/low_conf_300__train__low_conf_typical_02_12.jpg,labels/train/low_conf_300__train__low_conf_typical_02_12.txt
low_conf_300,train,train,data/jade_low_conf_typical_aug_300/images/train/low_conf_typical_02_13.jpg,images/train/low_conf_300__train__low_conf_typical_02_13.jpg,labels/train/low_conf_300__train__low_conf_typical_02_13.txt
low_conf_300,train,train,data/jade_low_conf_typical_aug_300/images/train/low_conf_typical_02_14.jpg,images/train/low_conf_300__train__low_conf_typical_02_14.jpg,labels/train/low_conf_300__train__low_conf_typical_02_14.txt
low_conf_300,train,train,data/jade_low_conf_typical_aug_300/images/train/low_conf_typical_02_15.jpg,images/train/low_conf_300__train__low_conf_typical_02_15.jpg,labels/train/low_conf_300__train__low_conf_typical_02_15.txt
low_conf_300,train,train,data/jade_low_conf_typical_aug_300/images/train/low_conf_typical_02_16.jpg,images/train/low_conf_300__train__low_conf_typical_02_16.jpg,labels/train/low_conf_300__train__low_conf_typical_02_16.txt
low_conf_300,train,train,data/jade_low_conf_typical_aug_300/images/train/low_conf_typical_02_17.jpg,images/train/low_conf_300__train__low_conf_typical_02_17.jpg,labels/train/low_conf_300__train__low_conf_typical_02_17.txt
low_conf_300,train,train,data/jade_low_conf_typical_aug_300/images/train/low_conf_typical_03_01.jpg,images/train/low_conf_300__train__low_conf_typical_03_01.jpg,labels/train/low_conf_300__train__low_conf_typical_03_01.txt
low_conf_300,train,train,data/jade_low_conf_typical_aug_300/images/train/low_conf_typical_03_02.jpg,images/train/low_conf_300__train__low_conf_typical_03_02.jpg,labels/train/low_conf_300__train__low_conf_typical_03_02.txt
low_conf_300,train,train,data/jade_low_conf_typical_aug_300/images/train/low_conf_typical_03_03.jpg,images/train/low_conf_300__train__low_conf_typical_03_03.jpg,labels/train/low_conf_300__train__low_conf_typical_03_03.txt
low_conf_300,train,train,data/jade_low_conf_typical_aug_300/images/train/low_conf_typical_03_04.jpg,images/train/low_conf_300__train__low_conf_typical_03_04.jpg,labels/train/low_conf_300__train__low_conf_typical_03_04.txt
low_conf_300,train,train,data/jade_low_conf_typical_aug_300/images/train/low_conf_typical_03_05.jpg,images/train/low_conf_300__train__low_conf_typical_03_05.jpg,labels/train/low_conf_300__train__low_conf_typical_03_05.txt
low_conf_300,train,train,data/jade_low_conf_typical_aug_300/images/train/low_conf_typical_03_06.jpg,images/train/low_conf_300__train__low_conf_typical_03_06.jpg,labels/train/low_conf_300__train__low_conf_typical_03_06.txt
low_conf_300,train,train,data/jade_low_conf_typical_aug_300/images/train/low_conf_typical_03_07.jpg,images/train/low_conf_300__train__low_conf_typical_03_07.jpg,labels/train/low_conf_300__train__low_conf_typical_03_07.txt
low_conf_300,train,train,data/jade_low_conf_typical_aug_300/images/train/low_conf_typical_03_08.jpg,images/train/low_conf_300__train__low_conf_typical_03_08.jpg,labels/train/low_conf_300__train__low_conf_typical_03_08.txt
low_conf_300,train,train,data/jade_low_conf_typical_aug_300/images/train/low_conf_typical_03_09.jpg,images/train/low_conf_300__train__low_conf_typical_03_09.jpg,labels/train/low_conf_300__train__low_conf_typical_03_09.txt
low_conf_300,train,train,data/jade_low_conf_typical_aug_300/images/train/low_conf_typical_03_10.jpg,images/train/low_conf_300__train__low_conf_typical_03_10.jpg,labels/train/low_conf_300__train__low_conf_typical_03_10.txt
low_conf_300,train,train,data/jade_low_conf_typical_aug_300/images/train/low_conf_typical_03_11.jpg,images/train/low_conf_300__train__low_conf_typical_03_11.jpg,labels/train/low_conf_300__train__low_conf_typical_03_11.txt
low_conf_300,train,train,data/jade_low_conf_typical_aug_300/images/train/low_conf_typical_03_12.jpg,images/train/low_conf_300__train__low_conf_typical_03_12.jpg,labels/train/low_conf_300__train__low_conf_typical_03_12.txt
low_conf_300,train,train,data/jade_low_conf_typical_aug_300/images/train/low_conf_typical_03_13.jpg,images/train/low_conf_300__train__low_conf_typical_03_13.jpg,labels/train/low_conf_300__train__low_conf_typical_03_13.txt
low_conf_300,train,train,data/jade_low_conf_typical_aug_300/images/train/low_conf_typical_03_14.jpg,images/train/low_conf_300__train__low_conf_typical_03_14.jpg,labels/train/low_conf_300__train__low_conf_typical_03_14.txt
low_conf_300,train,train,data/jade_low_conf_typical_aug_300/images/train/low_conf_typical_03_15.jpg,images/train/low_conf_300__train__low_conf_typical_03_15.jpg,labels/train/low_conf_300__train__low_conf_typical_03_15.txt
low_conf_300,train,train,data/jade_low_conf_typical_aug_300/images/train/low_conf_typical_03_16.jpg,images/train/low_conf_300__train__low_conf_typical_03_16.jpg,labels/train/low_conf_300__train__low_conf_typical_03_16.txt
low_conf_300,train,train,data/jade_low_conf_typical_aug_300/images/train/low_conf_typical_03_17.jpg,images/train/low_conf_300__train__low_conf_typical_03_17.jpg,labels/train/low_conf_300__train__low_conf_typical_03_17.txt
low_conf_300,train,train,data/jade_low_conf_typical_aug_300/images/train/low_conf_typical_04_01.jpg,images/train/low_conf_300__train__low_conf_typical_04_01.jpg,labels/train/low_conf_300__train__low_conf_typical_04_01.txt
low_conf_300,train,train,data/jade_low_conf_typical_aug_300/images/train/low_conf_typical_04_02.jpg,images/train/low_conf_300__train__low_conf_typical_04_02.jpg,labels/train/low_conf_300__train__low_conf_typical_04_02.txt
low_conf_300,train,train,data/jade_low_conf_typical_aug_300/images/train/low_conf_typical_04_03.jpg,images/train/low_conf_300__train__low_conf_typical_04_03.jpg,labels/train/low_conf_300__train__low_conf_typical_04_03.txt
low_conf_300,train,train,data/jade_low_conf_typical_aug_300/images/train/low_conf_typical_04_04.jpg,images/train/low_conf_300__train__low_conf_typical_04_04.jpg,labels/train/low_conf_300__train__low_conf_typical_04_04.txt
low_conf_300,train,train,data/jade_low_conf_typical_aug_300/images/train/low_conf_typical_04_05.jpg,images/train/low_conf_300__train__low_conf_typical_04_05.jpg,labels/train/low_conf_300__train__low_conf_typical_04_05.txt
low_conf_300,train,train,data/jade_low_conf_typical_aug_300/images/train/low_conf_typical_04_06.jpg,images/train/low_conf_300__train__low_conf_typical_04_06.jpg,labels/train/low_conf_300__train__low_conf_typical_04_06.txt
low_conf_300,train,train,data/jade_low_conf_typical_aug_300/images/train/low_conf_typical_04_07.jpg,images/train/low_conf_300__train__low_conf_typical_04_07.jpg,labels/train/low_conf_300__train__low_conf_typical_04_07.txt
low_conf_300,train,train,data/jade_low_conf_typical_aug_300/images/train/low_conf_typical_04_08.jpg,images/train/low_conf_300__train__low_conf_typical_04_08.jpg,labels/train/low_conf_300__train__low_conf_typical_04_08.txt
low_conf_300,train,train,data/jade_low_conf_typical_aug_300/images/train/low_conf_typical_04_09.jpg,images/train/low_conf_300__train__low_conf_typical_04_09.jpg,labels/train/low_conf_300__train__low_conf_typical_04_09.txt
low_conf_300,train,train,data/jade_low_conf_typical_aug_300/images/train/low_conf_typical_04_10.jpg,images/train/low_conf_300__train__low_conf_typical_04_10.jpg,labels/train/low_conf_300__train__low_conf_typical_04_10.txt
low_conf_300,train,train,data/jade_low_conf_typical_aug_300/images/train/low_conf_typical_04_11.jpg,images/train/low_conf_300__train__low_conf_typical_04_11.jpg,labels/train/low_conf_300__train__low_conf_typical_04_11.txt
low_conf_300,train,train,data/jade_low_conf_typical_aug_300/images/train/low_conf_typical_04_12.jpg,images/train/low_conf_300__train__low_conf_typical_04_12.jpg,labels/train/low_conf_300__train__low_conf_typical_04_12.txt
low_conf_300,train,train,data/jade_low_conf_typical_aug_300/images/train/low_conf_typical_04_13.jpg,images/train/low_conf_300__train__low_conf_typical_04_13.jpg,labels/train/low_conf_300__train__low_conf_typical_04_13.txt
low_conf_300,train,train,data/jade_low_conf_typical_aug_300/images/train/low_conf_typical_04_14.jpg,images/train/low_conf_300__train__low_conf_typical_04_14.jpg,labels/train/low_conf_300__train__low_conf_typical_04_14.txt
low_conf_300,train,train,data/jade_low_conf_typical_aug_300/images/train/low_conf_typical_04_15.jpg,images/train/low_conf_300__train__low_conf_typical_04_15.jpg,labels/train/low_conf_300__train__low_conf_typical_04_15.txt
low_conf_300,train,train,data/jade_low_conf_typical_aug_300/images/train/low_conf_typical_04_16.jpg,images/train/low_conf_300__train__low_conf_typical_04_16.jpg,labels/train/low_conf_300__train__low_conf_typical_04_16.txt
low_conf_300,train,train,data/jade_low_conf_typical_aug_300/images/train/low_conf_typical_04_17.jpg,images/train/low_conf_300__train__low_conf_typical_04_17.jpg,labels/train/low_conf_300__train__low_conf_typical_04_17.txt
low_conf_300,train,train,data/jade_low_conf_typical_aug_300/images/train/low_conf_typical_04_18.jpg,images/train/low_conf_300__train__low_conf_typical_04_18.jpg,labels/train/low_conf_300__train__low_conf_typical_04_18.txt
low_conf_300,train,train,data/jade_low_conf_typical_aug_300/images/train/low_conf_typical_04_19.jpg,images/train/low_conf_300__train__low_conf_typical_04_19.jpg,labels/train/low_conf_300__train__low_conf_typical_04_19.txt
low_conf_300,train,train,data/jade_low_conf_typical_aug_300/images/train/low_conf_typical_04_20.jpg,images/train/low_conf_300__train__low_conf_typical_04_20.jpg,labels/train/low_conf_300__train__low_conf_typical_04_20.txt
low_conf_300,train,train,data/jade_low_conf_typical_aug_300/images/train/low_conf_typical_04_21.jpg,images/train/low_conf_300__train__low_conf_typical_04_21.jpg,labels/train/low_conf_300__train__low_conf_typical_04_21.txt
low_conf_300,train,train,data/jade_low_conf_typical_aug_300/images/train/low_conf_typical_04_22.jpg,images/train/low_conf_300__train__low_conf_typical_04_22.jpg,labels/train/low_conf_300__train__low_conf_typical_04_22.txt
low_conf_300,train,train,data/jade_low_conf_typical_aug_300/images/train/low_conf_typical_04_23.jpg,images/train/low_conf_300__train__low_conf_typical_04_23.jpg,labels/train/low_conf_300__train__low_conf_typical_04_23.txt
low_conf_300,train,train,data/jade_low_conf_typical_aug_300/images/train/low_conf_typical_04_24.jpg,images/train/low_conf_300__train__low_conf_typical_04_24.jpg,labels/train/low_conf_300__train__low_conf_typical_04_24.txt
low_conf_300,train,train,data/jade_low_conf_typical_aug_300/images/train/low_conf_typical_04_25.jpg,images/train/low_conf_300__train__low_conf_typical_04_25.jpg,labels/train/low_conf_300__train__low_conf_typical_04_25.txt
low_conf_300,train,train,data/jade_low_conf_typical_aug_300/images/train/low_conf_typical_04_26.jpg,images/train/low_conf_300__train__low_conf_typical_04_26.jpg,labels/train/low_conf_300__train__low_conf_typical_04_26.txt
low_conf_300,train,train,data/jade_low_conf_typical_aug_300/images/train/low_conf_typical_04_27.jpg,images/train/low_conf_300__train__low_conf_typical_04_27.jpg,labels/train/low_conf_300__train__low_conf_typical_04_27.txt
low_conf_300,train,train,data/jade_low_conf_typical_aug_300/images/train/low_conf_typical_04_28.jpg,images/train/low_conf_300__train__low_conf_typical_04_28.jpg,labels/train/low_conf_300__train__low_conf_typical_04_28.txt
low_conf_300,train,train,data/jade_low_conf_typical_aug_300/images/train/low_conf_typical_04_29.jpg,images/train/low_conf_300__train__low_conf_typical_04_29.jpg,labels/train/low_conf_300__train__low_conf_typical_04_29.txt
low_conf_300,train,train,data/jade_low_conf_typical_aug_300/images/train/low_conf_typical_04_30.jpg,images/train/low_conf_300__train__low_conf_typical_04_30.jpg,labels/train/low_conf_300__train__low_conf_typical_04_30.txt
low_conf_300,train,train,data/jade_low_conf_typical_aug_300/images/train/low_conf_typical_04_31.jpg,images/train/low_conf_300__train__low_conf_typical_04_31.jpg,labels/train/low_conf_300__train__low_conf_typical_04_31.txt
low_conf_300,train,train,data/jade_low_conf_typical_aug_300/images/train/low_conf_typical_04_32.jpg,images/train/low_conf_300__train__low_conf_typical_04_32.jpg,labels/train/low_conf_300__train__low_conf_typical_04_32.txt
low_conf_300,train,train,data/jade_low_conf_typical_aug_300/images/train/low_conf_typical_04_33.jpg,images/train/low_conf_300__train__low_conf_typical_04_33.jpg,labels/train/low_conf_300__train__low_conf_typical_04_33.txt
low_conf_300,train,train,data/jade_low_conf_typical_aug_300/images/train/low_conf_typical_04_34.jpg,images/train/low_conf_300__train__low_conf_typical_04_34.jpg,labels/train/low_conf_300__train__low_conf_typical_04_34.txt
low_conf_300,train,train,data/jade_low_conf_typical_aug_300/images/train/low_conf_typical_04_35.jpg,images/train/low_conf_300__train__low_conf_typical_04_35.jpg,labels/train/low_conf_300__train__low_conf_typical_04_35.txt
low_conf_300,train,train,data/jade_low_conf_typical_aug_300/images/train/low_conf_typical_04_36.jpg,images/train/low_conf_300__train__low_conf_typical_04_36.jpg,labels/train/low_conf_300__train__low_conf_typical_04_36.txt
low_conf_300,train,train,data/jade_low_conf_typical_aug_300/images/train/low_conf_typical_04_37.jpg,images/train/low_conf_300__train__low_conf_typical_04_37.jpg,labels/train/low_conf_300__train__low_conf_typical_04_37.txt
low_conf_300,train,train,data/jade_low_conf_typical_aug_300/images/train/low_conf_typical_04_38.jpg,images/train/low_conf_300__train__low_conf_typical_04_38.jpg,labels/train/low_conf_300__train__low_conf_typical_04_38.txt
low_conf_300,train,train,data/jade_low_conf_typical_aug_300/images/train/low_conf_typical_04_39.jpg,images/train/low_conf_300__train__low_conf_typical_04_39.jpg,labels/train/low_conf_300__train__low_conf_typical_04_39.txt
low_conf_300,train,train,data/jade_low_conf_typical_aug_300/images/train/low_conf_typical_04_40.jpg,images/train/low_conf_300__train__low_conf_typical_04_40.jpg,labels/train/low_conf_300__train__low_conf_typical_04_40.txt
low_conf_300,train,train,data/jade_low_conf_typical_aug_300/images/train/low_conf_typical_04_41.jpg,images/train/low_conf_300__train__low_conf_typical_04_41.jpg,labels/train/low_conf_300__train__low_conf_typical_04_41.txt
low_conf_300,train,train,data/jade_low_conf_typical_aug_300/images/train/low_conf_typical_04_42.jpg,images/train/low_conf_300__train__low_conf_typical_04_42.jpg,labels/train/low_conf_300__train__low_conf_typical_04_42.txt
low_conf_300,train,train,data/jade_low_conf_typical_aug_300/images/train/low_conf_typical_04_43.jpg,images/train/low_conf_300__train__low_conf_typical_04_43.jpg,labels/train/low_conf_300__train__low_conf_typical_04_43.txt
low_conf_300,train,train,data/jade_low_conf_typical_aug_300/images/train/low_conf_typical_04_44.jpg,images/train/low_conf_300__train__low_conf_typical_04_44.jpg,labels/train/low_conf_300__train__low_conf_typical_04_44.txt
low_conf_300,train,train,data/jade_low_conf_typical_aug_300/images/train/low_conf_typical_04_45.jpg,images/train/low_conf_300__train__low_conf_typical_04_45.jpg,labels/train/low_conf_300__train__low_conf_typical_04_45.txt
low_conf_300,train,train,data/jade_low_conf_typical_aug_300/images/train/low_conf_typical_04_46.jpg,images/train/low_conf_300__train__low_conf_typical_04_46.jpg,labels/train/low_conf_300__train__low_conf_typical_04_46.txt
low_conf_300,train,train,data/jade_low_conf_typical_aug_300/images/train/low_conf_typical_04_47.jpg,images/train/low_conf_300__train__low_conf_typical_04_47.jpg,labels/train/low_conf_300__train__low_conf_typical_04_47.txt
low_conf_300,train,train,data/jade_low_conf_typical_aug_300/images/train/low_conf_typical_04_48.jpg,images/train/low_conf_300__train__low_conf_typical_04_48.jpg,labels/train/low_conf_300__train__low_conf_typical_04_48.txt
low_conf_300,train,train,data/jade_low_conf_typical_aug_300/images/train/low_conf_typical_04_49.jpg,images/train/low_conf_300__train__low_conf_typical_04_49.jpg,labels/train/low_conf_300__train__low_conf_typical_04_49.txt
low_conf_300,train,train,data/jade_low_conf_typical_aug_300/images/train/low_conf_typical_04_50.jpg,images/train/low_conf_300__train__low_conf_typical_04_50.jpg,labels/train/low_conf_300__train__low_conf_typical_04_50.txt
low_conf_300,train,train,data/jade_low_conf_typical_aug_300/images/train/low_conf_typical_04_51.jpg,images/train/low_conf_300__train__low_conf_typical_04_51.jpg,labels/train/low_conf_300__train__low_conf_typical_04_51.txt
low_conf_300,train,train,data/jade_low_conf_typical_aug_300/images/train/low_conf_typical_04_52.jpg,images/train/low_conf_300__train__low_conf_typical_04_52.jpg,labels/train/low_conf_300__train__low_conf_typical_04_52.txt
low_conf_300,train,train,data/jade_low_conf_typical_aug_300/images/train/low_conf_typical_04_53.jpg,images/train/low_conf_300__train__low_conf_typical_04_53.jpg,labels/train/low_conf_300__train__low_conf_typical_04_53.txt
low_conf_300,train,train,data/jade_low_conf_typical_aug_300/images/train/low_conf_typical_04_54.jpg,images/train/low_conf_300__train__low_conf_typical_04_54.jpg,labels/train/low_conf_300__train__low_conf_typical_04_54.txt
low_conf_300,train,train,data/jade_low_conf_typical_aug_300/images/train/low_conf_typical_04_55.jpg,images/train/low_conf_300__train__low_conf_typical_04_55.jpg,labels/train/low_conf_300__train__low_conf_typical_04_55.txt
low_conf_300,train,train,data/jade_low_conf_typical_aug_300/images/train/low_conf_typical_04_56.jpg,images/train/low_conf_300__train__low_conf_typical_04_56.jpg,labels/train/low_conf_300__train__low_conf_typical_04_56.txt
low_conf_300,train,train,data/jade_low_conf_typical_aug_300/images/train/low_conf_typical_04_57.jpg,images/train/low_conf_300__train__low_conf_typical_04_57.jpg,labels/train/low_conf_300__train__low_conf_typical_04_57.txt
low_conf_300,train,train,data/jade_low_conf_typical_aug_300/images/train/low_conf_typical_05_01.jpg,images/train/low_conf_300__train__low_conf_typical_05_01.jpg,labels/train/low_conf_300__train__low_conf_typical_05_01.txt
low_conf_300,train,train,data/jade_low_conf_typical_aug_300/images/train/low_conf_typical_05_02.jpg,images/train/low_conf_300__train__low_conf_typical_05_02.jpg,labels/train/low_conf_300__train__low_conf_typical_05_02.txt
low_conf_300,train,train,data/jade_low_conf_typical_aug_300/images/train/low_conf_typical_05_03.jpg,images/train/low_conf_300__train__low_conf_typical_05_03.jpg,labels/train/low_conf_300__train__low_conf_typical_05_03.txt
low_conf_300,train,train,data/jade_low_conf_typical_aug_300/images/train/low_conf_typical_05_04.jpg,images/train/low_conf_300__train__low_conf_typical_05_04.jpg,labels/train/low_conf_300__train__low_conf_typical_05_04.txt
low_conf_300,train,train,data/jade_low_conf_typical_aug_300/images/train/low_conf_typical_05_05.jpg,images/train/low_conf_300__train__low_conf_typical_05_05.jpg,labels/train/low_conf_300__train__low_conf_typical_05_05.txt
low_conf_300,train,train,data/jade_low_conf_typical_aug_300/images/train/low_conf_typical_05_06.jpg,images/train/low_conf_300__train__low_conf_typical_05_06.jpg,labels/train/low_conf_300__train__low_conf_typical_05_06.txt
low_conf_300,train,train,data/jade_low_conf_typical_aug_300/images/train/low_conf_typical_05_07.jpg,images/train/low_conf_300__train__low_conf_typical_05_07.jpg,labels/train/low_conf_300__train__low_conf_typical_05_07.txt
low_conf_300,train,train,data/jade_low_conf_typical_aug_300/images/train/low_conf_typical_05_08.jpg,images/train/low_conf_300__train__low_conf_typical_05_08.jpg,labels/train/low_conf_300__train__low_conf_typical_05_08.txt
low_conf_300,train,train,data/jade_low_conf_typical_aug_300/images/train/low_conf_typical_05_09.jpg,images/train/low_conf_300__train__low_conf_typical_05_09.jpg,labels/train/low_conf_300__train__low_conf_typical_05_09.txt
low_conf_300,train,train,data/jade_low_conf_typical_aug_300/images/train/low_conf_typical_05_10.jpg,images/train/low_conf_300__train__low_conf_typical_05_10.jpg,labels/train/low_conf_300__train__low_conf_typical_05_10.txt
low_conf_300,train,train,data/jade_low_conf_typical_aug_300/images/train/low_conf_typical_05_11.jpg,images/train/low_conf_300__train__low_conf_typical_05_11.jpg,labels/train/low_conf_300__train__low_conf_typical_05_11.txt
low_conf_300,train,train,data/jade_low_conf_typical_aug_300/images/train/low_conf_typical_05_12.jpg,images/train/low_conf_300__train__low_conf_typical_05_12.jpg,labels/train/low_conf_300__train__low_conf_typical_05_12.txt
low_conf_300,train,train,data/jade_low_conf_typical_aug_300/images/train/low_conf_typical_05_13.jpg,images/train/low_conf_300__train__low_conf_typical_05_13.jpg,labels/train/low_conf_300__train__low_conf_typical_05_13.txt
low_conf_300,train,train,data/jade_low_conf_typical_aug_300/images/train/low_conf_typical_05_14.jpg,images/train/low_conf_300__train__low_conf_typical_05_14.jpg,labels/train/low_conf_300__train__low_conf_typical_05_14.txt
low_conf_300,train,train,data/jade_low_conf_typical_aug_300/images/train/low_conf_typical_05_15.jpg,images/train/low_conf_300__train__low_conf_typical_05_15.jpg,labels/train/low_conf_300__train__low_conf_typical_05_15.txt
low_conf_300,train,train,data/jade_low_conf_typical_aug_300/images/train/low_conf_typical_05_16.jpg,images/train/low_conf_300__train__low_conf_typical_05_16.jpg,labels/train/low_conf_300__train__low_conf_typical_05_16.txt
low_conf_300,train,train,data/jade_low_conf_typical_aug_300/images/train/low_conf_typical_05_17.jpg,images/train/low_conf_300__train__low_conf_typical_05_17.jpg,labels/train/low_conf_300__train__low_conf_typical_05_17.txt
low_conf_300,train,train,data/jade_low_conf_typical_aug_300/images/train/low_conf_typical_07_01.jpg,images/train/low_conf_300__train__low_conf_typical_07_01.jpg,labels/train/low_conf_300__train__low_conf_typical_07_01.txt
low_conf_300,train,train,data/jade_low_conf_typical_aug_300/images/train/low_conf_typical_07_02.jpg,images/train/low_conf_300__train__low_conf_typical_07_02.jpg,labels/train/low_conf_300__train__low_conf_typical_07_02.txt
low_conf_300,train,train,data/jade_low_conf_typical_aug_300/images/train/low_conf_typical_07_03.jpg,images/train/low_conf_300__train__low_conf_typical_07_03.jpg,labels/train/low_conf_300__train__low_conf_typical_07_03.txt
low_conf_300,train,train,data/jade_low_conf_typical_aug_300/images/train/low_conf_typical_07_04.jpg,images/train/low_conf_300__train__low_conf_typical_07_04.jpg,labels/train/low_conf_300__train__low_conf_typical_07_04.txt
low_conf_300,train,train,data/jade_low_conf_typical_aug_300/images/train/low_conf_typical_07_05.jpg,images/train/low_conf_300__train__low_conf_typical_07_05.jpg,labels/train/low_conf_300__train__low_conf_typical_07_05.txt
low_conf_300,train,train,data/jade_low_conf_typical_aug_300/images/train/low_conf_typical_07_06.jpg,images/train/low_conf_300__train__low_conf_typical_07_06.jpg,labels/train/low_conf_300__train__low_conf_typical_07_06.txt
low_conf_300,train,train,data/jade_low_conf_typical_aug_300/images/train/low_conf_typical_07_07.jpg,images/train/low_conf_300__train__low_conf_typical_07_07.jpg,labels/train/low_conf_300__train__low_conf_typical_07_07.txt
low_conf_300,train,train,data/jade_low_conf_typical_aug_300/images/train/low_conf_typical_07_08.jpg,images/train/low_conf_300__train__low_conf_typical_07_08.jpg,labels/train/low_conf_300__train__low_conf_typical_07_08.txt
low_conf_300,train,train,data/jade_low_conf_typical_aug_300/images/train/low_conf_typical_07_09.jpg,images/train/low_conf_300__train__low_conf_typical_07_09.jpg,labels/train/low_conf_300__train__low_conf_typical_07_09.txt
low_conf_300,train,train,data/jade_low_conf_typical_aug_300/images/train/low_conf_typical_07_10.jpg,images/train/low_conf_300__train__low_conf_typical_07_10.jpg,labels/train/low_conf_300__train__low_conf_typical_07_10.txt
low_conf_300,train,train,data/jade_low_conf_typical_aug_300/images/train/low_conf_typical_07_11.jpg,images/train/low_conf_300__train__low_conf_typical_07_11.jpg,labels/train/low_conf_300__train__low_conf_typical_07_11.txt
low_conf_300,train,train,data/jade_low_conf_typical_aug_300/images/train/low_conf_typical_07_12.jpg,images/train/low_conf_300__train__low_conf_typical_07_12.jpg,labels/train/low_conf_300__train__low_conf_typical_07_12.txt
low_conf_300,train,train,data/jade_low_conf_typical_aug_300/images/train/low_conf_typical_07_13.jpg,images/train/low_conf_300__train__low_conf_typical_07_13.jpg,labels/train/low_conf_300__train__low_conf_typical_07_13.txt
low_conf_300,train,train,data/jade_low_conf_typical_aug_300/images/train/low_conf_typical_07_14.jpg,images/train/low_conf_300__train__low_conf_typical_07_14.jpg,labels/train/low_conf_300__train__low_conf_typical_07_14.txt
low_conf_300,train,train,data/jade_low_conf_typical_aug_300/images/train/low_conf_typical_07_15.jpg,images/train/low_conf_300__train__low_conf_typical_07_15.jpg,labels/train/low_conf_300__train__low_conf_typical_07_15.txt
low_conf_300,train,train,data/jade_low_conf_typical_aug_300/images/train/low_conf_typical_07_16.jpg,images/train/low_conf_300__train__low_conf_typical_07_16.jpg,labels/train/low_conf_300__train__low_conf_typical_07_16.txt
low_conf_300,train,train,data/jade_low_conf_typical_aug_300/images/train/low_conf_typical_07_17.jpg,images/train/low_conf_300__train__low_conf_typical_07_17.jpg,labels/train/low_conf_300__train__low_conf_typical_07_17.txt
low_conf_300,train,train,data/jade_low_conf_typical_aug_300/images/train/low_conf_typical_08_01.jpg,images/train/low_conf_300__train__low_conf_typical_08_01.jpg,labels/train/low_conf_300__train__low_conf_typical_08_01.txt
low_conf_300,train,train,data/jade_low_conf_typical_aug_300/images/train/low_conf_typical_08_02.jpg,images/train/low_conf_300__train__low_conf_typical_08_02.jpg,labels/train/low_conf_300__train__low_conf_typical_08_02.txt
low_conf_300,train,train,data/jade_low_conf_typical_aug_300/images/train/low_conf_typical_08_03.jpg,images/train/low_conf_300__train__low_conf_typical_08_03.jpg,labels/train/low_conf_300__train__low_conf_typical_08_03.txt
low_conf_300,train,train,data/jade_low_conf_typical_aug_300/images/train/low_conf_typical_08_04.jpg,images/train/low_conf_300__train__low_conf_typical_08_04.jpg,labels/train/low_conf_300__train__low_conf_typical_08_04.txt
low_conf_300,train,train,data/jade_low_conf_typical_aug_300/images/train/low_conf_typical_08_05.jpg,images/train/low_conf_300__train__low_conf_typical_08_05.jpg,labels/train/low_conf_300__train__low_conf_typical_08_05.txt
low_conf_300,train,train,data/jade_low_conf_typical_aug_300/images/train/low_conf_typical_08_06.jpg,images/train/low_conf_300__train__low_conf_typical_08_06.jpg,labels/train/low_conf_300__train__low_conf_typical_08_06.txt
low_conf_300,train,train,data/jade_low_conf_typical_aug_300/images/train/low_conf_typical_08_07.jpg,images/train/low_conf_300__train__low_conf_typical_08_07.jpg,labels/train/low_conf_300__train__low_conf_typical_08_07.txt
low_conf_300,train,train,data/jade_low_conf_typical_aug_300/images/train/low_conf_typical_08_08.jpg,images/train/low_conf_300__train__low_conf_typical_08_08.jpg,labels/train/low_conf_300__train__low_conf_typical_08_08.txt
low_conf_300,train,train,data/jade_low_conf_typical_aug_300/images/train/low_conf_typical_08_09.jpg,images/train/low_conf_300__train__low_conf_typical_08_09.jpg,labels/train/low_conf_300__train__low_conf_typical_08_09.txt
low_conf_300,train,train,data/jade_low_conf_typical_aug_300/images/train/low_conf_typical_08_10.jpg,images/train/low_conf_300__train__low_conf_typical_08_10.jpg,labels/train/low_conf_300__train__low_conf_typical_08_10.txt
low_conf_300,train,train,data/jade_low_conf_typical_aug_300/images/train/low_conf_typical_08_11.jpg,images/train/low_conf_300__train__low_conf_typical_08_11.jpg,labels/train/low_conf_300__train__low_conf_typical_08_11.txt
low_conf_300,train,train,data/jade_low_conf_typical_aug_300/images/train/low_conf_typical_08_12.jpg,images/train/low_conf_300__train__low_conf_typical_08_12.jpg,labels/train/low_conf_300__train__low_conf_typical_08_12.txt
low_conf_300,train,train,data/jade_low_conf_typical_aug_300/images/train/low_conf_typical_08_13.jpg,images/train/low_conf_300__train__low_conf_typical_08_13.jpg,labels/train/low_conf_300__train__low_conf_typical_08_13.txt
low_conf_300,train,train,data/jade_low_conf_typical_aug_300/images/train/low_conf_typical_08_14.jpg,images/train/low_conf_300__train__low_conf_typical_08_14.jpg,labels/train/low_conf_300__train__low_conf_typical_08_14.txt
low_conf_300,train,train,data/jade_low_conf_typical_aug_300/images/train/low_conf_typical_08_15.jpg,images/train/low_conf_300__train__low_conf_typical_08_15.jpg,labels/train/low_conf_300__train__low_conf_typical_08_15.txt
low_conf_300,train,train,data/jade_low_conf_typical_aug_300/images/train/low_conf_typical_08_16.jpg,images/train/low_conf_300__train__low_conf_typical_08_16.jpg,labels/train/low_conf_300__train__low_conf_typical_08_16.txt
low_conf_300,train,train,data/jade_low_conf_typical_aug_300/images/train/low_conf_typical_08_17.jpg,images/train/low_conf_300__train__low_conf_typical_08_17.jpg,labels/train/low_conf_300__train__low_conf_typical_08_17.txt
low_conf_300,train,train,data/jade_low_conf_typical_aug_300/images/train/low_conf_typical_09_01.jpg,images/train/low_conf_300__train__low_conf_typical_09_01.jpg,labels/train/low_conf_300__train__low_conf_typical_09_01.txt
low_conf_300,train,train,data/jade_low_conf_typical_aug_300/images/train/low_conf_typical_09_02.jpg,images/train/low_conf_300__train__low_conf_typical_09_02.jpg,labels/train/low_conf_300__train__low_conf_typical_09_02.txt
low_conf_300,train,train,data/jade_low_conf_typical_aug_300/images/train/low_conf_typical_09_03.jpg,images/train/low_conf_300__train__low_conf_typical_09_03.jpg,labels/train/low_conf_300__train__low_conf_typical_09_03.txt
low_conf_300,train,train,data/jade_low_conf_typical_aug_300/images/train/low_conf_typical_09_04.jpg,images/train/low_conf_300__train__low_conf_typical_09_04.jpg,labels/train/low_conf_300__train__low_conf_typical_09_04.txt
low_conf_300,train,train,data/jade_low_conf_typical_aug_300/images/train/low_conf_typical_09_05.jpg,images/train/low_conf_300__train__low_conf_typical_09_05.jpg,labels/train/low_conf_300__train__low_conf_typical_09_05.txt
low_conf_300,train,train,data/jade_low_conf_typical_aug_300/images/train/low_conf_typical_09_06.jpg,images/train/low_conf_300__train__low_conf_typical_09_06.jpg,labels/train/low_conf_300__train__low_conf_typical_09_06.txt
low_conf_300,train,train,data/jade_low_conf_typical_aug_300/images/train/low_conf_typical_09_07.jpg,images/train/low_conf_300__train__low_conf_typical_09_07.jpg,labels/train/low_conf_300__train__low_conf_typical_09_07.txt
low_conf_300,train,train,data/jade_low_conf_typical_aug_300/images/train/low_conf_typical_09_08.jpg,images/train/low_conf_300__train__low_conf_typical_09_08.jpg,labels/train/low_conf_300__train__low_conf_typical_09_08.txt
low_conf_300,train,train,data/jade_low_conf_typical_aug_300/images/train/low_conf_typical_09_09.jpg,images/train/low_conf_300__train__low_conf_typical_09_09.jpg,labels/train/low_conf_300__train__low_conf_typical_09_09.txt
low_conf_300,train,train,data/jade_low_conf_typical_aug_300/images/train/low_conf_typical_09_10.jpg,images/train/low_conf_300__train__low_conf_typical_09_10.jpg,labels/train/low_conf_300__train__low_conf_typical_09_10.txt
low_conf_300,train,train,data/jade_low_conf_typical_aug_300/images/train/low_conf_typical_09_11.jpg,images/train/low_conf_300__train__low_conf_typical_09_11.jpg,labels/train/low_conf_300__train__low_conf_typical_09_11.txt
low_conf_300,train,train,data/jade_low_conf_typical_aug_300/images/train/low_conf_typical_09_12.jpg,images/train/low_conf_300__train__low_conf_typical_09_12.jpg,labels/train/low_conf_300__train__low_conf_typical_09_12.txt
low_conf_300,train,train,data/jade_low_conf_typical_aug_300/images/train/low_conf_typical_09_13.jpg,images/train/low_conf_300__train__low_conf_typical_09_13.jpg,labels/train/low_conf_300__train__low_conf_typical_09_13.txt
low_conf_300,train,train,data/jade_low_conf_typical_aug_300/images/train/low_conf_typical_09_14.jpg,images/train/low_conf_300__train__low_conf_typical_09_14.jpg,labels/train/low_conf_300__train__low_conf_typical_09_14.txt
low_conf_300,train,train,data/jade_low_conf_typical_aug_300/images/train/low_conf_typical_09_15.jpg,images/train/low_conf_300__train__low_conf_typical_09_15.jpg,labels/train/low_conf_300__train__low_conf_typical_09_15.txt
low_conf_300,train,train,data/jade_low_conf_typical_aug_300/images/train/low_conf_typical_09_16.jpg,images/train/low_conf_300__train__low_conf_typical_09_16.jpg,labels/train/low_conf_300__train__low_conf_typical_09_16.txt
low_conf_300,train,train,data/jade_low_conf_typical_aug_300/images/train/low_conf_typical_09_17.jpg,images/train/low_conf_300__train__low_conf_typical_09_17.jpg,labels/train/low_conf_300__train__low_conf_typical_09_17.txt
low_conf_300,train,train,data/jade_low_conf_typical_aug_300/images/train/low_conf_typical_09_18.jpg,images/train/low_conf_300__train__low_conf_typical_09_18.jpg,labels/train/low_conf_300__train__low_conf_typical_09_18.txt
low_conf_300,train,train,data/jade_low_conf_typical_aug_300/images/train/low_conf_typical_09_19.jpg,images/train/low_conf_300__train__low_conf_typical_09_19.jpg,labels/train/low_conf_300__train__low_conf_typical_09_19.txt
low_conf_300,train,train,data/jade_low_conf_typical_aug_300/images/train/low_conf_typical_09_20.jpg,images/train/low_conf_300__train__low_conf_typical_09_20.jpg,labels/train/low_conf_300__train__low_conf_typical_09_20.txt
low_conf_300,train,train,data/jade_low_conf_typical_aug_300/images/train/low_conf_typical_09_21.jpg,images/train/low_conf_300__train__low_conf_typical_09_21.jpg,labels/train/low_conf_300__train__low_conf_typical_09_21.txt
low_conf_300,train,train,data/jade_low_conf_typical_aug_300/images/train/low_conf_typical_09_22.jpg,images/train/low_conf_300__train__low_conf_typical_09_22.jpg,labels/train/low_conf_300__train__low_conf_typical_09_22.txt
low_conf_300,train,train,data/jade_low_conf_typical_aug_300/images/train/low_conf_typical_09_23.jpg,images/train/low_conf_300__train__low_conf_typical_09_23.jpg,labels/train/low_conf_300__train__low_conf_typical_09_23.txt
low_conf_300,train,train,data/jade_low_conf_typical_aug_300/images/train/low_conf_typical_09_24.jpg,images/train/low_conf_300__train__low_conf_typical_09_24.jpg,labels/train/low_conf_300__train__low_conf_typical_09_24.txt
low_conf_300,train,train,data/jade_low_conf_typical_aug_300/images/train/low_conf_typical_09_25.jpg,images/train/low_conf_300__train__low_conf_typical_09_25.jpg,labels/train/low_conf_300__train__low_conf_typical_09_25.txt
low_conf_300,train,train,data/jade_low_conf_typical_aug_300/images/train/low_conf_typical_09_26.jpg,images/train/low_conf_300__train__low_conf_typical_09_26.jpg,labels/train/low_conf_300__train__low_conf_typical_09_26.txt
low_conf_300,train,train,data/jade_low_conf_typical_aug_300/images/train/low_conf_typical_09_27.jpg,images/train/low_conf_300__train__low_conf_typical_09_27.jpg,labels/train/low_conf_300__train__low_conf_typical_09_27.txt
low_conf_300,train,train,data/jade_low_conf_typical_aug_300/images/train/low_conf_typical_09_28.jpg,images/train/low_conf_300__train__low_conf_typical_09_28.jpg,labels/train/low_conf_300__train__low_conf_typical_09_28.txt
low_conf_300,train,train,data/jade_low_conf_typical_aug_300/images/train/low_conf_typical_09_29.jpg,images/train/low_conf_300__train__low_conf_typical_09_29.jpg,labels/train/low_conf_300__train__low_conf_typical_09_29.txt
low_conf_300,train,train,data/jade_low_conf_typical_aug_300/images/train/low_conf_typical_09_30.jpg,images/train/low_conf_300__train__low_conf_typical_09_30.jpg,labels/train/low_conf_300__train__low_conf_typical_09_30.txt
low_conf_300,train,train,data/jade_low_conf_typical_aug_300/images/train/low_conf_typical_09_31.jpg,images/train/low_conf_300__train__low_conf_typical_09_31.jpg,labels/train/low_conf_300__train__low_conf_typical_09_31.txt
low_conf_300,train,train,data/jade_low_conf_typical_aug_300/images/train/low_conf_typical_09_32.jpg,images/train/low_conf_300__train__low_conf_typical_09_32.jpg,labels/train/low_conf_300__train__low_conf_typical_09_32.txt
low_conf_300,train,train,data/jade_low_conf_typical_aug_300/images/train/low_conf_typical_09_33.jpg,images/train/low_conf_300__train__low_conf_typical_09_33.jpg,labels/train/low_conf_300__train__low_conf_typical_09_33.txt
low_conf_300,train,train,data/jade_low_conf_typical_aug_300/images/train/low_conf_typical_09_34.jpg,images/train/low_conf_300__train__low_conf_typical_09_34.jpg,labels/train/low_conf_300__train__low_conf_typical_09_34.txt
low_conf_300,train,train,data/jade_low_conf_typical_aug_300/images/train/low_conf_typical_09_35.jpg,images/train/low_conf_300__train__low_conf_typical_09_35.jpg,labels/train/low_conf_300__train__low_conf_typical_09_35.txt
low_conf_300,train,train,data/jade_low_conf_typical_aug_300/images/train/low_conf_typical_09_36.jpg,images/train/low_conf_300__train__low_conf_typical_09_36.jpg,labels/train/low_conf_300__train__low_conf_typical_09_36.txt
low_conf_300,train,train,data/jade_low_conf_typical_aug_300/images/train/low_conf_typical_09_37.jpg,images/train/low_conf_300__train__low_conf_typical_09_37.jpg,labels/train/low_conf_300__train__low_conf_typical_09_37.txt
low_conf_300,train,train,data/jade_low_conf_typical_aug_300/images/train/low_conf_typical_09_38.jpg,images/train/low_conf_300__train__low_conf_typical_09_38.jpg,labels/train/low_conf_300__train__low_conf_typical_09_38.txt
low_conf_300,train,train,data/jade_low_conf_typical_aug_300/images/train/low_conf_typical_09_39.jpg,images/train/low_conf_300__train__low_conf_typical_09_39.jpg,labels/train/low_conf_300__train__low_conf_typical_09_39.txt
low_conf_300,train,train,data/jade_low_conf_typical_aug_300/images/train/low_conf_typical_09_40.jpg,images/train/low_conf_300__train__low_conf_typical_09_40.jpg,labels/train/low_conf_300__train__low_conf_typical_09_40.txt
low_conf_300,train,train,data/jade_low_conf_typical_aug_300/images/train/low_conf_typical_09_41.jpg,images/train/low_conf_300__train__low_conf_typical_09_41.jpg,labels/train/low_conf_300__train__low_conf_typical_09_41.txt
low_conf_300,train,train,data/jade_low_conf_typical_aug_300/images/train/low_conf_typical_09_42.jpg,images/train/low_conf_300__train__low_conf_typical_09_42.jpg,labels/train/low_conf_300__train__low_conf_typical_09_42.txt
low_conf_300,train,train,data/jade_low_conf_typical_aug_300/images/train/low_conf_typical_09_43.jpg,images/train/low_conf_300__train__low_conf_typical_09_43.jpg,labels/train/low_conf_300__train__low_conf_typical_09_43.txt
low_conf_300,train,train,data/jade_low_conf_typical_aug_300/images/train/low_conf_typical_09_44.jpg,images/train/low_conf_300__train__low_conf_typical_09_44.jpg,labels/train/low_conf_300__train__low_conf_typical_09_44.txt
low_conf_300,train,train,data/jade_low_conf_typical_aug_300/images/train/low_conf_typical_09_45.jpg,images/train/low_conf_300__train__low_conf_typical_09_45.jpg,labels/train/low_conf_300__train__low_conf_typical_09_45.txt
low_conf_300,train,train,data/jade_low_conf_typical_aug_300/images/train/low_conf_typical_09_46.jpg,images/train/low_conf_300__train__low_conf_typical_09_46.jpg,labels/train/low_conf_300__train__low_conf_typical_09_46.txt
low_conf_300,train,train,data/jade_low_conf_typical_aug_300/images/train/low_conf_typical_09_47.jpg,images/train/low_conf_300__train__low_conf_typical_09_47.jpg,labels/train/low_conf_300__train__low_conf_typical_09_47.txt
low_conf_300,train,train,data/jade_low_conf_typical_aug_300/images/train/low_conf_typical_09_48.jpg,images/train/low_conf_300__train__low_conf_typical_09_48.jpg,labels/train/low_conf_300__train__low_conf_typical_09_48.txt
low_conf_300,train,train,data/jade_low_conf_typical_aug_300/images/train/low_conf_typical_09_49.jpg,images/train/low_conf_300__train__low_conf_typical_09_49.jpg,labels/train/low_conf_300__train__low_conf_typical_09_49.txt
low_conf_300,train,train,data/jade_low_conf_typical_aug_300/images/train/low_conf_typical_09_50.jpg,images/train/low_conf_300__train__low_conf_typical_09_50.jpg,labels/train/low_conf_300__train__low_conf_typical_09_50.txt
low_conf_300,train,train,data/jade_low_conf_typical_aug_300/images/train/low_conf_typical_09_51.jpg,images/train/low_conf_300__train__low_conf_typical_09_51.jpg,labels/train/low_conf_300__train__low_conf_typical_09_51.txt
low_conf_300,train,train,data/jade_low_conf_typical_aug_300/images/train/low_conf_typical_09_52.jpg,images/train/low_conf_300__train__low_conf_typical_09_52.jpg,labels/train/low_conf_300__train__low_conf_typical_09_52.txt
low_conf_300,train,train,data/jade_low_conf_typical_aug_300/images/train/low_conf_typical_09_53.jpg,images/train/low_conf_300__train__low_conf_typical_09_53.jpg,labels/train/low_conf_300__train__low_conf_typical_09_53.txt
low_conf_300,train,train,data/jade_low_conf_typical_aug_300/images/train/low_conf_typical_09_54.jpg,images/train/low_conf_300__train__low_conf_typical_09_54.jpg,labels/train/low_conf_300__train__low_conf_typical_09_54.txt
low_conf_300,train,train,data/jade_low_conf_typical_aug_300/images/train/low_conf_typical_09_55.jpg,images/train/low_conf_300__train__low_conf_typical_09_55.jpg,labels/train/low_conf_300__train__low_conf_typical_09_55.txt
low_conf_300,train,train,data/jade_low_conf_typical_aug_300/images/train/low_conf_typical_09_56.jpg,images/train/low_conf_300__train__low_conf_typical_09_56.jpg,labels/train/low_conf_300__train__low_conf_typical_09_56.txt
low_conf_300,train,train,data/jade_low_conf_typical_aug_300/images/train/low_conf_typical_09_57.jpg,images/train/low_conf_300__train__low_conf_typical_09_57.jpg,labels/train/low_conf_300__train__low_conf_typical_09_57.txt
low_conf_300,train,train,data/jade_low_conf_typical_aug_300/images/train/low_conf_typical_10_01.jpg,images/train/low_conf_300__train__low_conf_typical_10_01.jpg,labels/train/low_conf_300__train__low_conf_typical_10_01.txt
low_conf_300,train,train,data/jade_low_conf_typical_aug_300/images/train/low_conf_typical_10_02.jpg,images/train/low_conf_300__train__low_conf_typical_10_02.jpg,labels/train/low_conf_300__train__low_conf_typical_10_02.txt
low_conf_300,train,train,data/jade_low_conf_typical_aug_300/images/train/low_conf_typical_10_03.jpg,images/train/low_conf_300__train__low_conf_typical_10_03.jpg,labels/train/low_conf_300__train__low_conf_typical_10_03.txt
low_conf_300,train,train,data/jade_low_conf_typical_aug_300/images/train/low_conf_typical_10_04.jpg,images/train/low_conf_300__train__low_conf_typical_10_04.jpg,labels/train/low_conf_300__train__low_conf_typical_10_04.txt
low_conf_300,train,train,data/jade_low_conf_typical_aug_300/images/train/low_conf_typical_10_05.jpg,images/train/low_conf_300__train__low_conf_typical_10_05.jpg,labels/train/low_conf_300__train__low_conf_typical_10_05.txt
low_conf_300,train,train,data/jade_low_conf_typical_aug_300/images/train/low_conf_typical_10_06.jpg,images/train/low_conf_300__train__low_conf_typical_10_06.jpg,labels/train/low_conf_300__train__low_conf_typical_10_06.txt
low_conf_300,train,train,data/jade_low_conf_typical_aug_300/images/train/low_conf_typical_10_07.jpg,images/train/low_conf_300__train__low_conf_typical_10_07.jpg,labels/train/low_conf_300__train__low_conf_typical_10_07.txt
low_conf_300,train,train,data/jade_low_conf_typical_aug_300/images/train/low_conf_typical_10_08.jpg,images/train/low_conf_300__train__low_conf_typical_10_08.jpg,labels/train/low_conf_300__train__low_conf_typical_10_08.txt
low_conf_300,train,train,data/jade_low_conf_typical_aug_300/images/train/low_conf_typical_10_09.jpg,images/train/low_conf_300__train__low_conf_typical_10_09.jpg,labels/train/low_conf_300__train__low_conf_typical_10_09.txt
low_conf_300,train,train,data/jade_low_conf_typical_aug_300/images/train/low_conf_typical_10_10.jpg,images/train/low_conf_300__train__low_conf_typical_10_10.jpg,labels/train/low_conf_300__train__low_conf_typical_10_10.txt
low_conf_300,train,train,data/jade_low_conf_typical_aug_300/images/train/low_conf_typical_10_11.jpg,images/train/low_conf_300__train__low_conf_typical_10_11.jpg,labels/train/low_conf_300__train__low_conf_typical_10_11.txt
low_conf_300,train,train,data/jade_low_conf_typical_aug_300/images/train/low_conf_typical_10_12.jpg,images/train/low_conf_300__train__low_conf_typical_10_12.jpg,labels/train/low_conf_300__train__low_conf_typical_10_12.txt
low_conf_300,train,train,data/jade_low_conf_typical_aug_300/images/train/low_conf_typical_10_13.jpg,images/train/low_conf_300__train__low_conf_typical_10_13.jpg,labels/train/low_conf_300__train__low_conf_typical_10_13.txt
low_conf_300,train,train,data/jade_low_conf_typical_aug_300/images/train/low_conf_typical_10_14.jpg,images/train/low_conf_300__train__low_conf_typical_10_14.jpg,labels/train/low_conf_300__train__low_conf_typical_10_14.txt
low_conf_300,train,train,data/jade_low_conf_typical_aug_300/images/train/low_conf_typical_10_15.jpg,images/train/low_conf_300__train__low_conf_typical_10_15.jpg,labels/train/low_conf_300__train__low_conf_typical_10_15.txt
low_conf_300,train,train,data/jade_low_conf_typical_aug_300/images/train/low_conf_typical_10_16.jpg,images/train/low_conf_300__train__low_conf_typical_10_16.jpg,labels/train/low_conf_300__train__low_conf_typical_10_16.txt
low_conf_300,train,train,data/jade_low_conf_typical_aug_300/images/train/low_conf_typical_10_17.jpg,images/train/low_conf_300__train__low_conf_typical_10_17.jpg,labels/train/low_conf_300__train__low_conf_typical_10_17.txt
low_conf_300,train,train,data/jade_low_conf_typical_aug_300/images/train/low_conf_typical_12_01.jpg,images/train/low_conf_300__train__low_conf_typical_12_01.jpg,labels/train/low_conf_300__train__low_conf_typical_12_01.txt
low_conf_300,train,train,data/jade_low_conf_typical_aug_300/images/train/low_conf_typical_12_02.jpg,images/train/low_conf_300__train__low_conf_typical_12_02.jpg,labels/train/low_conf_300__train__low_conf_typical_12_02.txt
low_conf_300,train,train,data/jade_low_conf_typical_aug_300/images/train/low_conf_typical_12_03.jpg,images/train/low_conf_300__train__low_conf_typical_12_03.jpg,labels/train/low_conf_300__train__low_conf_typical_12_03.txt
low_conf_300,train,train,data/jade_low_conf_typical_aug_300/images/train/low_conf_typical_12_04.jpg,images/train/low_conf_300__train__low_conf_typical_12_04.jpg,labels/train/low_conf_300__train__low_conf_typical_12_04.txt
low_conf_300,train,train,data/jade_low_conf_typical_aug_300/images/train/low_conf_typical_12_05.jpg,images/train/low_conf_300__train__low_conf_typical_12_05.jpg,labels/train/low_conf_300__train__low_conf_typical_12_05.txt
low_conf_300,train,train,data/jade_low_conf_typical_aug_300/images/train/low_conf_typical_12_06.jpg,images/train/low_conf_300__train__low_conf_typical_12_06.jpg,labels/train/low_conf_300__train__low_conf_typical_12_06.txt
low_conf_300,train,train,data/jade_low_conf_typical_aug_300/images/train/low_conf_typical_12_07.jpg,images/train/low_conf_300__train__low_conf_typical_12_07.jpg,labels/train/low_conf_300__train__low_conf_typical_12_07.txt
low_conf_300,train,train,data/jade_low_conf_typical_aug_300/images/train/low_conf_typical_12_08.jpg,images/train/low_conf_300__train__low_conf_typical_12_08.jpg,labels/train/low_conf_300__train__low_conf_typical_12_08.txt
low_conf_300,train,train,data/jade_low_conf_typical_aug_300/images/train/low_conf_typical_12_09.jpg,images/train/low_conf_300__train__low_conf_typical_12_09.jpg,labels/train/low_conf_300__train__low_conf_typical_12_09.txt
low_conf_300,train,train,data/jade_low_conf_typical_aug_300/images/train/low_conf_typical_12_10.jpg,images/train/low_conf_300__train__low_conf_typical_12_10.jpg,labels/train/low_conf_300__train__low_conf_typical_12_10.txt
low_conf_300,train,train,data/jade_low_conf_typical_aug_300/images/train/low_conf_typical_12_11.jpg,images/train/low_conf_300__train__low_conf_typical_12_11.jpg,labels/train/low_conf_300__train__low_conf_typical_12_11.txt
low_conf_300,train,train,data/jade_low_conf_typical_aug_300/images/train/low_conf_typical_12_12.jpg,images/train/low_conf_300__train__low_conf_typical_12_12.jpg,labels/train/low_conf_300__train__low_conf_typical_12_12.txt
low_conf_300,train,train,data/jade_low_conf_typical_aug_300/images/train/low_conf_typical_12_13.jpg,images/train/low_conf_300__train__low_conf_typical_12_13.jpg,labels/train/low_conf_300__train__low_conf_typical_12_13.txt
low_conf_300,train,train,data/jade_low_conf_typical_aug_300/images/train/low_conf_typical_12_14.jpg,images/train/low_conf_300__train__low_conf_typical_12_14.jpg,labels/train/low_conf_300__train__low_conf_typical_12_14.txt
low_conf_300,train,train,data/jade_low_conf_typical_aug_300/images/train/low_conf_typical_12_15.jpg,images/train/low_conf_300__train__low_conf_typical_12_15.jpg,labels/train/low_conf_300__train__low_conf_typical_12_15.txt
low_conf_300,train,train,data/jade_low_conf_typical_aug_300/images/train/low_conf_typical_12_16.jpg,images/train/low_conf_300__train__low_conf_typical_12_16.jpg,labels/train/low_conf_300__train__low_conf_typical_12_16.txt
low_conf_300,train,train,data/jade_low_conf_typical_aug_300/images/train/low_conf_typical_12_17.jpg,images/train/low_conf_300__train__low_conf_typical_12_17.jpg,labels/train/low_conf_300__train__low_conf_typical_12_17.txt
low_conf_300,train,train,data/jade_low_conf_typical_aug_300/images/train/low_conf_typical_12_18.jpg,images/train/low_conf_300__train__low_conf_typical_12_18.jpg,labels/train/low_conf_300__train__low_conf_typical_12_18.txt
low_conf_300,train,train,data/jade_low_conf_typical_aug_300/images/train/low_conf_typical_12_19.jpg,images/train/low_conf_300__train__low_conf_typical_12_19.jpg,labels/train/low_conf_300__train__low_conf_typical_12_19.txt
low_conf_300,train,train,data/jade_low_conf_typical_aug_300/images/train/low_conf_typical_12_20.jpg,images/train/low_conf_300__train__low_conf_typical_12_20.jpg,labels/train/low_conf_300__train__low_conf_typical_12_20.txt
low_conf_300,train,train,data/jade_low_conf_typical_aug_300/images/train/low_conf_typical_12_21.jpg,images/train/low_conf_300__train__low_conf_typical_12_21.jpg,labels/train/low_conf_300__train__low_conf_typical_12_21.txt
low_conf_300,train,train,data/jade_low_conf_typical_aug_300/images/train/low_conf_typical_12_22.jpg,images/train/low_conf_300__train__low_conf_typical_12_22.jpg,labels/train/low_conf_300__train__low_conf_typical_12_22.txt
low_conf_300,train,train,data/jade_low_conf_typical_aug_300/images/train/low_conf_typical_12_23.jpg,images/train/low_conf_300__train__low_conf_typical_12_23.jpg,labels/train/low_conf_300__train__low_conf_typical_12_23.txt
low_conf_300,train,train,data/jade_low_conf_typical_aug_300/images/train/low_conf_typical_12_24.jpg,images/train/low_conf_300__train__low_conf_typical_12_24.jpg,labels/train/low_conf_300__train__low_conf_typical_12_24.txt
low_conf_300,train,train,data/jade_low_conf_typical_aug_300/images/train/low_conf_typical_12_25.jpg,images/train/low_conf_300__train__low_conf_typical_12_25.jpg,labels/train/low_conf_300__train__low_conf_typical_12_25.txt
low_conf_300,train,train,data/jade_low_conf_typical_aug_300/images/train/low_conf_typical_12_26.jpg,images/train/low_conf_300__train__low_conf_typical_12_26.jpg,labels/train/low_conf_300__train__low_conf_typical_12_26.txt
low_conf_300,train,train,data/jade_low_conf_typical_aug_300/images/train/low_conf_typical_12_27.jpg,images/train/low_conf_300__train__low_conf_typical_12_27.jpg,labels/train/low_conf_300__train__low_conf_typical_12_27.txt
low_conf_300,train,train,data/jade_low_conf_typical_aug_300/images/train/low_conf_typical_12_28.jpg,images/train/low_conf_300__train__low_conf_typical_12_28.jpg,labels/train/low_conf_300__train__low_conf_typical_12_28.txt
low_conf_300,train,train,data/jade_low_conf_typical_aug_300/images/train/low_conf_typical_12_29.jpg,images/train/low_conf_300__train__low_conf_typical_12_29.jpg,labels/train/low_conf_300__train__low_conf_typical_12_29.txt
low_conf_300,train,train,data/jade_low_conf_typical_aug_300/images/train/low_conf_typical_12_30.jpg,images/train/low_conf_300__train__low_conf_typical_12_30.jpg,labels/train/low_conf_300__train__low_conf_typical_12_30.txt
low_conf_300,train,train,data/jade_low_conf_typical_aug_300/images/train/low_conf_typical_12_31.jpg,images/train/low_conf_300__train__low_conf_typical_12_31.jpg,labels/train/low_conf_300__train__low_conf_typical_12_31.txt
low_conf_300,train,train,data/jade_low_conf_typical_aug_300/images/train/low_conf_typical_12_32.jpg,images/train/low_conf_300__train__low_conf_typical_12_32.jpg,labels/train/low_conf_300__train__low_conf_typical_12_32.txt
low_conf_300,train,train,data/jade_low_conf_typical_aug_300/images/train/low_conf_typical_12_33.jpg,images/train/low_conf_300__train__low_conf_typical_12_33.jpg,labels/train/low_conf_300__train__low_conf_typical_12_33.txt
low_conf_300,train,train,data/jade_low_conf_typical_aug_300/images/train/low_conf_typical_12_34.jpg,images/train/low_conf_300__train__low_conf_typical_12_34.jpg,labels/train/low_conf_300__train__low_conf_typical_12_34.txt
low_conf_300,train,train,data/jade_low_conf_typical_aug_300/images/train/low_conf_typical_12_35.jpg,images/train/low_conf_300__train__low_conf_typical_12_35.jpg,labels/train/low_conf_300__train__low_conf_typical_12_35.txt
low_conf_300,train,train,data/jade_low_conf_typical_aug_300/images/train/low_conf_typical_12_36.jpg,images/train/low_conf_300__train__low_conf_typical_12_36.jpg,labels/train/low_conf_300__train__low_conf_typical_12_36.txt
low_conf_300,train,train,data/jade_low_conf_typical_aug_300/images/train/low_conf_typical_12_37.jpg,images/train/low_conf_300__train__low_conf_typical_12_37.jpg,labels/train/low_conf_300__train__low_conf_typical_12_37.txt
low_conf_300,train,train,data/jade_low_conf_typical_aug_300/images/train/low_conf_typical_12_38.jpg,images/train/low_conf_300__train__low_conf_typical_12_38.jpg,labels/train/low_conf_300__train__low_conf_typical_12_38.txt
low_conf_300,train,train,data/jade_low_conf_typical_aug_300/images/train/low_conf_typical_12_39.jpg,images/train/low_conf_300__train__low_conf_typical_12_39.jpg,labels/train/low_conf_300__train__low_conf_typical_12_39.txt
low_conf_300,train,train,data/jade_low_conf_typical_aug_300/images/train/low_conf_typical_12_40.jpg,images/train/low_conf_300__train__low_conf_typical_12_40.jpg,labels/train/low_conf_300__train__low_conf_typical_12_40.txt
low_conf_300,train,train,data/jade_low_conf_typical_aug_300/images/train/low_conf_typical_12_41.jpg,images/train/low_conf_300__train__low_conf_typical_12_41.jpg,labels/train/low_conf_300__train__low_conf_typical_12_41.txt
low_conf_300,train,train,data/jade_low_conf_typical_aug_300/images/train/low_conf_typical_12_42.jpg,images/train/low_conf_300__train__low_conf_typical_12_42.jpg,labels/train/low_conf_300__train__low_conf_typical_12_42.txt
low_conf_300,train,train,data/jade_low_conf_typical_aug_300/images/train/low_conf_typical_12_43.jpg,images/train/low_conf_300__train__low_conf_typical_12_43.jpg,labels/train/low_conf_300__train__low_conf_typical_12_43.txt
low_conf_300,train,train,data/jade_low_conf_typical_aug_300/images/train/low_conf_typical_12_44.jpg,images/train/low_conf_300__train__low_conf_typical_12_44.jpg,labels/train/low_conf_300__train__low_conf_typical_12_44.txt
low_conf_300,train,train,data/jade_low_conf_typical_aug_300/images/train/low_conf_typical_12_45.jpg,images/train/low_conf_300__train__low_conf_typical_12_45.jpg,labels/train/low_conf_300__train__low_conf_typical_12_45.txt
low_conf_300,train,train,data/jade_low_conf_typical_aug_300/images/train/low_conf_typical_12_46.jpg,images/train/low_conf_300__train__low_conf_typical_12_46.jpg,labels/train/low_conf_300__train__low_conf_typical_12_46.txt
low_conf_300,train,train,data/jade_low_conf_typical_aug_300/images/train/low_conf_typical_12_47.jpg,images/train/low_conf_300__train__low_conf_typical_12_47.jpg,labels/train/low_conf_300__train__low_conf_typical_12_47.txt
low_conf_300,train,train,data/jade_low_conf_typical_aug_300/images/train/low_conf_typical_12_48.jpg,images/train/low_conf_300__train__low_conf_typical_12_48.jpg,labels/train/low_conf_300__train__low_conf_typical_12_48.txt
low_conf_300,train,train,data/jade_low_conf_typical_aug_300/images/train/low_conf_typical_12_49.jpg,images/train/low_conf_300__train__low_conf_typical_12_49.jpg,labels/train/low_conf_300__train__low_conf_typical_12_49.txt
low_conf_300,train,train,data/jade_low_conf_typical_aug_300/images/train/low_conf_typical_12_50.jpg,images/train/low_conf_300__train__low_conf_typical_12_50.jpg,labels/train/low_conf_300__train__low_conf_typical_12_50.txt
low_conf_300,train,train,data/jade_low_conf_typical_aug_300/images/train/low_conf_typical_12_51.jpg,images/train/low_conf_300__train__low_conf_typical_12_51.jpg,labels/train/low_conf_300__train__low_conf_typical_12_51.txt
low_conf_300,train,train,data/jade_low_conf_typical_aug_300/images/train/low_conf_typical_12_52.jpg,images/train/low_conf_300__train__low_conf_typical_12_52.jpg,labels/train/low_conf_300__train__low_conf_typical_12_52.txt
low_conf_300,train,train,data/jade_low_conf_typical_aug_300/images/train/low_conf_typical_12_53.jpg,images/train/low_conf_300__train__low_conf_typical_12_53.jpg,labels/train/low_conf_300__train__low_conf_typical_12_53.txt
low_conf_300,train,train,data/jade_low_conf_typical_aug_300/images/train/low_conf_typical_12_54.jpg,images/train/low_conf_300__train__low_conf_typical_12_54.jpg,labels/train/low_conf_300__train__low_conf_typical_12_54.txt
low_conf_300,train,train,data/jade_low_conf_typical_aug_300/images/train/low_conf_typical_12_55.jpg,images/train/low_conf_300__train__low_conf_typical_12_55.jpg,labels/train/low_conf_300__train__low_conf_typical_12_55.txt
low_conf_300,train,train,data/jade_low_conf_typical_aug_300/images/train/low_conf_typical_12_56.jpg,images/train/low_conf_300__train__low_conf_typical_12_56.jpg,labels/train/low_conf_300__train__low_conf_typical_12_56.txt
low_conf_300,train,train,data/jade_low_conf_typical_aug_300/images/train/low_conf_typical_12_57.jpg,images/train/low_conf_300__train__low_conf_typical_12_57.jpg,labels/train/low_conf_300__train__low_conf_typical_12_57.txt
low_conf_300,val,val,data/jade_low_conf_typical_aug_300/images/val/low_conf_typical_01_18.jpg,images/val/low_conf_300__val__low_conf_typical_01_18.jpg,labels/val/low_conf_300__val__low_conf_typical_01_18.txt
low_conf_300,val,val,data/jade_low_conf_typical_aug_300/images/val/low_conf_typical_02_18.jpg,images/val/low_conf_300__val__low_conf_typical_02_18.jpg,labels/val/low_conf_300__val__low_conf_typical_02_18.txt
low_conf_300,val,val,data/jade_low_conf_typical_aug_300/images/val/low_conf_typical_03_18.jpg,images/val/low_conf_300__val__low_conf_typical_03_18.jpg,labels/val/low_conf_300__val__low_conf_typical_03_18.txt
low_conf_300,val,val,data/jade_low_conf_typical_aug_300/images/val/low_conf_typical_04_58.jpg,images/val/low_conf_300__val__low_conf_typical_04_58.jpg,labels/val/low_conf_300__val__low_conf_typical_04_58.txt
low_conf_300,val,val,data/jade_low_conf_typical_aug_300/images/val/low_conf_typical_05_18.jpg,images/val/low_conf_300__val__low_conf_typical_05_18.jpg,labels/val/low_conf_300__val__low_conf_typical_05_18.txt
low_conf_300,val,val,data/jade_low_conf_typical_aug_300/images/val/low_conf_typical_07_18.jpg,images/val/low_conf_300__val__low_conf_typical_07_18.jpg,labels/val/low_conf_300__val__low_conf_typical_07_18.txt
low_conf_300,val,val,data/jade_low_conf_typical_aug_300/images/val/low_conf_typical_08_18.jpg,images/val/low_conf_300__val__low_conf_typical_08_18.jpg,labels/val/low_conf_300__val__low_conf_typical_08_18.txt
low_conf_300,val,val,data/jade_low_conf_typical_aug_300/images/val/low_conf_typical_09_58.jpg,images/val/low_conf_300__val__low_conf_typical_09_58.jpg,labels/val/low_conf_300__val__low_conf_typical_09_58.txt
low_conf_300,val,val,data/jade_low_conf_typical_aug_300/images/val/low_conf_typical_10_18.jpg,images/val/low_conf_300__val__low_conf_typical_10_18.jpg,labels/val/low_conf_300__val__low_conf_typical_10_18.txt
low_conf_300,val,val,data/jade_low_conf_typical_aug_300/images/val/low_conf_typical_12_58.jpg,images/val/low_conf_300__val__low_conf_typical_12_58.jpg,labels/val/low_conf_300__val__low_conf_typical_12_58.txt
real_bmp_20,train,train,data/real_bangle_bmp_ai20/images/train/real_bangle_bmp_ai20_001.jpg,images/train/real_bmp_20__train__real_bangle_bmp_ai20_001.jpg,labels/train/real_bmp_20__train__real_bangle_bmp_ai20_001.txt
real_bmp_20,train,train,data/real_bangle_bmp_ai20/images/train/real_bangle_bmp_ai20_002.jpg,images/train/real_bmp_20__train__real_bangle_bmp_ai20_002.jpg,labels/train/real_bmp_20__train__real_bangle_bmp_ai20_002.txt
real_bmp_20,train,train,data/real_bangle_bmp_ai20/images/train/real_bangle_bmp_ai20_003.jpg,images/train/real_bmp_20__train__real_bangle_bmp_ai20_003.jpg,labels/train/real_bmp_20__train__real_bangle_bmp_ai20_003.txt
real_bmp_20,train,train,data/real_bangle_bmp_ai20/images/train/real_bangle_bmp_ai20_004.jpg,images/train/real_bmp_20__train__real_bangle_bmp_ai20_004.jpg,labels/train/real_bmp_20__train__real_bangle_bmp_ai20_004.txt
real_bmp_20,train,train,data/real_bangle_bmp_ai20/images/train/real_bangle_bmp_ai20_005.jpg,images/train/real_bmp_20__train__real_bangle_bmp_ai20_005.jpg,labels/train/real_bmp_20__train__real_bangle_bmp_ai20_005.txt
real_bmp_20,train,train,data/real_bangle_bmp_ai20/images/train/real_bangle_bmp_ai20_006.jpg,images/train/real_bmp_20__train__real_bangle_bmp_ai20_006.jpg,labels/train/real_bmp_20__train__real_bangle_bmp_ai20_006.txt
real_bmp_20,train,train,data/real_bangle_bmp_ai20/images/train/real_bangle_bmp_ai20_007.jpg,images/train/real_bmp_20__train__real_bangle_bmp_ai20_007.jpg,labels/train/real_bmp_20__train__real_bangle_bmp_ai20_007.txt
real_bmp_20,train,train,data/real_bangle_bmp_ai20/images/train/real_bangle_bmp_ai20_008.jpg,images/train/real_bmp_20__train__real_bangle_bmp_ai20_008.jpg,labels/train/real_bmp_20__train__real_bangle_bmp_ai20_008.txt
real_bmp_20,train,train,data/real_bangle_bmp_ai20/images/train/real_bangle_bmp_ai20_009.jpg,images/train/real_bmp_20__train__real_bangle_bmp_ai20_009.jpg,labels/train/real_bmp_20__train__real_bangle_bmp_ai20_009.txt
real_bmp_20,train,train,data/real_bangle_bmp_ai20/images/train/real_bangle_bmp_ai20_010.jpg,images/train/real_bmp_20__train__real_bangle_bmp_ai20_010.jpg,labels/train/real_bmp_20__train__real_bangle_bmp_ai20_010.txt
real_bmp_20,train,train,data/real_bangle_bmp_ai20/images/train/real_bangle_bmp_ai20_011.jpg,images/train/real_bmp_20__train__real_bangle_bmp_ai20_011.jpg,labels/train/real_bmp_20__train__real_bangle_bmp_ai20_011.txt
real_bmp_20,train,train,data/real_bangle_bmp_ai20/images/train/real_bangle_bmp_ai20_012.jpg,images/train/real_bmp_20__train__real_bangle_bmp_ai20_012.jpg,labels/train/real_bmp_20__train__real_bangle_bmp_ai20_012.txt
real_bmp_20,train,train,data/real_bangle_bmp_ai20/images/train/real_bangle_bmp_ai20_013.jpg,images/train/real_bmp_20__train__real_bangle_bmp_ai20_013.jpg,labels/train/real_bmp_20__train__real_bangle_bmp_ai20_013.txt
real_bmp_20,train,train,data/real_bangle_bmp_ai20/images/train/real_bangle_bmp_ai20_014.jpg,images/train/real_bmp_20__train__real_bangle_bmp_ai20_014.jpg,labels/train/real_bmp_20__train__real_bangle_bmp_ai20_014.txt
real_bmp_20,train,train,data/real_bangle_bmp_ai20/images/train/real_bangle_bmp_ai20_015.jpg,images/train/real_bmp_20__train__real_bangle_bmp_ai20_015.jpg,labels/train/real_bmp_20__train__real_bangle_bmp_ai20_015.txt
real_bmp_20,train,train,data/real_bangle_bmp_ai20/images/train/real_bangle_bmp_ai20_016.jpg,images/train/real_bmp_20__train__real_bangle_bmp_ai20_016.jpg,labels/train/real_bmp_20__train__real_bangle_bmp_ai20_016.txt
real_bmp_20,train,train,data/real_bangle_bmp_ai20/images/train/real_bangle_bmp_ai20_017.jpg,images/train/real_bmp_20__train__real_bangle_bmp_ai20_017.jpg,labels/train/real_bmp_20__train__real_bangle_bmp_ai20_017.txt
real_bmp_20,train,train,data/real_bangle_bmp_ai20/images/train/real_bangle_bmp_ai20_018.jpg,images/train/real_bmp_20__train__real_bangle_bmp_ai20_018.jpg,labels/train/real_bmp_20__train__real_bangle_bmp_ai20_018.txt
real_bmp_20,train,train,data/real_bangle_bmp_ai20/images/train/real_bangle_bmp_ai20_019.jpg,images/train/real_bmp_20__train__real_bangle_bmp_ai20_019.jpg,labels/train/real_bmp_20__train__real_bangle_bmp_ai20_019.txt
real_bmp_20,train,train,data/real_bangle_bmp_ai20/images/train/real_bangle_bmp_ai20_020.jpg,images/train/real_bmp_20__train__real_bangle_bmp_ai20_020.jpg,labels/train/real_bmp_20__train__real_bangle_bmp_ai20_020.txt
low_conf_source_10,test,train,data/jade_low_conf_typical_source_eval_10/images/test/source_01_phone-972e98832d2d.jpg,images/train/low_conf_source_10__test__source_01_phone-972e98832d2d.jpg,labels/train/low_conf_source_10__test__source_01_phone-972e98832d2d.txt
low_conf_source_10,test,train,data/jade_low_conf_typical_source_eval_10/images/test/source_02_phone-28d0bb2d6c1a.jpg,images/train/low_conf_source_10__test__source_02_phone-28d0bb2d6c1a.jpg,labels/train/low_conf_source_10__test__source_02_phone-28d0bb2d6c1a.txt
low_conf_source_10,test,train,data/jade_low_conf_typical_source_eval_10/images/test/source_03_phone-28d0bb2d6c1a.jpg,images/train/low_conf_source_10__test__source_03_phone-28d0bb2d6c1a.jpg,labels/train/low_conf_source_10__test__source_03_phone-28d0bb2d6c1a.txt
low_conf_source_10,test,train,data/jade_low_conf_typical_source_eval_10/images/test/source_04_phone-9d2da21d1878.jpg,images/train/low_conf_source_10__test__source_04_phone-9d2da21d1878.jpg,labels/train/low_conf_source_10__test__source_04_phone-9d2da21d1878.txt
low_conf_source_10,test,train,data/jade_low_conf_typical_source_eval_10/images/test/source_05_phone-10e2bd10cbf4.jpg,images/train/low_conf_source_10__test__source_05_phone-10e2bd10cbf4.jpg,labels/train/low_conf_source_10__test__source_05_phone-10e2bd10cbf4.txt
low_conf_source_10,test,train,data/jade_low_conf_typical_source_eval_10/images/test/source_07_phone-380e7dc2a83f.jpg,images/train/low_conf_source_10__test__source_07_phone-380e7dc2a83f.jpg,labels/train/low_conf_source_10__test__source_07_phone-380e7dc2a83f.txt
low_conf_source_10,test,train,data/jade_low_conf_typical_source_eval_10/images/test/source_08_phone-af2a272830d2.jpg,images/train/low_conf_source_10__test__source_08_phone-af2a272830d2.jpg,labels/train/low_conf_source_10__test__source_08_phone-af2a272830d2.txt
low_conf_source_10,test,train,data/jade_low_conf_typical_source_eval_10/images/test/source_09_phone-e3f8af7281b7.jpg,images/train/low_conf_source_10__test__source_09_phone-e3f8af7281b7.jpg,labels/train/low_conf_source_10__test__source_09_phone-e3f8af7281b7.txt
low_conf_source_10,test,train,data/jade_low_conf_typical_source_eval_10/images/test/source_10_phone-f59dd648fa03.jpg,images/train/low_conf_source_10__test__source_10_phone-f59dd648fa03.jpg,labels/train/low_conf_source_10__test__source_10_phone-f59dd648fa03.txt
low_conf_source_10,test,train,data/jade_low_conf_typical_source_eval_10/images/test/source_12_phone-4a3318802e34.jpg,images/train/low_conf_source_10__test__source_12_phone-4a3318802e34.jpg,labels/train/low_conf_source_10__test__source_12_phone-4a3318802e34.txt
