id,image,target_filename,color,water,style,theme,subject,lighting,scene,distractor,generation_prompt,negative_prompt,training_answer_json,split,batch_id
jade-gen-0001,data/generated_jade_liveroom_training_images/sample-0001.png,sample-0001.png,帝王绿,玻璃种,手镯,,"a single complete jade bangle bracelet lying flat, full ring visible","soft daylight product photography, neutral gray background",liveroom,"live-stream jade sales room, a host is talking about the jade item, upper body and face visible behind the product, one hand holding the jade close to the camera, soft ring light reflection, display trays in the background","Generate one realistic live-stream sales room image: a livestream host is talking about this jade item; a single complete jade bangle bracelet lying flat, full ring visible. live-stream jade sales room, a host is talking about the jade item, upper body and face visible behind the product, one hand holding the jade close to the camera, soft ring light reflection, display trays in the background. Material and color: deep vivid imperial emerald green, saturated but natural jade color. Water quality: glass-type jade, very high transparency, glass-like clarity, minimal grain. The jade object must be the main visual focus, fully visible, sharp focus, realistic polished jade luster, natural inclusions and texture appropriate for jadeite, no text or labels in the image. soft daylight product photography, neutral gray background.","text, label, caption, watermark, logo, certificate, price tag, QR code, ruler, fake plastic look, overexposed highlights, blurry jade item, cropped jade object, duplicate jade object, extra holes in jade, distorted carving, deformed hands, extra fingers, distorted facial features","{""color"": ""帝王绿"", ""style"": ""手镯"", ""theme"": """", ""water"": ""玻璃种""}",train,jade-synthetic-liveroom-v1
jade-gen-0002,data/generated_jade_liveroom_training_images/sample-0002.png,sample-0002.png,帝王绿,高冰,手镯,,a round jade bangle standing slightly upright on a small acrylic rest,"studio product photo, softbox reflection, matte black background",liveroom,"vertical live-commerce room scene, a female presenter is explaining the jade piece, face and torso visible but slightly behind focus, both hands presenting the jade under bright studio lights, blurred shelves of jewelry in the background","Generate one realistic live-stream sales room image: a livestream host is talking about this jade item; a round jade bangle standing slightly upright on a small acrylic rest. vertical live-commerce room scene, a female presenter is explaining the jade piece, face and torso visible but slightly behind focus, both hands presenting the jade under bright studio lights, blurred shelves of jewelry in the background. Material and color: deep vivid imperial emerald green, saturated but natural jade color. Water quality: high-ice jade, very translucent, strong luster, fine clean texture. The jade object must be the main visual focus, fully visible, sharp focus, realistic polished jade luster, natural inclusions and texture appropriate for jadeite, no text or labels in the image. studio product photo, softbox reflection, matte black background.","text, label, caption, watermark, logo, certificate, price tag, QR code, ruler, fake plastic look, overexposed highlights, blurry jade item, cropped jade object, duplicate jade object, extra holes in jade, distorted carving, deformed hands, extra fingers, distorted facial features","{""color"": ""帝王绿"", ""style"": ""手镯"", ""theme"": """", ""water"": ""高冰""}",train,jade-synthetic-liveroom-v1
jade-gen-0003,data/generated_jade_liveroom_training_images/sample-0003.png,sample-0003.png,帝王绿,冰种,平安扣,,"a round jade safety buckle pendant, circular disc with a clean central hole","macro product photography, white acrylic base, clean shadow",liveroom,"jade livestream selling desk, presenter is speaking while pointing at the item, one hand and part of the upper body visible, face partially visible at the edge of frame, phone tripod and softbox reflections in the room","Generate one realistic live-stream sales room image: a livestream host is talking about this jade item; a round jade safety buckle pendant, circular disc with a clean central hole. jade livestream selling desk, presenter is speaking while pointing at the item, one hand and part of the upper body visible, face partially visible at the edge of frame, phone tripod and softbox reflections in the room. Material and color: deep vivid imperial emerald green, saturated but natural jade color. Water quality: ice-type jade, translucent and clean, visible watery depth. The jade object must be the main visual focus, fully visible, sharp focus, realistic polished jade luster, natural inclusions and texture appropriate for jadeite, no text or labels in the image. macro product photography, white acrylic base, clean shadow.","text, label, caption, watermark, logo, certificate, price tag, QR code, ruler, fake plastic look, overexposed highlights, blurry jade item, cropped jade object, duplicate jade object, extra holes in jade, distorted carving, deformed hands, extra fingers, distorted facial features","{""color"": ""帝王绿"", ""style"": ""平安扣"", ""theme"": """", ""water"": ""冰种""}",train,jade-synthetic-liveroom-v1
jade-gen-0004,data/generated_jade_liveroom_training_images/sample-0004.png,sample-0004.png,帝王绿,糯冰,珠串,,"a jade bead bracelet, individual polished round beads clearly visible","jewelry catalog photo, warm side light, beige stone surface",liveroom,"busy live sales counter, host holding the jade item above a velvet tray, human hand, wrist, upper body and face visible as natural distractors, other jade pieces softly blurred in the background","Generate one realistic live-stream sales room image: a livestream host is talking about this jade item; a jade bead bracelet, individual polished round beads clearly visible. busy live sales counter, host holding the jade item above a velvet tray, human hand, wrist, upper body and face visible as natural distractors, other jade pieces softly blurred in the background. Material and color: deep vivid imperial emerald green, saturated but natural jade color. Water quality: waxy-ice jade, semi-translucent, slightly cloudy but still icy. The jade object must be the main visual focus, fully visible, sharp focus, realistic polished jade luster, natural inclusions and texture appropriate for jadeite, no text or labels in the image. jewelry catalog photo, warm side light, beige stone surface.","text, label, caption, watermark, logo, certificate, price tag, QR code, ruler, fake plastic look, overexposed highlights, blurry jade item, cropped jade object, duplicate jade object, extra holes in jade, distorted carving, deformed hands, extra fingers, distorted facial features","{""color"": ""帝王绿"", ""style"": ""珠串"", ""theme"": """", ""water"": ""糯冰""}",train,jade-synthetic-liveroom-v1
jade-gen-0005,data/generated_jade_liveroom_training_images/sample-0005.png,sample-0005.png,帝王绿,糯种,蛋面,,"a loose oval jade cabochon gemstone, domed top, no metal setting","soft daylight product photography, neutral gray background",liveroom,"live-stream jade sales room, a host is talking about the jade item, upper body and face visible behind the product, one hand holding the jade close to the camera, soft ring light reflection, display trays in the background","Generate one realistic live-stream sales room image: a livestream host is talking about this jade item; a loose oval jade cabochon gemstone, domed top, no metal setting. live-stream jade sales room, a host is talking about the jade item, upper body and face visible behind the product, one hand holding the jade close to the camera, soft ring light reflection, display trays in the background. Material and color: deep vivid imperial emerald green, saturated but natural jade color. Water quality: waxy jade, soft cloudy translucency, fine waxy texture. The jade object must be the main visual focus, fully visible, sharp focus, realistic polished jade luster, natural inclusions and texture appropriate for jadeite, no text or labels in the image. soft daylight product photography, neutral gray background.","text, label, caption, watermark, logo, certificate, price tag, QR code, ruler, fake plastic look, overexposed highlights, blurry jade item, cropped jade object, duplicate jade object, extra holes in jade, distorted carving, deformed hands, extra fingers, distorted facial features","{""color"": ""帝王绿"", ""style"": ""蛋面"", ""theme"": """", ""water"": ""糯种""}",train,jade-synthetic-liveroom-v1
jade-gen-0006,data/generated_jade_liveroom_training_images/sample-0006.png,sample-0006.png,帝王绿,豆种,戒面,,"a polished oval jade ring-face stone, flatter than a cabochon, no metal setting","studio product photo, softbox reflection, matte black background",liveroom,"vertical live-commerce room scene, a female presenter is explaining the jade piece, face and torso visible but slightly behind focus, both hands presenting the jade under bright studio lights, blurred shelves of jewelry in the background","Generate one realistic live-stream sales room image: a livestream host is talking about this jade item; a polished oval jade ring-face stone, flatter than a cabochon, no metal setting. vertical live-commerce room scene, a female presenter is explaining the jade piece, face and torso visible but slightly behind focus, both hands presenting the jade under bright studio lights, blurred shelves of jewelry in the background. Material and color: deep vivid imperial emerald green, saturated but natural jade color. Water quality: bean-type jade, low translucency, visible granular texture. The jade object must be the main visual focus, fully visible, sharp focus, realistic polished jade luster, natural inclusions and texture appropriate for jadeite, no text or labels in the image. studio product photo, softbox reflection, matte black background.","text, label, caption, watermark, logo, certificate, price tag, QR code, ruler, fake plastic look, overexposed highlights, blurry jade item, cropped jade object, duplicate jade object, extra holes in jade, distorted carving, deformed hands, extra fingers, distorted facial features","{""color"": ""帝王绿"", ""style"": ""戒面"", ""theme"": """", ""water"": ""豆种""}",train,jade-synthetic-liveroom-v1
jade-gen-0007,data/generated_jade_liveroom_training_images/sample-0007.png,sample-0007.png,帝王绿,玻璃种,戒指,,a jade ring with a jade cabochon mounted on a simple ring band,"macro product photography, white acrylic base, clean shadow",liveroom,"jade livestream selling desk, presenter is speaking while pointing at the item, one hand and part of the upper body visible, face partially visible at the edge of frame, phone tripod and softbox reflections in the room","Generate one realistic live-stream sales room image: a livestream host is talking about this jade item; a jade ring with a jade cabochon mounted on a simple ring band. jade livestream selling desk, presenter is speaking while pointing at the item, one hand and part of the upper body visible, face partially visible at the edge of frame, phone tripod and softbox reflections in the room. Material and color: deep vivid imperial emerald green, saturated but natural jade color. Water quality: glass-type jade, very high transparency, glass-like clarity, minimal grain. The jade object must be the main visual focus, fully visible, sharp focus, realistic polished jade luster, natural inclusions and texture appropriate for jadeite, no text or labels in the image. macro product photography, white acrylic base, clean shadow.","text, label, caption, watermark, logo, certificate, price tag, QR code, ruler, fake plastic look, overexposed highlights, blurry jade item, cropped jade object, duplicate jade object, extra holes in jade, distorted carving, deformed hands, extra fingers, distorted facial features","{""color"": ""帝王绿"", ""style"": ""戒指"", ""theme"": """", ""water"": ""玻璃种""}",train,jade-synthetic-liveroom-v1
jade-gen-0008,data/generated_jade_liveroom_training_images/sample-0008.png,sample-0008.png,帝王绿,高冰,挂件,观音,"a carved jade pendant of Guanyin, full carving visible","jewelry catalog photo, warm side light, beige stone surface",liveroom,"busy live sales counter, host holding the jade item above a velvet tray, human hand, wrist, upper body and face visible as natural distractors, other jade pieces softly blurred in the background","Generate one realistic live-stream sales room image: a livestream host is talking about this jade item; a carved jade pendant of Guanyin, full carving visible. busy live sales counter, host holding the jade item above a velvet tray, human hand, wrist, upper body and face visible as natural distractors, other jade pieces softly blurred in the background. Material and color: deep vivid imperial emerald green, saturated but natural jade color. Water quality: high-ice jade, very translucent, strong luster, fine clean texture. The jade object must be the main visual focus, fully visible, sharp focus, realistic polished jade luster, natural inclusions and texture appropriate for jadeite, no text or labels in the image. jewelry catalog photo, warm side light, beige stone surface.","text, label, caption, watermark, logo, certificate, price tag, QR code, ruler, fake plastic look, overexposed highlights, blurry jade item, cropped jade object, duplicate jade object, extra holes in jade, distorted carving, deformed hands, extra fingers, distorted facial features","{""color"": ""帝王绿"", ""style"": ""挂件"", ""theme"": ""观音"", ""water"": ""高冰""}",train,jade-synthetic-liveroom-v1
jade-gen-0009,data/generated_jade_liveroom_training_images/sample-0009.png,sample-0009.png,帝王绿,冰种,挂件,佛公,"a carved jade pendant of laughing Buddha, rounded belly visible","soft daylight product photography, neutral gray background",liveroom,"live-stream jade sales room, a host is talking about the jade item, upper body and face visible behind the product, one hand holding the jade close to the camera, soft ring light reflection, display trays in the background","Generate one realistic live-stream sales room image: a livestream host is talking about this jade item; a carved jade pendant of laughing Buddha, rounded belly visible. live-stream jade sales room, a host is talking about the jade item, upper body and face visible behind the product, one hand holding the jade close to the camera, soft ring light reflection, display trays in the background. Material and color: deep vivid imperial emerald green, saturated but natural jade color. Water quality: ice-type jade, translucent and clean, visible watery depth. The jade object must be the main visual focus, fully visible, sharp focus, realistic polished jade luster, natural inclusions and texture appropriate for jadeite, no text or labels in the image. soft daylight product photography, neutral gray background.","text, label, caption, watermark, logo, certificate, price tag, QR code, ruler, fake plastic look, overexposed highlights, blurry jade item, cropped jade object, duplicate jade object, extra holes in jade, distorted carving, deformed hands, extra fingers, distorted facial features","{""color"": ""帝王绿"", ""style"": ""挂件"", ""theme"": ""佛公"", ""water"": ""冰种""}",train,jade-synthetic-liveroom-v1
jade-gen-0010,data/generated_jade_liveroom_training_images/sample-0010.png,sample-0010.png,帝王绿,糯冰,挂件,如意,a carved jade ruyi pendant with curved ruyi silhouette,"studio product photo, softbox reflection, matte black background",liveroom,"vertical live-commerce room scene, a female presenter is explaining the jade piece, face and torso visible but slightly behind focus, both hands presenting the jade under bright studio lights, blurred shelves of jewelry in the background","Generate one realistic live-stream sales room image: a livestream host is talking about this jade item; a carved jade ruyi pendant with curved ruyi silhouette. vertical live-commerce room scene, a female presenter is explaining the jade piece, face and torso visible but slightly behind focus, both hands presenting the jade under bright studio lights, blurred shelves of jewelry in the background. Material and color: deep vivid imperial emerald green, saturated but natural jade color. Water quality: waxy-ice jade, semi-translucent, slightly cloudy but still icy. The jade object must be the main visual focus, fully visible, sharp focus, realistic polished jade luster, natural inclusions and texture appropriate for jadeite, no text or labels in the image. studio product photo, softbox reflection, matte black background.","text, label, caption, watermark, logo, certificate, price tag, QR code, ruler, fake plastic look, overexposed highlights, blurry jade item, cropped jade object, duplicate jade object, extra holes in jade, distorted carving, deformed hands, extra fingers, distorted facial features","{""color"": ""帝王绿"", ""style"": ""挂件"", ""theme"": ""如意"", ""water"": ""糯冰""}",val,jade-synthetic-liveroom-v1
jade-gen-0011,data/generated_jade_liveroom_training_images/sample-0011.png,sample-0011.png,帝王绿,糯种,挂件,叶子,a carved jade leaf pendant with leaf veins visible,"macro product photography, white acrylic base, clean shadow",liveroom,"jade livestream selling desk, presenter is speaking while pointing at the item, one hand and part of the upper body visible, face partially visible at the edge of frame, phone tripod and softbox reflections in the room","Generate one realistic live-stream sales room image: a livestream host is talking about this jade item; a carved jade leaf pendant with leaf veins visible. jade livestream selling desk, presenter is speaking while pointing at the item, one hand and part of the upper body visible, face partially visible at the edge of frame, phone tripod and softbox reflections in the room. Material and color: deep vivid imperial emerald green, saturated but natural jade color. Water quality: waxy jade, soft cloudy translucency, fine waxy texture. The jade object must be the main visual focus, fully visible, sharp focus, realistic polished jade luster, natural inclusions and texture appropriate for jadeite, no text or labels in the image. macro product photography, white acrylic base, clean shadow.","text, label, caption, watermark, logo, certificate, price tag, QR code, ruler, fake plastic look, overexposed highlights, blurry jade item, cropped jade object, duplicate jade object, extra holes in jade, distorted carving, deformed hands, extra fingers, distorted facial features","{""color"": ""帝王绿"", ""style"": ""挂件"", ""theme"": ""叶子"", ""water"": ""糯种""}",train,jade-synthetic-liveroom-v1
jade-gen-0012,data/generated_jade_liveroom_training_images/sample-0012.png,sample-0012.png,帝王绿,豆种,挂件,山水,a rectangular jade landscape plaque pendant with mountain and water relief carving,"jewelry catalog photo, warm side light, beige stone surface",liveroom,"busy live sales counter, host holding the jade item above a velvet tray, human hand, wrist, upper body and face visible as natural distractors, other jade pieces softly blurred in the background","Generate one realistic live-stream sales room image: a livestream host is talking about this jade item; a rectangular jade landscape plaque pendant with mountain and water relief carving. busy live sales counter, host holding the jade item above a velvet tray, human hand, wrist, upper body and face visible as natural distractors, other jade pieces softly blurred in the background. Material and color: deep vivid imperial emerald green, saturated but natural jade color. Water quality: bean-type jade, low translucency, visible granular texture. The jade object must be the main visual focus, fully visible, sharp focus, realistic polished jade luster, natural inclusions and texture appropriate for jadeite, no text or labels in the image. jewelry catalog photo, warm side light, beige stone surface.","text, label, caption, watermark, logo, certificate, price tag, QR code, ruler, fake plastic look, overexposed highlights, blurry jade item, cropped jade object, duplicate jade object, extra holes in jade, distorted carving, deformed hands, extra fingers, distorted facial features","{""color"": ""帝王绿"", ""style"": ""挂件"", ""theme"": ""山水"", ""water"": ""豆种""}",train,jade-synthetic-liveroom-v1
jade-gen-0013,data/generated_jade_liveroom_training_images/sample-0013.png,sample-0013.png,阳绿,高冰,挂件,貔貅,"a carved jade pixiu pendant, mythical beast silhouette visible","studio product photo, softbox reflection, matte black background",liveroom,"live-stream jade sales room, a host is talking about the jade item, upper body and face visible behind the product, one hand holding the jade close to the camera, soft ring light reflection, display trays in the background","Generate one realistic live-stream sales room image: a livestream host is talking about this jade item; a carved jade pixiu pendant, mythical beast silhouette visible. live-stream jade sales room, a host is talking about the jade item, upper body and face visible behind the product, one hand holding the jade close to the camera, soft ring light reflection, display trays in the background. Material and color: bright positive emerald green, clean vivid green jade tone. Water quality: high-ice jade, very translucent, strong luster, fine clean texture. The jade object must be the main visual focus, fully visible, sharp focus, realistic polished jade luster, natural inclusions and texture appropriate for jadeite, no text or labels in the image. studio product photo, softbox reflection, matte black background.","text, label, caption, watermark, logo, certificate, price tag, QR code, ruler, fake plastic look, overexposed highlights, blurry jade item, cropped jade object, duplicate jade object, extra holes in jade, distorted carving, deformed hands, extra fingers, distorted facial features","{""color"": ""阳绿"", ""style"": ""挂件"", ""theme"": ""貔貅"", ""water"": ""高冰""}",train,jade-synthetic-liveroom-v1
jade-gen-0014,data/generated_jade_liveroom_training_images/sample-0014.png,sample-0014.png,阳绿,冰种,挂件,葫芦,a carved jade gourd pendant with double-lobed gourd shape,"macro product photography, white acrylic base, clean shadow",liveroom,"vertical live-commerce room scene, a female presenter is explaining the jade piece, face and torso visible but slightly behind focus, both hands presenting the jade under bright studio lights, blurred shelves of jewelry in the background","Generate one realistic live-stream sales room image: a livestream host is talking about this jade item; a carved jade gourd pendant with double-lobed gourd shape. vertical live-commerce room scene, a female presenter is explaining the jade piece, face and torso visible but slightly behind focus, both hands presenting the jade under bright studio lights, blurred shelves of jewelry in the background. Material and color: bright positive emerald green, clean vivid green jade tone. Water quality: ice-type jade, translucent and clean, visible watery depth. The jade object must be the main visual focus, fully visible, sharp focus, realistic polished jade luster, natural inclusions and texture appropriate for jadeite, no text or labels in the image. macro product photography, white acrylic base, clean shadow.","text, label, caption, watermark, logo, certificate, price tag, QR code, ruler, fake plastic look, overexposed highlights, blurry jade item, cropped jade object, duplicate jade object, extra holes in jade, distorted carving, deformed hands, extra fingers, distorted facial features","{""color"": ""阳绿"", ""style"": ""挂件"", ""theme"": ""葫芦"", ""water"": ""冰种""}",train,jade-synthetic-liveroom-v1
jade-gen-0015,data/generated_jade_liveroom_training_images/sample-0015.png,sample-0015.png,阳绿,糯冰,挂件,龙,a carved jade dragon plaque pendant with dragon relief visible,"jewelry catalog photo, warm side light, beige stone surface",liveroom,"jade livestream selling desk, presenter is speaking while pointing at the item, one hand and part of the upper body visible, face partially visible at the edge of frame, phone tripod and softbox reflections in the room","Generate one realistic live-stream sales room image: a livestream host is talking about this jade item; a carved jade dragon plaque pendant with dragon relief visible. jade livestream selling desk, presenter is speaking while pointing at the item, one hand and part of the upper body visible, face partially visible at the edge of frame, phone tripod and softbox reflections in the room. Material and color: bright positive emerald green, clean vivid green jade tone. Water quality: waxy-ice jade, semi-translucent, slightly cloudy but still icy. The jade object must be the main visual focus, fully visible, sharp focus, realistic polished jade luster, natural inclusions and texture appropriate for jadeite, no text or labels in the image. jewelry catalog photo, warm side light, beige stone surface.","text, label, caption, watermark, logo, certificate, price tag, QR code, ruler, fake plastic look, overexposed highlights, blurry jade item, cropped jade object, duplicate jade object, extra holes in jade, distorted carving, deformed hands, extra fingers, distorted facial features","{""color"": ""阳绿"", ""style"": ""挂件"", ""theme"": ""龙"", ""water"": ""糯冰""}",train,jade-synthetic-liveroom-v1
jade-gen-0016,data/generated_jade_liveroom_training_images/sample-0016.png,sample-0016.png,阳绿,糯种,挂件,福瓜,a carved jade melon pendant with ribbed melon form,"soft daylight product photography, neutral gray background",liveroom,"busy live sales counter, host holding the jade item above a velvet tray, human hand, wrist, upper body and face visible as natural distractors, other jade pieces softly blurred in the background","Generate one realistic live-stream sales room image: a livestream host is talking about this jade item; a carved jade melon pendant with ribbed melon form. busy live sales counter, host holding the jade item above a velvet tray, human hand, wrist, upper body and face visible as natural distractors, other jade pieces softly blurred in the background. Material and color: bright positive emerald green, clean vivid green jade tone. Water quality: waxy jade, soft cloudy translucency, fine waxy texture. The jade object must be the main visual focus, fully visible, sharp focus, realistic polished jade luster, natural inclusions and texture appropriate for jadeite, no text or labels in the image. soft daylight product photography, neutral gray background.","text, label, caption, watermark, logo, certificate, price tag, QR code, ruler, fake plastic look, overexposed highlights, blurry jade item, cropped jade object, duplicate jade object, extra holes in jade, distorted carving, deformed hands, extra fingers, distorted facial features","{""color"": ""阳绿"", ""style"": ""挂件"", ""theme"": ""福瓜"", ""water"": ""糯种""}",train,jade-synthetic-liveroom-v1
jade-gen-0017,data/generated_jade_liveroom_training_images/sample-0017.png,sample-0017.png,阳绿,豆种,挂件,无事牌,"a plain rectangular jade plaque pendant, smooth face, no carved figure","studio product photo, softbox reflection, matte black background",liveroom,"live-stream jade sales room, a host is talking about the jade item, upper body and face visible behind the product, one hand holding the jade close to the camera, soft ring light reflection, display trays in the background","Generate one realistic live-stream sales room image: a livestream host is talking about this jade item; a plain rectangular jade plaque pendant, smooth face, no carved figure. live-stream jade sales room, a host is talking about the jade item, upper body and face visible behind the product, one hand holding the jade close to the camera, soft ring light reflection, display trays in the background. Material and color: bright positive emerald green, clean vivid green jade tone. Water quality: bean-type jade, low translucency, visible granular texture. The jade object must be the main visual focus, fully visible, sharp focus, realistic polished jade luster, natural inclusions and texture appropriate for jadeite, no text or labels in the image. studio product photo, softbox reflection, matte black background.","text, label, caption, watermark, logo, certificate, price tag, QR code, ruler, fake plastic look, overexposed highlights, blurry jade item, cropped jade object, duplicate jade object, extra holes in jade, distorted carving, deformed hands, extra fingers, distorted facial features","{""color"": ""阳绿"", ""style"": ""挂件"", ""theme"": ""无事牌"", ""water"": ""豆种""}",train,jade-synthetic-liveroom-v1
jade-gen-0018,data/generated_jade_liveroom_training_images/sample-0018.png,sample-0018.png,阳绿,玻璃种,吊坠,,"a small simple jade drop pendant with polished surface, no figurative carving","macro product photography, white acrylic base, clean shadow",liveroom,"vertical live-commerce room scene, a female presenter is explaining the jade piece, face and torso visible but slightly behind focus, both hands presenting the jade under bright studio lights, blurred shelves of jewelry in the background","Generate one realistic live-stream sales room image: a livestream host is talking about this jade item; a small simple jade drop pendant with polished surface, no figurative carving. vertical live-commerce room scene, a female presenter is explaining the jade piece, face and torso visible but slightly behind focus, both hands presenting the jade under bright studio lights, blurred shelves of jewelry in the background. Material and color: bright positive emerald green, clean vivid green jade tone. Water quality: glass-type jade, very high transparency, glass-like clarity, minimal grain. The jade object must be the main visual focus, fully visible, sharp focus, realistic polished jade luster, natural inclusions and texture appropriate for jadeite, no text or labels in the image. macro product photography, white acrylic base, clean shadow.","text, label, caption, watermark, logo, certificate, price tag, QR code, ruler, fake plastic look, overexposed highlights, blurry jade item, cropped jade object, duplicate jade object, extra holes in jade, distorted carving, deformed hands, extra fingers, distorted facial features","{""color"": ""阳绿"", ""style"": ""吊坠"", ""theme"": """", ""water"": ""玻璃种""}",train,jade-synthetic-liveroom-v1
jade-gen-0019,data/generated_jade_liveroom_training_images/sample-0019.png,sample-0019.png,阳绿,高冰,手镯,,"a single complete jade bangle bracelet lying flat, full ring visible","jewelry catalog photo, warm side light, beige stone surface",liveroom,"jade livestream selling desk, presenter is speaking while pointing at the item, one hand and part of the upper body visible, face partially visible at the edge of frame, phone tripod and softbox reflections in the room","Generate one realistic live-stream sales room image: a livestream host is talking about this jade item; a single complete jade bangle bracelet lying flat, full ring visible. jade livestream selling desk, presenter is speaking while pointing at the item, one hand and part of the upper body visible, face partially visible at the edge of frame, phone tripod and softbox reflections in the room. Material and color: bright positive emerald green, clean vivid green jade tone. Water quality: high-ice jade, very translucent, strong luster, fine clean texture. The jade object must be the main visual focus, fully visible, sharp focus, realistic polished jade luster, natural inclusions and texture appropriate for jadeite, no text or labels in the image. jewelry catalog photo, warm side light, beige stone surface.","text, label, caption, watermark, logo, certificate, price tag, QR code, ruler, fake plastic look, overexposed highlights, blurry jade item, cropped jade object, duplicate jade object, extra holes in jade, distorted carving, deformed hands, extra fingers, distorted facial features","{""color"": ""阳绿"", ""style"": ""手镯"", ""theme"": """", ""water"": ""高冰""}",train,jade-synthetic-liveroom-v1
jade-gen-0020,data/generated_jade_liveroom_training_images/sample-0020.png,sample-0020.png,阳绿,冰种,手镯,,a round jade bangle standing slightly upright on a small acrylic rest,"soft daylight product photography, neutral gray background",liveroom,"busy live sales counter, host holding the jade item above a velvet tray, human hand, wrist, upper body and face visible as natural distractors, other jade pieces softly blurred in the background","Generate one realistic live-stream sales room image: a livestream host is talking about this jade item; a round jade bangle standing slightly upright on a small acrylic rest. busy live sales counter, host holding the jade item above a velvet tray, human hand, wrist, upper body and face visible as natural distractors, other jade pieces softly blurred in the background. Material and color: bright positive emerald green, clean vivid green jade tone. Water quality: ice-type jade, translucent and clean, visible watery depth. The jade object must be the main visual focus, fully visible, sharp focus, realistic polished jade luster, natural inclusions and texture appropriate for jadeite, no text or labels in the image. soft daylight product photography, neutral gray background.","text, label, caption, watermark, logo, certificate, price tag, QR code, ruler, fake plastic look, overexposed highlights, blurry jade item, cropped jade object, duplicate jade object, extra holes in jade, distorted carving, deformed hands, extra fingers, distorted facial features","{""color"": ""阳绿"", ""style"": ""手镯"", ""theme"": """", ""water"": ""冰种""}",val,jade-synthetic-liveroom-v1
jade-gen-0021,data/generated_jade_liveroom_training_images/sample-0021.png,sample-0021.png,阳绿,糯冰,平安扣,,"a round jade safety buckle pendant, circular disc with a clean central hole","studio product photo, softbox reflection, matte black background",liveroom,"live-stream jade sales room, a host is talking about the jade item, upper body and face visible behind the product, one hand holding the jade close to the camera, soft ring light reflection, display trays in the background","Generate one realistic live-stream sales room image: a livestream host is talking about this jade item; a round jade safety buckle pendant, circular disc with a clean central hole. live-stream jade sales room, a host is talking about the jade item, upper body and face visible behind the product, one hand holding the jade close to the camera, soft ring light reflection, display trays in the background. Material and color: bright positive emerald green, clean vivid green jade tone. Water quality: waxy-ice jade, semi-translucent, slightly cloudy but still icy. The jade object must be the main visual focus, fully visible, sharp focus, realistic polished jade luster, natural inclusions and texture appropriate for jadeite, no text or labels in the image. studio product photo, softbox reflection, matte black background.","text, label, caption, watermark, logo, certificate, price tag, QR code, ruler, fake plastic look, overexposed highlights, blurry jade item, cropped jade object, duplicate jade object, extra holes in jade, distorted carving, deformed hands, extra fingers, distorted facial features","{""color"": ""阳绿"", ""style"": ""平安扣"", ""theme"": """", ""water"": ""糯冰""}",train,jade-synthetic-liveroom-v1
jade-gen-0022,data/generated_jade_liveroom_training_images/sample-0022.png,sample-0022.png,阳绿,糯种,珠串,,"a jade bead bracelet, individual polished round beads clearly visible","macro product photography, white acrylic base, clean shadow",liveroom,"vertical live-commerce room scene, a female presenter is explaining the jade piece, face and torso visible but slightly behind focus, both hands presenting the jade under bright studio lights, blurred shelves of jewelry in the background","Generate one realistic live-stream sales room image: a livestream host is talking about this jade item; a jade bead bracelet, individual polished round beads clearly visible. vertical live-commerce room scene, a female presenter is explaining the jade piece, face and torso visible but slightly behind focus, both hands presenting the jade under bright studio lights, blurred shelves of jewelry in the background. Material and color: bright positive emerald green, clean vivid green jade tone. Water quality: waxy jade, soft cloudy translucency, fine waxy texture. The jade object must be the main visual focus, fully visible, sharp focus, realistic polished jade luster, natural inclusions and texture appropriate for jadeite, no text or labels in the image. macro product photography, white acrylic base, clean shadow.","text, label, caption, watermark, logo, certificate, price tag, QR code, ruler, fake plastic look, overexposed highlights, blurry jade item, cropped jade object, duplicate jade object, extra holes in jade, distorted carving, deformed hands, extra fingers, distorted facial features","{""color"": ""阳绿"", ""style"": ""珠串"", ""theme"": """", ""water"": ""糯种""}",train,jade-synthetic-liveroom-v1
jade-gen-0023,data/generated_jade_liveroom_training_images/sample-0023.png,sample-0023.png,阳绿,豆种,蛋面,,"a loose oval jade cabochon gemstone, domed top, no metal setting","jewelry catalog photo, warm side light, beige stone surface",liveroom,"jade livestream selling desk, presenter is speaking while pointing at the item, one hand and part of the upper body visible, face partially visible at the edge of frame, phone tripod and softbox reflections in the room","Generate one realistic live-stream sales room image: a livestream host is talking about this jade item; a loose oval jade cabochon gemstone, domed top, no metal setting. jade livestream selling desk, presenter is speaking while pointing at the item, one hand and part of the upper body visible, face partially visible at the edge of frame, phone tripod and softbox reflections in the room. Material and color: bright positive emerald green, clean vivid green jade tone. Water quality: bean-type jade, low translucency, visible granular texture. The jade object must be the main visual focus, fully visible, sharp focus, realistic polished jade luster, natural inclusions and texture appropriate for jadeite, no text or labels in the image. jewelry catalog photo, warm side light, beige stone surface.","text, label, caption, watermark, logo, certificate, price tag, QR code, ruler, fake plastic look, overexposed highlights, blurry jade item, cropped jade object, duplicate jade object, extra holes in jade, distorted carving, deformed hands, extra fingers, distorted facial features","{""color"": ""阳绿"", ""style"": ""蛋面"", ""theme"": """", ""water"": ""豆种""}",train,jade-synthetic-liveroom-v1
jade-gen-0024,data/generated_jade_liveroom_training_images/sample-0024.png,sample-0024.png,阳绿,玻璃种,戒面,,"a polished oval jade ring-face stone, flatter than a cabochon, no metal setting","soft daylight product photography, neutral gray background",liveroom,"busy live sales counter, host holding the jade item above a velvet tray, human hand, wrist, upper body and face visible as natural distractors, other jade pieces softly blurred in the background","Generate one realistic live-stream sales room image: a livestream host is talking about this jade item; a polished oval jade ring-face stone, flatter than a cabochon, no metal setting. busy live sales counter, host holding the jade item above a velvet tray, human hand, wrist, upper body and face visible as natural distractors, other jade pieces softly blurred in the background. Material and color: bright positive emerald green, clean vivid green jade tone. Water quality: glass-type jade, very high transparency, glass-like clarity, minimal grain. The jade object must be the main visual focus, fully visible, sharp focus, realistic polished jade luster, natural inclusions and texture appropriate for jadeite, no text or labels in the image. soft daylight product photography, neutral gray background.","text, label, caption, watermark, logo, certificate, price tag, QR code, ruler, fake plastic look, overexposed highlights, blurry jade item, cropped jade object, duplicate jade object, extra holes in jade, distorted carving, deformed hands, extra fingers, distorted facial features","{""color"": ""阳绿"", ""style"": ""戒面"", ""theme"": """", ""water"": ""玻璃种""}",train,jade-synthetic-liveroom-v1
jade-gen-0025,data/generated_jade_liveroom_training_images/sample-0025.png,sample-0025.png,辣绿,冰种,戒指,,a jade ring with a jade cabochon mounted on a simple ring band,"macro product photography, white acrylic base, clean shadow",liveroom,"live-stream jade sales room, a host is talking about the jade item, upper body and face visible behind the product, one hand holding the jade close to the camera, soft ring light reflection, display trays in the background","Generate one realistic live-stream sales room image: a livestream host is talking about this jade item; a jade ring with a jade cabochon mounted on a simple ring band. live-stream jade sales room, a host is talking about the jade item, upper body and face visible behind the product, one hand holding the jade close to the camera, soft ring light reflection, display trays in the background. Material and color: intense spicy green, high saturation, bold green jade tone. Water quality: ice-type jade, translucent and clean, visible watery depth. The jade object must be the main visual focus, fully visible, sharp focus, realistic polished jade luster, natural inclusions and texture appropriate for jadeite, no text or labels in the image. macro product photography, white acrylic base, clean shadow.","text, label, caption, watermark, logo, certificate, price tag, QR code, ruler, fake plastic look, overexposed highlights, blurry jade item, cropped jade object, duplicate jade object, extra holes in jade, distorted carving, deformed hands, extra fingers, distorted facial features","{""color"": ""辣绿"", ""style"": ""戒指"", ""theme"": """", ""water"": ""冰种""}",train,jade-synthetic-liveroom-v1
jade-gen-0026,data/generated_jade_liveroom_training_images/sample-0026.png,sample-0026.png,辣绿,糯冰,挂件,观音,"a carved jade pendant of Guanyin, full carving visible","jewelry catalog photo, warm side light, beige stone surface",liveroom,"vertical live-commerce room scene, a female presenter is explaining the jade piece, face and torso visible but slightly behind focus, both hands presenting the jade under bright studio lights, blurred shelves of jewelry in the background","Generate one realistic live-stream sales room image: a livestream host is talking about this jade item; a carved jade pendant of Guanyin, full carving visible. vertical live-commerce room scene, a female presenter is explaining the jade piece, face and torso visible but slightly behind focus, both hands presenting the jade under bright studio lights, blurred shelves of jewelry in the background. Material and color: intense spicy green, high saturation, bold green jade tone. Water quality: waxy-ice jade, semi-translucent, slightly cloudy but still icy. The jade object must be the main visual focus, fully visible, sharp focus, realistic polished jade luster, natural inclusions and texture appropriate for jadeite, no text or labels in the image. jewelry catalog photo, warm side light, beige stone surface.","text, label, caption, watermark, logo, certificate, price tag, QR code, ruler, fake plastic look, overexposed highlights, blurry jade item, cropped jade object, duplicate jade object, extra holes in jade, distorted carving, deformed hands, extra fingers, distorted facial features","{""color"": ""辣绿"", ""style"": ""挂件"", ""theme"": ""观音"", ""water"": ""糯冰""}",train,jade-synthetic-liveroom-v1
jade-gen-0027,data/generated_jade_liveroom_training_images/sample-0027.png,sample-0027.png,辣绿,糯种,挂件,佛公,"a carved jade pendant of laughing Buddha, rounded belly visible","soft daylight product photography, neutral gray background",liveroom,"jade livestream selling desk, presenter is speaking while pointing at the item, one hand and part of the upper body visible, face partially visible at the edge of frame, phone tripod and softbox reflections in the room","Generate one realistic live-stream sales room image: a livestream host is talking about this jade item; a carved jade pendant of laughing Buddha, rounded belly visible. jade livestream selling desk, presenter is speaking while pointing at the item, one hand and part of the upper body visible, face partially visible at the edge of frame, phone tripod and softbox reflections in the room. Material and color: intense spicy green, high saturation, bold green jade tone. Water quality: waxy jade, soft cloudy translucency, fine waxy texture. The jade object must be the main visual focus, fully visible, sharp focus, realistic polished jade luster, natural inclusions and texture appropriate for jadeite, no text or labels in the image. soft daylight product photography, neutral gray background.","text, label, caption, watermark, logo, certificate, price tag, QR code, ruler, fake plastic look, overexposed highlights, blurry jade item, cropped jade object, duplicate jade object, extra holes in jade, distorted carving, deformed hands, extra fingers, distorted facial features","{""color"": ""辣绿"", ""style"": ""挂件"", ""theme"": ""佛公"", ""water"": ""糯种""}",train,jade-synthetic-liveroom-v1
jade-gen-0028,data/generated_jade_liveroom_training_images/sample-0028.png,sample-0028.png,辣绿,豆种,挂件,如意,a carved jade ruyi pendant with curved ruyi silhouette,"studio product photo, softbox reflection, matte black background",liveroom,"busy live sales counter, host holding the jade item above a velvet tray, human hand, wrist, upper body and face visible as natural distractors, other jade pieces softly blurred in the background","Generate one realistic live-stream sales room image: a livestream host is talking about this jade item; a carved jade ruyi pendant with curved ruyi silhouette. busy live sales counter, host holding the jade item above a velvet tray, human hand, wrist, upper body and face visible as natural distractors, other jade pieces softly blurred in the background. Material and color: intense spicy green, high saturation, bold green jade tone. Water quality: bean-type jade, low translucency, visible granular texture. The jade object must be the main visual focus, fully visible, sharp focus, realistic polished jade luster, natural inclusions and texture appropriate for jadeite, no text or labels in the image. studio product photo, softbox reflection, matte black background.","text, label, caption, watermark, logo, certificate, price tag, QR code, ruler, fake plastic look, overexposed highlights, blurry jade item, cropped jade object, duplicate jade object, extra holes in jade, distorted carving, deformed hands, extra fingers, distorted facial features","{""color"": ""辣绿"", ""style"": ""挂件"", ""theme"": ""如意"", ""water"": ""豆种""}",train,jade-synthetic-liveroom-v1
jade-gen-0029,data/generated_jade_liveroom_training_images/sample-0029.png,sample-0029.png,辣绿,玻璃种,挂件,叶子,a carved jade leaf pendant with leaf veins visible,"macro product photography, white acrylic base, clean shadow",liveroom,"live-stream jade sales room, a host is talking about the jade item, upper body and face visible behind the product, one hand holding the jade close to the camera, soft ring light reflection, display trays in the background","Generate one realistic live-stream sales room image: a livestream host is talking about this jade item; a carved jade leaf pendant with leaf veins visible. live-stream jade sales room, a host is talking about the jade item, upper body and face visible behind the product, one hand holding the jade close to the camera, soft ring light reflection, display trays in the background. Material and color: intense spicy green, high saturation, bold green jade tone. Water quality: glass-type jade, very high transparency, glass-like clarity, minimal grain. The jade object must be the main visual focus, fully visible, sharp focus, realistic polished jade luster, natural inclusions and texture appropriate for jadeite, no text or labels in the image. macro product photography, white acrylic base, clean shadow.","text, label, caption, watermark, logo, certificate, price tag, QR code, ruler, fake plastic look, overexposed highlights, blurry jade item, cropped jade object, duplicate jade object, extra holes in jade, distorted carving, deformed hands, extra fingers, distorted facial features","{""color"": ""辣绿"", ""style"": ""挂件"", ""theme"": ""叶子"", ""water"": ""玻璃种""}",train,jade-synthetic-liveroom-v1
jade-gen-0030,data/generated_jade_liveroom_training_images/sample-0030.png,sample-0030.png,辣绿,高冰,挂件,山水,a rectangular jade landscape plaque pendant with mountain and water relief carving,"jewelry catalog photo, warm side light, beige stone surface",liveroom,"vertical live-commerce room scene, a female presenter is explaining the jade piece, face and torso visible but slightly behind focus, both hands presenting the jade under bright studio lights, blurred shelves of jewelry in the background","Generate one realistic live-stream sales room image: a livestream host is talking about this jade item; a rectangular jade landscape plaque pendant with mountain and water relief carving. vertical live-commerce room scene, a female presenter is explaining the jade piece, face and torso visible but slightly behind focus, both hands presenting the jade under bright studio lights, blurred shelves of jewelry in the background. Material and color: intense spicy green, high saturation, bold green jade tone. Water quality: high-ice jade, very translucent, strong luster, fine clean texture. The jade object must be the main visual focus, fully visible, sharp focus, realistic polished jade luster, natural inclusions and texture appropriate for jadeite, no text or labels in the image. jewelry catalog photo, warm side light, beige stone surface.","text, label, caption, watermark, logo, certificate, price tag, QR code, ruler, fake plastic look, overexposed highlights, blurry jade item, cropped jade object, duplicate jade object, extra holes in jade, distorted carving, deformed hands, extra fingers, distorted facial features","{""color"": ""辣绿"", ""style"": ""挂件"", ""theme"": ""山水"", ""water"": ""高冰""}",val,jade-synthetic-liveroom-v1
jade-gen-0031,data/generated_jade_liveroom_training_images/sample-0031.png,sample-0031.png,辣绿,冰种,挂件,貔貅,"a carved jade pixiu pendant, mythical beast silhouette visible","soft daylight product photography, neutral gray background",liveroom,"jade livestream selling desk, presenter is speaking while pointing at the item, one hand and part of the upper body visible, face partially visible at the edge of frame, phone tripod and softbox reflections in the room","Generate one realistic live-stream sales room image: a livestream host is talking about this jade item; a carved jade pixiu pendant, mythical beast silhouette visible. jade livestream selling desk, presenter is speaking while pointing at the item, one hand and part of the upper body visible, face partially visible at the edge of frame, phone tripod and softbox reflections in the room. Material and color: intense spicy green, high saturation, bold green jade tone. Water quality: ice-type jade, translucent and clean, visible watery depth. The jade object must be the main visual focus, fully visible, sharp focus, realistic polished jade luster, natural inclusions and texture appropriate for jadeite, no text or labels in the image. soft daylight product photography, neutral gray background.","text, label, caption, watermark, logo, certificate, price tag, QR code, ruler, fake plastic look, overexposed highlights, blurry jade item, cropped jade object, duplicate jade object, extra holes in jade, distorted carving, deformed hands, extra fingers, distorted facial features","{""color"": ""辣绿"", ""style"": ""挂件"", ""theme"": ""貔貅"", ""water"": ""冰种""}",train,jade-synthetic-liveroom-v1
jade-gen-0032,data/generated_jade_liveroom_training_images/sample-0032.png,sample-0032.png,辣绿,糯冰,挂件,葫芦,a carved jade gourd pendant with double-lobed gourd shape,"studio product photo, softbox reflection, matte black background",liveroom,"busy live sales counter, host holding the jade item above a velvet tray, human hand, wrist, upper body and face visible as natural distractors, other jade pieces softly blurred in the background","Generate one realistic live-stream sales room image: a livestream host is talking about this jade item; a carved jade gourd pendant with double-lobed gourd shape. busy live sales counter, host holding the jade item above a velvet tray, human hand, wrist, upper body and face visible as natural distractors, other jade pieces softly blurred in the background. Material and color: intense spicy green, high saturation, bold green jade tone. Water quality: waxy-ice jade, semi-translucent, slightly cloudy but still icy. The jade object must be the main visual focus, fully visible, sharp focus, realistic polished jade luster, natural inclusions and texture appropriate for jadeite, no text or labels in the image. studio product photo, softbox reflection, matte black background.","text, label, caption, watermark, logo, certificate, price tag, QR code, ruler, fake plastic look, overexposed highlights, blurry jade item, cropped jade object, duplicate jade object, extra holes in jade, distorted carving, deformed hands, extra fingers, distorted facial features","{""color"": ""辣绿"", ""style"": ""挂件"", ""theme"": ""葫芦"", ""water"": ""糯冰""}",train,jade-synthetic-liveroom-v1
jade-gen-0033,data/generated_jade_liveroom_training_images/sample-0033.png,sample-0033.png,辣绿,糯种,挂件,龙,a carved jade dragon plaque pendant with dragon relief visible,"macro product photography, white acrylic base, clean shadow",liveroom,"live-stream jade sales room, a host is talking about the jade item, upper body and face visible behind the product, one hand holding the jade close to the camera, soft ring light reflection, display trays in the background","Generate one realistic live-stream sales room image: a livestream host is talking about this jade item; a carved jade dragon plaque pendant with dragon relief visible. live-stream jade sales room, a host is talking about the jade item, upper body and face visible behind the product, one hand holding the jade close to the camera, soft ring light reflection, display trays in the background. Material and color: intense spicy green, high saturation, bold green jade tone. Water quality: waxy jade, soft cloudy translucency, fine waxy texture. The jade object must be the main visual focus, fully visible, sharp focus, realistic polished jade luster, natural inclusions and texture appropriate for jadeite, no text or labels in the image. macro product photography, white acrylic base, clean shadow.","text, label, caption, watermark, logo, certificate, price tag, QR code, ruler, fake plastic look, overexposed highlights, blurry jade item, cropped jade object, duplicate jade object, extra holes in jade, distorted carving, deformed hands, extra fingers, distorted facial features","{""color"": ""辣绿"", ""style"": ""挂件"", ""theme"": ""龙"", ""water"": ""糯种""}",train,jade-synthetic-liveroom-v1
jade-gen-0034,data/generated_jade_liveroom_training_images/sample-0034.png,sample-0034.png,辣绿,豆种,挂件,福瓜,a carved jade melon pendant with ribbed melon form,"jewelry catalog photo, warm side light, beige stone surface",liveroom,"vertical live-commerce room scene, a female presenter is explaining the jade piece, face and torso visible but slightly behind focus, both hands presenting the jade under bright studio lights, blurred shelves of jewelry in the background","Generate one realistic live-stream sales room image: a livestream host is talking about this jade item; a carved jade melon pendant with ribbed melon form. vertical live-commerce room scene, a female presenter is explaining the jade piece, face and torso visible but slightly behind focus, both hands presenting the jade under bright studio lights, blurred shelves of jewelry in the background. Material and color: intense spicy green, high saturation, bold green jade tone. Water quality: bean-type jade, low translucency, visible granular texture. The jade object must be the main visual focus, fully visible, sharp focus, realistic polished jade luster, natural inclusions and texture appropriate for jadeite, no text or labels in the image. jewelry catalog photo, warm side light, beige stone surface.","text, label, caption, watermark, logo, certificate, price tag, QR code, ruler, fake plastic look, overexposed highlights, blurry jade item, cropped jade object, duplicate jade object, extra holes in jade, distorted carving, deformed hands, extra fingers, distorted facial features","{""color"": ""辣绿"", ""style"": ""挂件"", ""theme"": ""福瓜"", ""water"": ""豆种""}",train,jade-synthetic-liveroom-v1
jade-gen-0035,data/generated_jade_liveroom_training_images/sample-0035.png,sample-0035.png,辣绿,玻璃种,挂件,无事牌,"a plain rectangular jade plaque pendant, smooth face, no carved figure","soft daylight product photography, neutral gray background",liveroom,"jade livestream selling desk, presenter is speaking while pointing at the item, one hand and part of the upper body visible, face partially visible at the edge of frame, phone tripod and softbox reflections in the room","Generate one realistic live-stream sales room image: a livestream host is talking about this jade item; a plain rectangular jade plaque pendant, smooth face, no carved figure. jade livestream selling desk, presenter is speaking while pointing at the item, one hand and part of the upper body visible, face partially visible at the edge of frame, phone tripod and softbox reflections in the room. Material and color: intense spicy green, high saturation, bold green jade tone. Water quality: glass-type jade, very high transparency, glass-like clarity, minimal grain. The jade object must be the main visual focus, fully visible, sharp focus, realistic polished jade luster, natural inclusions and texture appropriate for jadeite, no text or labels in the image. soft daylight product photography, neutral gray background.","text, label, caption, watermark, logo, certificate, price tag, QR code, ruler, fake plastic look, overexposed highlights, blurry jade item, cropped jade object, duplicate jade object, extra holes in jade, distorted carving, deformed hands, extra fingers, distorted facial features","{""color"": ""辣绿"", ""style"": ""挂件"", ""theme"": ""无事牌"", ""water"": ""玻璃种""}",train,jade-synthetic-liveroom-v1
jade-gen-0036,data/generated_jade_liveroom_training_images/sample-0036.png,sample-0036.png,辣绿,高冰,吊坠,,"a small simple jade drop pendant with polished surface, no figurative carving","studio product photo, softbox reflection, matte black background",liveroom,"busy live sales counter, host holding the jade item above a velvet tray, human hand, wrist, upper body and face visible as natural distractors, other jade pieces softly blurred in the background","Generate one realistic live-stream sales room image: a livestream host is talking about this jade item; a small simple jade drop pendant with polished surface, no figurative carving. busy live sales counter, host holding the jade item above a velvet tray, human hand, wrist, upper body and face visible as natural distractors, other jade pieces softly blurred in the background. Material and color: intense spicy green, high saturation, bold green jade tone. Water quality: high-ice jade, very translucent, strong luster, fine clean texture. The jade object must be the main visual focus, fully visible, sharp focus, realistic polished jade luster, natural inclusions and texture appropriate for jadeite, no text or labels in the image. studio product photo, softbox reflection, matte black background.","text, label, caption, watermark, logo, certificate, price tag, QR code, ruler, fake plastic look, overexposed highlights, blurry jade item, cropped jade object, duplicate jade object, extra holes in jade, distorted carving, deformed hands, extra fingers, distorted facial features","{""color"": ""辣绿"", ""style"": ""吊坠"", ""theme"": """", ""water"": ""高冰""}",train,jade-synthetic-liveroom-v1
jade-gen-0037,data/generated_jade_liveroom_training_images/sample-0037.png,sample-0037.png,苹果绿,糯冰,手镯,,"a single complete jade bangle bracelet lying flat, full ring visible","jewelry catalog photo, warm side light, beige stone surface",liveroom,"live-stream jade sales room, a host is talking about the jade item, upper body and face visible behind the product, one hand holding the jade close to the camera, soft ring light reflection, display trays in the background","Generate one realistic live-stream sales room image: a livestream host is talking about this jade item; a single complete jade bangle bracelet lying flat, full ring visible. live-stream jade sales room, a host is talking about the jade item, upper body and face visible behind the product, one hand holding the jade close to the camera, soft ring light reflection, display trays in the background. Material and color: fresh apple green, bright yellow-green jade tone. Water quality: waxy-ice jade, semi-translucent, slightly cloudy but still icy. The jade object must be the main visual focus, fully visible, sharp focus, realistic polished jade luster, natural inclusions and texture appropriate for jadeite, no text or labels in the image. jewelry catalog photo, warm side light, beige stone surface.","text, label, caption, watermark, logo, certificate, price tag, QR code, ruler, fake plastic look, overexposed highlights, blurry jade item, cropped jade object, duplicate jade object, extra holes in jade, distorted carving, deformed hands, extra fingers, distorted facial features","{""color"": ""苹果绿"", ""style"": ""手镯"", ""theme"": """", ""water"": ""糯冰""}",train,jade-synthetic-liveroom-v1
jade-gen-0038,data/generated_jade_liveroom_training_images/sample-0038.png,sample-0038.png,苹果绿,糯种,手镯,,a round jade bangle standing slightly upright on a small acrylic rest,"soft daylight product photography, neutral gray background",liveroom,"vertical live-commerce room scene, a female presenter is explaining the jade piece, face and torso visible but slightly behind focus, both hands presenting the jade under bright studio lights, blurred shelves of jewelry in the background","Generate one realistic live-stream sales room image: a livestream host is talking about this jade item; a round jade bangle standing slightly upright on a small acrylic rest. vertical live-commerce room scene, a female presenter is explaining the jade piece, face and torso visible but slightly behind focus, both hands presenting the jade under bright studio lights, blurred shelves of jewelry in the background. Material and color: fresh apple green, bright yellow-green jade tone. Water quality: waxy jade, soft cloudy translucency, fine waxy texture. The jade object must be the main visual focus, fully visible, sharp focus, realistic polished jade luster, natural inclusions and texture appropriate for jadeite, no text or labels in the image. soft daylight product photography, neutral gray background.","text, label, caption, watermark, logo, certificate, price tag, QR code, ruler, fake plastic look, overexposed highlights, blurry jade item, cropped jade object, duplicate jade object, extra holes in jade, distorted carving, deformed hands, extra fingers, distorted facial features","{""color"": ""苹果绿"", ""style"": ""手镯"", ""theme"": """", ""water"": ""糯种""}",train,jade-synthetic-liveroom-v1
jade-gen-0039,data/generated_jade_liveroom_training_images/sample-0039.png,sample-0039.png,苹果绿,豆种,平安扣,,"a round jade safety buckle pendant, circular disc with a clean central hole","studio product photo, softbox reflection, matte black background",liveroom,"jade livestream selling desk, presenter is speaking while pointing at the item, one hand and part of the upper body visible, face partially visible at the edge of frame, phone tripod and softbox reflections in the room","Generate one realistic live-stream sales room image: a livestream host is talking about this jade item; a round jade safety buckle pendant, circular disc with a clean central hole. jade livestream selling desk, presenter is speaking while pointing at the item, one hand and part of the upper body visible, face partially visible at the edge of frame, phone tripod and softbox reflections in the room. Material and color: fresh apple green, bright yellow-green jade tone. Water quality: bean-type jade, low translucency, visible granular texture. The jade object must be the main visual focus, fully visible, sharp focus, realistic polished jade luster, natural inclusions and texture appropriate for jadeite, no text or labels in the image. studio product photo, softbox reflection, matte black background.","text, label, caption, watermark, logo, certificate, price tag, QR code, ruler, fake plastic look, overexposed highlights, blurry jade item, cropped jade object, duplicate jade object, extra holes in jade, distorted carving, deformed hands, extra fingers, distorted facial features","{""color"": ""苹果绿"", ""style"": ""平安扣"", ""theme"": """", ""water"": ""豆种""}",train,jade-synthetic-liveroom-v1
jade-gen-0040,data/generated_jade_liveroom_training_images/sample-0040.png,sample-0040.png,苹果绿,玻璃种,珠串,,"a jade bead bracelet, individual polished round beads clearly visible","macro product photography, white acrylic base, clean shadow",liveroom,"busy live sales counter, host holding the jade item above a velvet tray, human hand, wrist, upper body and face visible as natural distractors, other jade pieces softly blurred in the background","Generate one realistic live-stream sales room image: a livestream host is talking about this jade item; a jade bead bracelet, individual polished round beads clearly visible. busy live sales counter, host holding the jade item above a velvet tray, human hand, wrist, upper body and face visible as natural distractors, other jade pieces softly blurred in the background. Material and color: fresh apple green, bright yellow-green jade tone. Water quality: glass-type jade, very high transparency, glass-like clarity, minimal grain. The jade object must be the main visual focus, fully visible, sharp focus, realistic polished jade luster, natural inclusions and texture appropriate for jadeite, no text or labels in the image. macro product photography, white acrylic base, clean shadow.","text, label, caption, watermark, logo, certificate, price tag, QR code, ruler, fake plastic look, overexposed highlights, blurry jade item, cropped jade object, duplicate jade object, extra holes in jade, distorted carving, deformed hands, extra fingers, distorted facial features","{""color"": ""苹果绿"", ""style"": ""珠串"", ""theme"": """", ""water"": ""玻璃种""}",val,jade-synthetic-liveroom-v1
jade-gen-0041,data/generated_jade_liveroom_training_images/sample-0041.png,sample-0041.png,苹果绿,高冰,蛋面,,"a loose oval jade cabochon gemstone, domed top, no metal setting","jewelry catalog photo, warm side light, beige stone surface",liveroom,"live-stream jade sales room, a host is talking about the jade item, upper body and face visible behind the product, one hand holding the jade close to the camera, soft ring light reflection, display trays in the background","Generate one realistic live-stream sales room image: a livestream host is talking about this jade item; a loose oval jade cabochon gemstone, domed top, no metal setting. live-stream jade sales room, a host is talking about the jade item, upper body and face visible behind the product, one hand holding the jade close to the camera, soft ring light reflection, display trays in the background. Material and color: fresh apple green, bright yellow-green jade tone. Water quality: high-ice jade, very translucent, strong luster, fine clean texture. The jade object must be the main visual focus, fully visible, sharp focus, realistic polished jade luster, natural inclusions and texture appropriate for jadeite, no text or labels in the image. jewelry catalog photo, warm side light, beige stone surface.","text, label, caption, watermark, logo, certificate, price tag, QR code, ruler, fake plastic look, overexposed highlights, blurry jade item, cropped jade object, duplicate jade object, extra holes in jade, distorted carving, deformed hands, extra fingers, distorted facial features","{""color"": ""苹果绿"", ""style"": ""蛋面"", ""theme"": """", ""water"": ""高冰""}",train,jade-synthetic-liveroom-v1
jade-gen-0042,data/generated_jade_liveroom_training_images/sample-0042.png,sample-0042.png,苹果绿,冰种,戒面,,"a polished oval jade ring-face stone, flatter than a cabochon, no metal setting","soft daylight product photography, neutral gray background",liveroom,"vertical live-commerce room scene, a female presenter is explaining the jade piece, face and torso visible but slightly behind focus, both hands presenting the jade under bright studio lights, blurred shelves of jewelry in the background","Generate one realistic live-stream sales room image: a livestream host is talking about this jade item; a polished oval jade ring-face stone, flatter than a cabochon, no metal setting. vertical live-commerce room scene, a female presenter is explaining the jade piece, face and torso visible but slightly behind focus, both hands presenting the jade under bright studio lights, blurred shelves of jewelry in the background. Material and color: fresh apple green, bright yellow-green jade tone. Water quality: ice-type jade, translucent and clean, visible watery depth. The jade object must be the main visual focus, fully visible, sharp focus, realistic polished jade luster, natural inclusions and texture appropriate for jadeite, no text or labels in the image. soft daylight product photography, neutral gray background.","text, label, caption, watermark, logo, certificate, price tag, QR code, ruler, fake plastic look, overexposed highlights, blurry jade item, cropped jade object, duplicate jade object, extra holes in jade, distorted carving, deformed hands, extra fingers, distorted facial features","{""color"": ""苹果绿"", ""style"": ""戒面"", ""theme"": """", ""water"": ""冰种""}",train,jade-synthetic-liveroom-v1
jade-gen-0043,data/generated_jade_liveroom_training_images/sample-0043.png,sample-0043.png,苹果绿,糯冰,戒指,,a jade ring with a jade cabochon mounted on a simple ring band,"studio product photo, softbox reflection, matte black background",liveroom,"jade livestream selling desk, presenter is speaking while pointing at the item, one hand and part of the upper body visible, face partially visible at the edge of frame, phone tripod and softbox reflections in the room","Generate one realistic live-stream sales room image: a livestream host is talking about this jade item; a jade ring with a jade cabochon mounted on a simple ring band. jade livestream selling desk, presenter is speaking while pointing at the item, one hand and part of the upper body visible, face partially visible at the edge of frame, phone tripod and softbox reflections in the room. Material and color: fresh apple green, bright yellow-green jade tone. Water quality: waxy-ice jade, semi-translucent, slightly cloudy but still icy. The jade object must be the main visual focus, fully visible, sharp focus, realistic polished jade luster, natural inclusions and texture appropriate for jadeite, no text or labels in the image. studio product photo, softbox reflection, matte black background.","text, label, caption, watermark, logo, certificate, price tag, QR code, ruler, fake plastic look, overexposed highlights, blurry jade item, cropped jade object, duplicate jade object, extra holes in jade, distorted carving, deformed hands, extra fingers, distorted facial features","{""color"": ""苹果绿"", ""style"": ""戒指"", ""theme"": """", ""water"": ""糯冰""}",train,jade-synthetic-liveroom-v1
jade-gen-0044,data/generated_jade_liveroom_training_images/sample-0044.png,sample-0044.png,苹果绿,糯种,挂件,观音,"a carved jade pendant of Guanyin, full carving visible","macro product photography, white acrylic base, clean shadow",liveroom,"busy live sales counter, host holding the jade item above a velvet tray, human hand, wrist, upper body and face visible as natural distractors, other jade pieces softly blurred in the background","Generate one realistic live-stream sales room image: a livestream host is talking about this jade item; a carved jade pendant of Guanyin, full carving visible. busy live sales counter, host holding the jade item above a velvet tray, human hand, wrist, upper body and face visible as natural distractors, other jade pieces softly blurred in the background. Material and color: fresh apple green, bright yellow-green jade tone. Water quality: waxy jade, soft cloudy translucency, fine waxy texture. The jade object must be the main visual focus, fully visible, sharp focus, realistic polished jade luster, natural inclusions and texture appropriate for jadeite, no text or labels in the image. macro product photography, white acrylic base, clean shadow.","text, label, caption, watermark, logo, certificate, price tag, QR code, ruler, fake plastic look, overexposed highlights, blurry jade item, cropped jade object, duplicate jade object, extra holes in jade, distorted carving, deformed hands, extra fingers, distorted facial features","{""color"": ""苹果绿"", ""style"": ""挂件"", ""theme"": ""观音"", ""water"": ""糯种""}",train,jade-synthetic-liveroom-v1
jade-gen-0045,data/generated_jade_liveroom_training_images/sample-0045.png,sample-0045.png,苹果绿,豆种,挂件,佛公,"a carved jade pendant of laughing Buddha, rounded belly visible","jewelry catalog photo, warm side light, beige stone surface",liveroom,"live-stream jade sales room, a host is talking about the jade item, upper body and face visible behind the product, one hand holding the jade close to the camera, soft ring light reflection, display trays in the background","Generate one realistic live-stream sales room image: a livestream host is talking about this jade item; a carved jade pendant of laughing Buddha, rounded belly visible. live-stream jade sales room, a host is talking about the jade item, upper body and face visible behind the product, one hand holding the jade close to the camera, soft ring light reflection, display trays in the background. Material and color: fresh apple green, bright yellow-green jade tone. Water quality: bean-type jade, low translucency, visible granular texture. The jade object must be the main visual focus, fully visible, sharp focus, realistic polished jade luster, natural inclusions and texture appropriate for jadeite, no text or labels in the image. jewelry catalog photo, warm side light, beige stone surface.","text, label, caption, watermark, logo, certificate, price tag, QR code, ruler, fake plastic look, overexposed highlights, blurry jade item, cropped jade object, duplicate jade object, extra holes in jade, distorted carving, deformed hands, extra fingers, distorted facial features","{""color"": ""苹果绿"", ""style"": ""挂件"", ""theme"": ""佛公"", ""water"": ""豆种""}",train,jade-synthetic-liveroom-v1
jade-gen-0046,data/generated_jade_liveroom_training_images/sample-0046.png,sample-0046.png,苹果绿,玻璃种,挂件,如意,a carved jade ruyi pendant with curved ruyi silhouette,"soft daylight product photography, neutral gray background",liveroom,"vertical live-commerce room scene, a female presenter is explaining the jade piece, face and torso visible but slightly behind focus, both hands presenting the jade under bright studio lights, blurred shelves of jewelry in the background","Generate one realistic live-stream sales room image: a livestream host is talking about this jade item; a carved jade ruyi pendant with curved ruyi silhouette. vertical live-commerce room scene, a female presenter is explaining the jade piece, face and torso visible but slightly behind focus, both hands presenting the jade under bright studio lights, blurred shelves of jewelry in the background. Material and color: fresh apple green, bright yellow-green jade tone. Water quality: glass-type jade, very high transparency, glass-like clarity, minimal grain. The jade object must be the main visual focus, fully visible, sharp focus, realistic polished jade luster, natural inclusions and texture appropriate for jadeite, no text or labels in the image. soft daylight product photography, neutral gray background.","text, label, caption, watermark, logo, certificate, price tag, QR code, ruler, fake plastic look, overexposed highlights, blurry jade item, cropped jade object, duplicate jade object, extra holes in jade, distorted carving, deformed hands, extra fingers, distorted facial features","{""color"": ""苹果绿"", ""style"": ""挂件"", ""theme"": ""如意"", ""water"": ""玻璃种""}",train,jade-synthetic-liveroom-v1
jade-gen-0047,data/generated_jade_liveroom_training_images/sample-0047.png,sample-0047.png,苹果绿,高冰,挂件,叶子,a carved jade leaf pendant with leaf veins visible,"studio product photo, softbox reflection, matte black background",liveroom,"jade livestream selling desk, presenter is speaking while pointing at the item, one hand and part of the upper body visible, face partially visible at the edge of frame, phone tripod and softbox reflections in the room","Generate one realistic live-stream sales room image: a livestream host is talking about this jade item; a carved jade leaf pendant with leaf veins visible. jade livestream selling desk, presenter is speaking while pointing at the item, one hand and part of the upper body visible, face partially visible at the edge of frame, phone tripod and softbox reflections in the room. Material and color: fresh apple green, bright yellow-green jade tone. Water quality: high-ice jade, very translucent, strong luster, fine clean texture. The jade object must be the main visual focus, fully visible, sharp focus, realistic polished jade luster, natural inclusions and texture appropriate for jadeite, no text or labels in the image. studio product photo, softbox reflection, matte black background.","text, label, caption, watermark, logo, certificate, price tag, QR code, ruler, fake plastic look, overexposed highlights, blurry jade item, cropped jade object, duplicate jade object, extra holes in jade, distorted carving, deformed hands, extra fingers, distorted facial features","{""color"": ""苹果绿"", ""style"": ""挂件"", ""theme"": ""叶子"", ""water"": ""高冰""}",train,jade-synthetic-liveroom-v1
jade-gen-0048,data/generated_jade_liveroom_training_images/sample-0048.png,sample-0048.png,苹果绿,冰种,挂件,山水,a rectangular jade landscape plaque pendant with mountain and water relief carving,"macro product photography, white acrylic base, clean shadow",liveroom,"busy live sales counter, host holding the jade item above a velvet tray, human hand, wrist, upper body and face visible as natural distractors, other jade pieces softly blurred in the background","Generate one realistic live-stream sales room image: a livestream host is talking about this jade item; a rectangular jade landscape plaque pendant with mountain and water relief carving. busy live sales counter, host holding the jade item above a velvet tray, human hand, wrist, upper body and face visible as natural distractors, other jade pieces softly blurred in the background. Material and color: fresh apple green, bright yellow-green jade tone. Water quality: ice-type jade, translucent and clean, visible watery depth. The jade object must be the main visual focus, fully visible, sharp focus, realistic polished jade luster, natural inclusions and texture appropriate for jadeite, no text or labels in the image. macro product photography, white acrylic base, clean shadow.","text, label, caption, watermark, logo, certificate, price tag, QR code, ruler, fake plastic look, overexposed highlights, blurry jade item, cropped jade object, duplicate jade object, extra holes in jade, distorted carving, deformed hands, extra fingers, distorted facial features","{""color"": ""苹果绿"", ""style"": ""挂件"", ""theme"": ""山水"", ""water"": ""冰种""}",train,jade-synthetic-liveroom-v1
jade-gen-0049,data/generated_jade_liveroom_training_images/sample-0049.png,sample-0049.png,豆绿,糯种,挂件,貔貅,"a carved jade pixiu pendant, mythical beast silhouette visible","soft daylight product photography, neutral gray background",liveroom,"live-stream jade sales room, a host is talking about the jade item, upper body and face visible behind the product, one hand holding the jade close to the camera, soft ring light reflection, display trays in the background","Generate one realistic live-stream sales room image: a livestream host is talking about this jade item; a carved jade pixiu pendant, mythical beast silhouette visible. live-stream jade sales room, a host is talking about the jade item, upper body and face visible behind the product, one hand holding the jade close to the camera, soft ring light reflection, display trays in the background. Material and color: muted bean green, softer gray-green jade tone. Water quality: waxy jade, soft cloudy translucency, fine waxy texture. The jade object must be the main visual focus, fully visible, sharp focus, realistic polished jade luster, natural inclusions and texture appropriate for jadeite, no text or labels in the image. soft daylight product photography, neutral gray background.","text, label, caption, watermark, logo, certificate, price tag, QR code, ruler, fake plastic look, overexposed highlights, blurry jade item, cropped jade object, duplicate jade object, extra holes in jade, distorted carving, deformed hands, extra fingers, distorted facial features","{""color"": ""豆绿"", ""style"": ""挂件"", ""theme"": ""貔貅"", ""water"": ""糯种""}",train,jade-synthetic-liveroom-v1
jade-gen-0050,data/generated_jade_liveroom_training_images/sample-0050.png,sample-0050.png,豆绿,豆种,挂件,葫芦,a carved jade gourd pendant with double-lobed gourd shape,"studio product photo, softbox reflection, matte black background",liveroom,"vertical live-commerce room scene, a female presenter is explaining the jade piece, face and torso visible but slightly behind focus, both hands presenting the jade under bright studio lights, blurred shelves of jewelry in the background","Generate one realistic live-stream sales room image: a livestream host is talking about this jade item; a carved jade gourd pendant with double-lobed gourd shape. vertical live-commerce room scene, a female presenter is explaining the jade piece, face and torso visible but slightly behind focus, both hands presenting the jade under bright studio lights, blurred shelves of jewelry in the background. Material and color: muted bean green, softer gray-green jade tone. Water quality: bean-type jade, low translucency, visible granular texture. The jade object must be the main visual focus, fully visible, sharp focus, realistic polished jade luster, natural inclusions and texture appropriate for jadeite, no text or labels in the image. studio product photo, softbox reflection, matte black background.","text, label, caption, watermark, logo, certificate, price tag, QR code, ruler, fake plastic look, overexposed highlights, blurry jade item, cropped jade object, duplicate jade object, extra holes in jade, distorted carving, deformed hands, extra fingers, distorted facial features","{""color"": ""豆绿"", ""style"": ""挂件"", ""theme"": ""葫芦"", ""water"": ""豆种""}",val,jade-synthetic-liveroom-v1
jade-gen-0051,data/generated_jade_liveroom_training_images/sample-0051.png,sample-0051.png,豆绿,玻璃种,挂件,龙,a carved jade dragon plaque pendant with dragon relief visible,"macro product photography, white acrylic base, clean shadow",liveroom,"jade livestream selling desk, presenter is speaking while pointing at the item, one hand and part of the upper body visible, face partially visible at the edge of frame, phone tripod and softbox reflections in the room","Generate one realistic live-stream sales room image: a livestream host is talking about this jade item; a carved jade dragon plaque pendant with dragon relief visible. jade livestream selling desk, presenter is speaking while pointing at the item, one hand and part of the upper body visible, face partially visible at the edge of frame, phone tripod and softbox reflections in the room. Material and color: muted bean green, softer gray-green jade tone. Water quality: glass-type jade, very high transparency, glass-like clarity, minimal grain. The jade object must be the main visual focus, fully visible, sharp focus, realistic polished jade luster, natural inclusions and texture appropriate for jadeite, no text or labels in the image. macro product photography, white acrylic base, clean shadow.","text, label, caption, watermark, logo, certificate, price tag, QR code, ruler, fake plastic look, overexposed highlights, blurry jade item, cropped jade object, duplicate jade object, extra holes in jade, distorted carving, deformed hands, extra fingers, distorted facial features","{""color"": ""豆绿"", ""style"": ""挂件"", ""theme"": ""龙"", ""water"": ""玻璃种""}",train,jade-synthetic-liveroom-v1
jade-gen-0052,data/generated_jade_liveroom_training_images/sample-0052.png,sample-0052.png,豆绿,高冰,挂件,福瓜,a carved jade melon pendant with ribbed melon form,"jewelry catalog photo, warm side light, beige stone surface",liveroom,"busy live sales counter, host holding the jade item above a velvet tray, human hand, wrist, upper body and face visible as natural distractors, other jade pieces softly blurred in the background","Generate one realistic live-stream sales room image: a livestream host is talking about this jade item; a carved jade melon pendant with ribbed melon form. busy live sales counter, host holding the jade item above a velvet tray, human hand, wrist, upper body and face visible as natural distractors, other jade pieces softly blurred in the background. Material and color: muted bean green, softer gray-green jade tone. Water quality: high-ice jade, very translucent, strong luster, fine clean texture. The jade object must be the main visual focus, fully visible, sharp focus, realistic polished jade luster, natural inclusions and texture appropriate for jadeite, no text or labels in the image. jewelry catalog photo, warm side light, beige stone surface.","text, label, caption, watermark, logo, certificate, price tag, QR code, ruler, fake plastic look, overexposed highlights, blurry jade item, cropped jade object, duplicate jade object, extra holes in jade, distorted carving, deformed hands, extra fingers, distorted facial features","{""color"": ""豆绿"", ""style"": ""挂件"", ""theme"": ""福瓜"", ""water"": ""高冰""}",train,jade-synthetic-liveroom-v1
jade-gen-0053,data/generated_jade_liveroom_training_images/sample-0053.png,sample-0053.png,豆绿,冰种,挂件,无事牌,"a plain rectangular jade plaque pendant, smooth face, no carved figure","soft daylight product photography, neutral gray background",liveroom,"live-stream jade sales room, a host is talking about the jade item, upper body and face visible behind the product, one hand holding the jade close to the camera, soft ring light reflection, display trays in the background","Generate one realistic live-stream sales room image: a livestream host is talking about this jade item; a plain rectangular jade plaque pendant, smooth face, no carved figure. live-stream jade sales room, a host is talking about the jade item, upper body and face visible behind the product, one hand holding the jade close to the camera, soft ring light reflection, display trays in the background. Material and color: muted bean green, softer gray-green jade tone. Water quality: ice-type jade, translucent and clean, visible watery depth. The jade object must be the main visual focus, fully visible, sharp focus, realistic polished jade luster, natural inclusions and texture appropriate for jadeite, no text or labels in the image. soft daylight product photography, neutral gray background.","text, label, caption, watermark, logo, certificate, price tag, QR code, ruler, fake plastic look, overexposed highlights, blurry jade item, cropped jade object, duplicate jade object, extra holes in jade, distorted carving, deformed hands, extra fingers, distorted facial features","{""color"": ""豆绿"", ""style"": ""挂件"", ""theme"": ""无事牌"", ""water"": ""冰种""}",train,jade-synthetic-liveroom-v1
jade-gen-0054,data/generated_jade_liveroom_training_images/sample-0054.png,sample-0054.png,豆绿,糯冰,吊坠,,"a small simple jade drop pendant with polished surface, no figurative carving","studio product photo, softbox reflection, matte black background",liveroom,"vertical live-commerce room scene, a female presenter is explaining the jade piece, face and torso visible but slightly behind focus, both hands presenting the jade under bright studio lights, blurred shelves of jewelry in the background","Generate one realistic live-stream sales room image: a livestream host is talking about this jade item; a small simple jade drop pendant with polished surface, no figurative carving. vertical live-commerce room scene, a female presenter is explaining the jade piece, face and torso visible but slightly behind focus, both hands presenting the jade under bright studio lights, blurred shelves of jewelry in the background. Material and color: muted bean green, softer gray-green jade tone. Water quality: waxy-ice jade, semi-translucent, slightly cloudy but still icy. The jade object must be the main visual focus, fully visible, sharp focus, realistic polished jade luster, natural inclusions and texture appropriate for jadeite, no text or labels in the image. studio product photo, softbox reflection, matte black background.","text, label, caption, watermark, logo, certificate, price tag, QR code, ruler, fake plastic look, overexposed highlights, blurry jade item, cropped jade object, duplicate jade object, extra holes in jade, distorted carving, deformed hands, extra fingers, distorted facial features","{""color"": ""豆绿"", ""style"": ""吊坠"", ""theme"": """", ""water"": ""糯冰""}",train,jade-synthetic-liveroom-v1
jade-gen-0055,data/generated_jade_liveroom_training_images/sample-0055.png,sample-0055.png,豆绿,糯种,手镯,,"a single complete jade bangle bracelet lying flat, full ring visible","macro product photography, white acrylic base, clean shadow",liveroom,"jade livestream selling desk, presenter is speaking while pointing at the item, one hand and part of the upper body visible, face partially visible at the edge of frame, phone tripod and softbox reflections in the room","Generate one realistic live-stream sales room image: a livestream host is talking about this jade item; a single complete jade bangle bracelet lying flat, full ring visible. jade livestream selling desk, presenter is speaking while pointing at the item, one hand and part of the upper body visible, face partially visible at the edge of frame, phone tripod and softbox reflections in the room. Material and color: muted bean green, softer gray-green jade tone. Water quality: waxy jade, soft cloudy translucency, fine waxy texture. The jade object must be the main visual focus, fully visible, sharp focus, realistic polished jade luster, natural inclusions and texture appropriate for jadeite, no text or labels in the image. macro product photography, white acrylic base, clean shadow.","text, label, caption, watermark, logo, certificate, price tag, QR code, ruler, fake plastic look, overexposed highlights, blurry jade item, cropped jade object, duplicate jade object, extra holes in jade, distorted carving, deformed hands, extra fingers, distorted facial features","{""color"": ""豆绿"", ""style"": ""手镯"", ""theme"": """", ""water"": ""糯种""}",train,jade-synthetic-liveroom-v1
jade-gen-0056,data/generated_jade_liveroom_training_images/sample-0056.png,sample-0056.png,豆绿,豆种,手镯,,a round jade bangle standing slightly upright on a small acrylic rest,"jewelry catalog photo, warm side light, beige stone surface",liveroom,"busy live sales counter, host holding the jade item above a velvet tray, human hand, wrist, upper body and face visible as natural distractors, other jade pieces softly blurred in the background","Generate one realistic live-stream sales room image: a livestream host is talking about this jade item; a round jade bangle standing slightly upright on a small acrylic rest. busy live sales counter, host holding the jade item above a velvet tray, human hand, wrist, upper body and face visible as natural distractors, other jade pieces softly blurred in the background. Material and color: muted bean green, softer gray-green jade tone. Water quality: bean-type jade, low translucency, visible granular texture. The jade object must be the main visual focus, fully visible, sharp focus, realistic polished jade luster, natural inclusions and texture appropriate for jadeite, no text or labels in the image. jewelry catalog photo, warm side light, beige stone surface.","text, label, caption, watermark, logo, certificate, price tag, QR code, ruler, fake plastic look, overexposed highlights, blurry jade item, cropped jade object, duplicate jade object, extra holes in jade, distorted carving, deformed hands, extra fingers, distorted facial features","{""color"": ""豆绿"", ""style"": ""手镯"", ""theme"": """", ""water"": ""豆种""}",train,jade-synthetic-liveroom-v1
jade-gen-0057,data/generated_jade_liveroom_training_images/sample-0057.png,sample-0057.png,豆绿,玻璃种,平安扣,,"a round jade safety buckle pendant, circular disc with a clean central hole","soft daylight product photography, neutral gray background",liveroom,"live-stream jade sales room, a host is talking about the jade item, upper body and face visible behind the product, one hand holding the jade close to the camera, soft ring light reflection, display trays in the background","Generate one realistic live-stream sales room image: a livestream host is talking about this jade item; a round jade safety buckle pendant, circular disc with a clean central hole. live-stream jade sales room, a host is talking about the jade item, upper body and face visible behind the product, one hand holding the jade close to the camera, soft ring light reflection, display trays in the background. Material and color: muted bean green, softer gray-green jade tone. Water quality: glass-type jade, very high transparency, glass-like clarity, minimal grain. The jade object must be the main visual focus, fully visible, sharp focus, realistic polished jade luster, natural inclusions and texture appropriate for jadeite, no text or labels in the image. soft daylight product photography, neutral gray background.","text, label, caption, watermark, logo, certificate, price tag, QR code, ruler, fake plastic look, overexposed highlights, blurry jade item, cropped jade object, duplicate jade object, extra holes in jade, distorted carving, deformed hands, extra fingers, distorted facial features","{""color"": ""豆绿"", ""style"": ""平安扣"", ""theme"": """", ""water"": ""玻璃种""}",train,jade-synthetic-liveroom-v1
jade-gen-0058,data/generated_jade_liveroom_training_images/sample-0058.png,sample-0058.png,豆绿,高冰,珠串,,"a jade bead bracelet, individual polished round beads clearly visible","studio product photo, softbox reflection, matte black background",liveroom,"vertical live-commerce room scene, a female presenter is explaining the jade piece, face and torso visible but slightly behind focus, both hands presenting the jade under bright studio lights, blurred shelves of jewelry in the background","Generate one realistic live-stream sales room image: a livestream host is talking about this jade item; a jade bead bracelet, individual polished round beads clearly visible. vertical live-commerce room scene, a female presenter is explaining the jade piece, face and torso visible but slightly behind focus, both hands presenting the jade under bright studio lights, blurred shelves of jewelry in the background. Material and color: muted bean green, softer gray-green jade tone. Water quality: high-ice jade, very translucent, strong luster, fine clean texture. The jade object must be the main visual focus, fully visible, sharp focus, realistic polished jade luster, natural inclusions and texture appropriate for jadeite, no text or labels in the image. studio product photo, softbox reflection, matte black background.","text, label, caption, watermark, logo, certificate, price tag, QR code, ruler, fake plastic look, overexposed highlights, blurry jade item, cropped jade object, duplicate jade object, extra holes in jade, distorted carving, deformed hands, extra fingers, distorted facial features","{""color"": ""豆绿"", ""style"": ""珠串"", ""theme"": """", ""water"": ""高冰""}",train,jade-synthetic-liveroom-v1
jade-gen-0059,data/generated_jade_liveroom_training_images/sample-0059.png,sample-0059.png,豆绿,冰种,蛋面,,"a loose oval jade cabochon gemstone, domed top, no metal setting","macro product photography, white acrylic base, clean shadow",liveroom,"jade livestream selling desk, presenter is speaking while pointing at the item, one hand and part of the upper body visible, face partially visible at the edge of frame, phone tripod and softbox reflections in the room","Generate one realistic live-stream sales room image: a livestream host is talking about this jade item; a loose oval jade cabochon gemstone, domed top, no metal setting. jade livestream selling desk, presenter is speaking while pointing at the item, one hand and part of the upper body visible, face partially visible at the edge of frame, phone tripod and softbox reflections in the room. Material and color: muted bean green, softer gray-green jade tone. Water quality: ice-type jade, translucent and clean, visible watery depth. The jade object must be the main visual focus, fully visible, sharp focus, realistic polished jade luster, natural inclusions and texture appropriate for jadeite, no text or labels in the image. macro product photography, white acrylic base, clean shadow.","text, label, caption, watermark, logo, certificate, price tag, QR code, ruler, fake plastic look, overexposed highlights, blurry jade item, cropped jade object, duplicate jade object, extra holes in jade, distorted carving, deformed hands, extra fingers, distorted facial features","{""color"": ""豆绿"", ""style"": ""蛋面"", ""theme"": """", ""water"": ""冰种""}",train,jade-synthetic-liveroom-v1
jade-gen-0060,data/generated_jade_liveroom_training_images/sample-0060.png,sample-0060.png,豆绿,糯冰,戒面,,"a polished oval jade ring-face stone, flatter than a cabochon, no metal setting","jewelry catalog photo, warm side light, beige stone surface",liveroom,"busy live sales counter, host holding the jade item above a velvet tray, human hand, wrist, upper body and face visible as natural distractors, other jade pieces softly blurred in the background","Generate one realistic live-stream sales room image: a livestream host is talking about this jade item; a polished oval jade ring-face stone, flatter than a cabochon, no metal setting. busy live sales counter, host holding the jade item above a velvet tray, human hand, wrist, upper body and face visible as natural distractors, other jade pieces softly blurred in the background. Material and color: muted bean green, softer gray-green jade tone. Water quality: waxy-ice jade, semi-translucent, slightly cloudy but still icy. The jade object must be the main visual focus, fully visible, sharp focus, realistic polished jade luster, natural inclusions and texture appropriate for jadeite, no text or labels in the image. jewelry catalog photo, warm side light, beige stone surface.","text, label, caption, watermark, logo, certificate, price tag, QR code, ruler, fake plastic look, overexposed highlights, blurry jade item, cropped jade object, duplicate jade object, extra holes in jade, distorted carving, deformed hands, extra fingers, distorted facial features","{""color"": ""豆绿"", ""style"": ""戒面"", ""theme"": """", ""water"": ""糯冰""}",val,jade-synthetic-liveroom-v1
jade-gen-0061,data/generated_jade_liveroom_training_images/sample-0061.png,sample-0061.png,绿色,豆种,戒指,,a jade ring with a jade cabochon mounted on a simple ring band,"studio product photo, softbox reflection, matte black background",liveroom,"live-stream jade sales room, a host is talking about the jade item, upper body and face visible behind the product, one hand holding the jade close to the camera, soft ring light reflection, display trays in the background","Generate one realistic live-stream sales room image: a livestream host is talking about this jade item; a jade ring with a jade cabochon mounted on a simple ring band. live-stream jade sales room, a host is talking about the jade item, upper body and face visible behind the product, one hand holding the jade close to the camera, soft ring light reflection, display trays in the background. Material and color: natural medium green jade tone. Water quality: bean-type jade, low translucency, visible granular texture. The jade object must be the main visual focus, fully visible, sharp focus, realistic polished jade luster, natural inclusions and texture appropriate for jadeite, no text or labels in the image. studio product photo, softbox reflection, matte black background.","text, label, caption, watermark, logo, certificate, price tag, QR code, ruler, fake plastic look, overexposed highlights, blurry jade item, cropped jade object, duplicate jade object, extra holes in jade, distorted carving, deformed hands, extra fingers, distorted facial features","{""color"": ""绿色"", ""style"": ""戒指"", ""theme"": """", ""water"": ""豆种""}",train,jade-synthetic-liveroom-v1
jade-gen-0062,data/generated_jade_liveroom_training_images/sample-0062.png,sample-0062.png,绿色,玻璃种,挂件,观音,"a carved jade pendant of Guanyin, full carving visible","macro product photography, white acrylic base, clean shadow",liveroom,"vertical live-commerce room scene, a female presenter is explaining the jade piece, face and torso visible but slightly behind focus, both hands presenting the jade under bright studio lights, blurred shelves of jewelry in the background","Generate one realistic live-stream sales room image: a livestream host is talking about this jade item; a carved jade pendant of Guanyin, full carving visible. vertical live-commerce room scene, a female presenter is explaining the jade piece, face and torso visible but slightly behind focus, both hands presenting the jade under bright studio lights, blurred shelves of jewelry in the background. Material and color: natural medium green jade tone. Water quality: glass-type jade, very high transparency, glass-like clarity, minimal grain. The jade object must be the main visual focus, fully visible, sharp focus, realistic polished jade luster, natural inclusions and texture appropriate for jadeite, no text or labels in the image. macro product photography, white acrylic base, clean shadow.","text, label, caption, watermark, logo, certificate, price tag, QR code, ruler, fake plastic look, overexposed highlights, blurry jade item, cropped jade object, duplicate jade object, extra holes in jade, distorted carving, deformed hands, extra fingers, distorted facial features","{""color"": ""绿色"", ""style"": ""挂件"", ""theme"": ""观音"", ""water"": ""玻璃种""}",train,jade-synthetic-liveroom-v1
jade-gen-0063,data/generated_jade_liveroom_training_images/sample-0063.png,sample-0063.png,绿色,高冰,挂件,佛公,"a carved jade pendant of laughing Buddha, rounded belly visible","jewelry catalog photo, warm side light, beige stone surface",liveroom,"jade livestream selling desk, presenter is speaking while pointing at the item, one hand and part of the upper body visible, face partially visible at the edge of frame, phone tripod and softbox reflections in the room","Generate one realistic live-stream sales room image: a livestream host is talking about this jade item; a carved jade pendant of laughing Buddha, rounded belly visible. jade livestream selling desk, presenter is speaking while pointing at the item, one hand and part of the upper body visible, face partially visible at the edge of frame, phone tripod and softbox reflections in the room. Material and color: natural medium green jade tone. Water quality: high-ice jade, very translucent, strong luster, fine clean texture. The jade object must be the main visual focus, fully visible, sharp focus, realistic polished jade luster, natural inclusions and texture appropriate for jadeite, no text or labels in the image. jewelry catalog photo, warm side light, beige stone surface.","text, label, caption, watermark, logo, certificate, price tag, QR code, ruler, fake plastic look, overexposed highlights, blurry jade item, cropped jade object, duplicate jade object, extra holes in jade, distorted carving, deformed hands, extra fingers, distorted facial features","{""color"": ""绿色"", ""style"": ""挂件"", ""theme"": ""佛公"", ""water"": ""高冰""}",train,jade-synthetic-liveroom-v1
jade-gen-0064,data/generated_jade_liveroom_training_images/sample-0064.png,sample-0064.png,绿色,冰种,挂件,如意,a carved jade ruyi pendant with curved ruyi silhouette,"soft daylight product photography, neutral gray background",liveroom,"busy live sales counter, host holding the jade item above a velvet tray, human hand, wrist, upper body and face visible as natural distractors, other jade pieces softly blurred in the background","Generate one realistic live-stream sales room image: a livestream host is talking about this jade item; a carved jade ruyi pendant with curved ruyi silhouette. busy live sales counter, host holding the jade item above a velvet tray, human hand, wrist, upper body and face visible as natural distractors, other jade pieces softly blurred in the background. Material and color: natural medium green jade tone. Water quality: ice-type jade, translucent and clean, visible watery depth. The jade object must be the main visual focus, fully visible, sharp focus, realistic polished jade luster, natural inclusions and texture appropriate for jadeite, no text or labels in the image. soft daylight product photography, neutral gray background.","text, label, caption, watermark, logo, certificate, price tag, QR code, ruler, fake plastic look, overexposed highlights, blurry jade item, cropped jade object, duplicate jade object, extra holes in jade, distorted carving, deformed hands, extra fingers, distorted facial features","{""color"": ""绿色"", ""style"": ""挂件"", ""theme"": ""如意"", ""water"": ""冰种""}",train,jade-synthetic-liveroom-v1
jade-gen-0065,data/generated_jade_liveroom_training_images/sample-0065.png,sample-0065.png,绿色,糯冰,挂件,叶子,a carved jade leaf pendant with leaf veins visible,"studio product photo, softbox reflection, matte black background",liveroom,"live-stream jade sales room, a host is talking about the jade item, upper body and face visible behind the product, one hand holding the jade close to the camera, soft ring light reflection, display trays in the background","Generate one realistic live-stream sales room image: a livestream host is talking about this jade item; a carved jade leaf pendant with leaf veins visible. live-stream jade sales room, a host is talking about the jade item, upper body and face visible behind the product, one hand holding the jade close to the camera, soft ring light reflection, display trays in the background. Material and color: natural medium green jade tone. Water quality: waxy-ice jade, semi-translucent, slightly cloudy but still icy. The jade object must be the main visual focus, fully visible, sharp focus, realistic polished jade luster, natural inclusions and texture appropriate for jadeite, no text or labels in the image. studio product photo, softbox reflection, matte black background.","text, label, caption, watermark, logo, certificate, price tag, QR code, ruler, fake plastic look, overexposed highlights, blurry jade item, cropped jade object, duplicate jade object, extra holes in jade, distorted carving, deformed hands, extra fingers, distorted facial features","{""color"": ""绿色"", ""style"": ""挂件"", ""theme"": ""叶子"", ""water"": ""糯冰""}",train,jade-synthetic-liveroom-v1
jade-gen-0066,data/generated_jade_liveroom_training_images/sample-0066.png,sample-0066.png,绿色,糯种,挂件,山水,a rectangular jade landscape plaque pendant with mountain and water relief carving,"macro product photography, white acrylic base, clean shadow",liveroom,"vertical live-commerce room scene, a female presenter is explaining the jade piece, face and torso visible but slightly behind focus, both hands presenting the jade under bright studio lights, blurred shelves of jewelry in the background","Generate one realistic live-stream sales room image: a livestream host is talking about this jade item; a rectangular jade landscape plaque pendant with mountain and water relief carving. vertical live-commerce room scene, a female presenter is explaining the jade piece, face and torso visible but slightly behind focus, both hands presenting the jade under bright studio lights, blurred shelves of jewelry in the background. Material and color: natural medium green jade tone. Water quality: waxy jade, soft cloudy translucency, fine waxy texture. The jade object must be the main visual focus, fully visible, sharp focus, realistic polished jade luster, natural inclusions and texture appropriate for jadeite, no text or labels in the image. macro product photography, white acrylic base, clean shadow.","text, label, caption, watermark, logo, certificate, price tag, QR code, ruler, fake plastic look, overexposed highlights, blurry jade item, cropped jade object, duplicate jade object, extra holes in jade, distorted carving, deformed hands, extra fingers, distorted facial features","{""color"": ""绿色"", ""style"": ""挂件"", ""theme"": ""山水"", ""water"": ""糯种""}",train,jade-synthetic-liveroom-v1
jade-gen-0067,data/generated_jade_liveroom_training_images/sample-0067.png,sample-0067.png,绿色,豆种,挂件,貔貅,"a carved jade pixiu pendant, mythical beast silhouette visible","jewelry catalog photo, warm side light, beige stone surface",liveroom,"jade livestream selling desk, presenter is speaking while pointing at the item, one hand and part of the upper body visible, face partially visible at the edge of frame, phone tripod and softbox reflections in the room","Generate one realistic live-stream sales room image: a livestream host is talking about this jade item; a carved jade pixiu pendant, mythical beast silhouette visible. jade livestream selling desk, presenter is speaking while pointing at the item, one hand and part of the upper body visible, face partially visible at the edge of frame, phone tripod and softbox reflections in the room. Material and color: natural medium green jade tone. Water quality: bean-type jade, low translucency, visible granular texture. The jade object must be the main visual focus, fully visible, sharp focus, realistic polished jade luster, natural inclusions and texture appropriate for jadeite, no text or labels in the image. jewelry catalog photo, warm side light, beige stone surface.","text, label, caption, watermark, logo, certificate, price tag, QR code, ruler, fake plastic look, overexposed highlights, blurry jade item, cropped jade object, duplicate jade object, extra holes in jade, distorted carving, deformed hands, extra fingers, distorted facial features","{""color"": ""绿色"", ""style"": ""挂件"", ""theme"": ""貔貅"", ""water"": ""豆种""}",train,jade-synthetic-liveroom-v1
jade-gen-0068,data/generated_jade_liveroom_training_images/sample-0068.png,sample-0068.png,绿色,玻璃种,挂件,葫芦,a carved jade gourd pendant with double-lobed gourd shape,"soft daylight product photography, neutral gray background",liveroom,"busy live sales counter, host holding the jade item above a velvet tray, human hand, wrist, upper body and face visible as natural distractors, other jade pieces softly blurred in the background","Generate one realistic live-stream sales room image: a livestream host is talking about this jade item; a carved jade gourd pendant with double-lobed gourd shape. busy live sales counter, host holding the jade item above a velvet tray, human hand, wrist, upper body and face visible as natural distractors, other jade pieces softly blurred in the background. Material and color: natural medium green jade tone. Water quality: glass-type jade, very high transparency, glass-like clarity, minimal grain. The jade object must be the main visual focus, fully visible, sharp focus, realistic polished jade luster, natural inclusions and texture appropriate for jadeite, no text or labels in the image. soft daylight product photography, neutral gray background.","text, label, caption, watermark, logo, certificate, price tag, QR code, ruler, fake plastic look, overexposed highlights, blurry jade item, cropped jade object, duplicate jade object, extra holes in jade, distorted carving, deformed hands, extra fingers, distorted facial features","{""color"": ""绿色"", ""style"": ""挂件"", ""theme"": ""葫芦"", ""water"": ""玻璃种""}",train,jade-synthetic-liveroom-v1
jade-gen-0069,data/generated_jade_liveroom_training_images/sample-0069.png,sample-0069.png,绿色,高冰,挂件,龙,a carved jade dragon plaque pendant with dragon relief visible,"studio product photo, softbox reflection, matte black background",liveroom,"live-stream jade sales room, a host is talking about the jade item, upper body and face visible behind the product, one hand holding the jade close to the camera, soft ring light reflection, display trays in the background","Generate one realistic live-stream sales room image: a livestream host is talking about this jade item; a carved jade dragon plaque pendant with dragon relief visible. live-stream jade sales room, a host is talking about the jade item, upper body and face visible behind the product, one hand holding the jade close to the camera, soft ring light reflection, display trays in the background. Material and color: natural medium green jade tone. Water quality: high-ice jade, very translucent, strong luster, fine clean texture. The jade object must be the main visual focus, fully visible, sharp focus, realistic polished jade luster, natural inclusions and texture appropriate for jadeite, no text or labels in the image. studio product photo, softbox reflection, matte black background.","text, label, caption, watermark, logo, certificate, price tag, QR code, ruler, fake plastic look, overexposed highlights, blurry jade item, cropped jade object, duplicate jade object, extra holes in jade, distorted carving, deformed hands, extra fingers, distorted facial features","{""color"": ""绿色"", ""style"": ""挂件"", ""theme"": ""龙"", ""water"": ""高冰""}",train,jade-synthetic-liveroom-v1
jade-gen-0070,data/generated_jade_liveroom_training_images/sample-0070.png,sample-0070.png,绿色,冰种,挂件,福瓜,a carved jade melon pendant with ribbed melon form,"macro product photography, white acrylic base, clean shadow",liveroom,"vertical live-commerce room scene, a female presenter is explaining the jade piece, face and torso visible but slightly behind focus, both hands presenting the jade under bright studio lights, blurred shelves of jewelry in the background","Generate one realistic live-stream sales room image: a livestream host is talking about this jade item; a carved jade melon pendant with ribbed melon form. vertical live-commerce room scene, a female presenter is explaining the jade piece, face and torso visible but slightly behind focus, both hands presenting the jade under bright studio lights, blurred shelves of jewelry in the background. Material and color: natural medium green jade tone. Water quality: ice-type jade, translucent and clean, visible watery depth. The jade object must be the main visual focus, fully visible, sharp focus, realistic polished jade luster, natural inclusions and texture appropriate for jadeite, no text or labels in the image. macro product photography, white acrylic base, clean shadow.","text, label, caption, watermark, logo, certificate, price tag, QR code, ruler, fake plastic look, overexposed highlights, blurry jade item, cropped jade object, duplicate jade object, extra holes in jade, distorted carving, deformed hands, extra fingers, distorted facial features","{""color"": ""绿色"", ""style"": ""挂件"", ""theme"": ""福瓜"", ""water"": ""冰种""}",val,jade-synthetic-liveroom-v1
jade-gen-0071,data/generated_jade_liveroom_training_images/sample-0071.png,sample-0071.png,绿色,糯冰,挂件,无事牌,"a plain rectangular jade plaque pendant, smooth face, no carved figure","jewelry catalog photo, warm side light, beige stone surface",liveroom,"jade livestream selling desk, presenter is speaking while pointing at the item, one hand and part of the upper body visible, face partially visible at the edge of frame, phone tripod and softbox reflections in the room","Generate one realistic live-stream sales room image: a livestream host is talking about this jade item; a plain rectangular jade plaque pendant, smooth face, no carved figure. jade livestream selling desk, presenter is speaking while pointing at the item, one hand and part of the upper body visible, face partially visible at the edge of frame, phone tripod and softbox reflections in the room. Material and color: natural medium green jade tone. Water quality: waxy-ice jade, semi-translucent, slightly cloudy but still icy. The jade object must be the main visual focus, fully visible, sharp focus, realistic polished jade luster, natural inclusions and texture appropriate for jadeite, no text or labels in the image. jewelry catalog photo, warm side light, beige stone surface.","text, label, caption, watermark, logo, certificate, price tag, QR code, ruler, fake plastic look, overexposed highlights, blurry jade item, cropped jade object, duplicate jade object, extra holes in jade, distorted carving, deformed hands, extra fingers, distorted facial features","{""color"": ""绿色"", ""style"": ""挂件"", ""theme"": ""无事牌"", ""water"": ""糯冰""}",train,jade-synthetic-liveroom-v1
jade-gen-0072,data/generated_jade_liveroom_training_images/sample-0072.png,sample-0072.png,绿色,糯种,吊坠,,"a small simple jade drop pendant with polished surface, no figurative carving","soft daylight product photography, neutral gray background",liveroom,"busy live sales counter, host holding the jade item above a velvet tray, human hand, wrist, upper body and face visible as natural distractors, other jade pieces softly blurred in the background","Generate one realistic live-stream sales room image: a livestream host is talking about this jade item; a small simple jade drop pendant with polished surface, no figurative carving. busy live sales counter, host holding the jade item above a velvet tray, human hand, wrist, upper body and face visible as natural distractors, other jade pieces softly blurred in the background. Material and color: natural medium green jade tone. Water quality: waxy jade, soft cloudy translucency, fine waxy texture. The jade object must be the main visual focus, fully visible, sharp focus, realistic polished jade luster, natural inclusions and texture appropriate for jadeite, no text or labels in the image. soft daylight product photography, neutral gray background.","text, label, caption, watermark, logo, certificate, price tag, QR code, ruler, fake plastic look, overexposed highlights, blurry jade item, cropped jade object, duplicate jade object, extra holes in jade, distorted carving, deformed hands, extra fingers, distorted facial features","{""color"": ""绿色"", ""style"": ""吊坠"", ""theme"": """", ""water"": ""糯种""}",train,jade-synthetic-liveroom-v1
jade-gen-0073,data/generated_jade_liveroom_training_images/sample-0073.png,sample-0073.png,蓝水,玻璃种,手镯,,"a single complete jade bangle bracelet lying flat, full ring visible","macro product photography, white acrylic base, clean shadow",liveroom,"live-stream jade sales room, a host is talking about the jade item, upper body and face visible behind the product, one hand holding the jade close to the camera, soft ring light reflection, display trays in the background","Generate one realistic live-stream sales room image: a livestream host is talking about this jade item; a single complete jade bangle bracelet lying flat, full ring visible. live-stream jade sales room, a host is talking about the jade item, upper body and face visible behind the product, one hand holding the jade close to the camera, soft ring light reflection, display trays in the background. Material and color: blue-water jade, cool blue green with darker watery tone. Water quality: glass-type jade, very high transparency, glass-like clarity, minimal grain. The jade object must be the main visual focus, fully visible, sharp focus, realistic polished jade luster, natural inclusions and texture appropriate for jadeite, no text or labels in the image. macro product photography, white acrylic base, clean shadow.","text, label, caption, watermark, logo, certificate, price tag, QR code, ruler, fake plastic look, overexposed highlights, blurry jade item, cropped jade object, duplicate jade object, extra holes in jade, distorted carving, deformed hands, extra fingers, distorted facial features","{""color"": ""蓝水"", ""style"": ""手镯"", ""theme"": """", ""water"": ""玻璃种""}",train,jade-synthetic-liveroom-v1
jade-gen-0074,data/generated_jade_liveroom_training_images/sample-0074.png,sample-0074.png,蓝水,高冰,手镯,,a round jade bangle standing slightly upright on a small acrylic rest,"jewelry catalog photo, warm side light, beige stone surface",liveroom,"vertical live-commerce room scene, a female presenter is explaining the jade piece, face and torso visible but slightly behind focus, both hands presenting the jade under bright studio lights, blurred shelves of jewelry in the background","Generate one realistic live-stream sales room image: a livestream host is talking about this jade item; a round jade bangle standing slightly upright on a small acrylic rest. vertical live-commerce room scene, a female presenter is explaining the jade piece, face and torso visible but slightly behind focus, both hands presenting the jade under bright studio lights, blurred shelves of jewelry in the background. Material and color: blue-water jade, cool blue green with darker watery tone. Water quality: high-ice jade, very translucent, strong luster, fine clean texture. The jade object must be the main visual focus, fully visible, sharp focus, realistic polished jade luster, natural inclusions and texture appropriate for jadeite, no text or labels in the image. jewelry catalog photo, warm side light, beige stone surface.","text, label, caption, watermark, logo, certificate, price tag, QR code, ruler, fake plastic look, overexposed highlights, blurry jade item, cropped jade object, duplicate jade object, extra holes in jade, distorted carving, deformed hands, extra fingers, distorted facial features","{""color"": ""蓝水"", ""style"": ""手镯"", ""theme"": """", ""water"": ""高冰""}",train,jade-synthetic-liveroom-v1
jade-gen-0075,data/generated_jade_liveroom_training_images/sample-0075.png,sample-0075.png,蓝水,冰种,平安扣,,"a round jade safety buckle pendant, circular disc with a clean central hole","soft daylight product photography, neutral gray background",liveroom,"jade livestream selling desk, presenter is speaking while pointing at the item, one hand and part of the upper body visible, face partially visible at the edge of frame, phone tripod and softbox reflections in the room","Generate one realistic live-stream sales room image: a livestream host is talking about this jade item; a round jade safety buckle pendant, circular disc with a clean central hole. jade livestream selling desk, presenter is speaking while pointing at the item, one hand and part of the upper body visible, face partially visible at the edge of frame, phone tripod and softbox reflections in the room. Material and color: blue-water jade, cool blue green with darker watery tone. Water quality: ice-type jade, translucent and clean, visible watery depth. The jade object must be the main visual focus, fully visible, sharp focus, realistic polished jade luster, natural inclusions and texture appropriate for jadeite, no text or labels in the image. soft daylight product photography, neutral gray background.","text, label, caption, watermark, logo, certificate, price tag, QR code, ruler, fake plastic look, overexposed highlights, blurry jade item, cropped jade object, duplicate jade object, extra holes in jade, distorted carving, deformed hands, extra fingers, distorted facial features","{""color"": ""蓝水"", ""style"": ""平安扣"", ""theme"": """", ""water"": ""冰种""}",train,jade-synthetic-liveroom-v1
jade-gen-0076,data/generated_jade_liveroom_training_images/sample-0076.png,sample-0076.png,蓝水,糯冰,珠串,,"a jade bead bracelet, individual polished round beads clearly visible","studio product photo, softbox reflection, matte black background",liveroom,"busy live sales counter, host holding the jade item above a velvet tray, human hand, wrist, upper body and face visible as natural distractors, other jade pieces softly blurred in the background","Generate one realistic live-stream sales room image: a livestream host is talking about this jade item; a jade bead bracelet, individual polished round beads clearly visible. busy live sales counter, host holding the jade item above a velvet tray, human hand, wrist, upper body and face visible as natural distractors, other jade pieces softly blurred in the background. Material and color: blue-water jade, cool blue green with darker watery tone. Water quality: waxy-ice jade, semi-translucent, slightly cloudy but still icy. The jade object must be the main visual focus, fully visible, sharp focus, realistic polished jade luster, natural inclusions and texture appropriate for jadeite, no text or labels in the image. studio product photo, softbox reflection, matte black background.","text, label, caption, watermark, logo, certificate, price tag, QR code, ruler, fake plastic look, overexposed highlights, blurry jade item, cropped jade object, duplicate jade object, extra holes in jade, distorted carving, deformed hands, extra fingers, distorted facial features","{""color"": ""蓝水"", ""style"": ""珠串"", ""theme"": """", ""water"": ""糯冰""}",train,jade-synthetic-liveroom-v1
jade-gen-0077,data/generated_jade_liveroom_training_images/sample-0077.png,sample-0077.png,蓝水,糯种,蛋面,,"a loose oval jade cabochon gemstone, domed top, no metal setting","macro product photography, white acrylic base, clean shadow",liveroom,"live-stream jade sales room, a host is talking about the jade item, upper body and face visible behind the product, one hand holding the jade close to the camera, soft ring light reflection, display trays in the background","Generate one realistic live-stream sales room image: a livestream host is talking about this jade item; a loose oval jade cabochon gemstone, domed top, no metal setting. live-stream jade sales room, a host is talking about the jade item, upper body and face visible behind the product, one hand holding the jade close to the camera, soft ring light reflection, display trays in the background. Material and color: blue-water jade, cool blue green with darker watery tone. Water quality: waxy jade, soft cloudy translucency, fine waxy texture. The jade object must be the main visual focus, fully visible, sharp focus, realistic polished jade luster, natural inclusions and texture appropriate for jadeite, no text or labels in the image. macro product photography, white acrylic base, clean shadow.","text, label, caption, watermark, logo, certificate, price tag, QR code, ruler, fake plastic look, overexposed highlights, blurry jade item, cropped jade object, duplicate jade object, extra holes in jade, distorted carving, deformed hands, extra fingers, distorted facial features","{""color"": ""蓝水"", ""style"": ""蛋面"", ""theme"": """", ""water"": ""糯种""}",train,jade-synthetic-liveroom-v1
jade-gen-0078,data/generated_jade_liveroom_training_images/sample-0078.png,sample-0078.png,蓝水,豆种,戒面,,"a polished oval jade ring-face stone, flatter than a cabochon, no metal setting","jewelry catalog photo, warm side light, beige stone surface",liveroom,"vertical live-commerce room scene, a female presenter is explaining the jade piece, face and torso visible but slightly behind focus, both hands presenting the jade under bright studio lights, blurred shelves of jewelry in the background","Generate one realistic live-stream sales room image: a livestream host is talking about this jade item; a polished oval jade ring-face stone, flatter than a cabochon, no metal setting. vertical live-commerce room scene, a female presenter is explaining the jade piece, face and torso visible but slightly behind focus, both hands presenting the jade under bright studio lights, blurred shelves of jewelry in the background. Material and color: blue-water jade, cool blue green with darker watery tone. Water quality: bean-type jade, low translucency, visible granular texture. The jade object must be the main visual focus, fully visible, sharp focus, realistic polished jade luster, natural inclusions and texture appropriate for jadeite, no text or labels in the image. jewelry catalog photo, warm side light, beige stone surface.","text, label, caption, watermark, logo, certificate, price tag, QR code, ruler, fake plastic look, overexposed highlights, blurry jade item, cropped jade object, duplicate jade object, extra holes in jade, distorted carving, deformed hands, extra fingers, distorted facial features","{""color"": ""蓝水"", ""style"": ""戒面"", ""theme"": """", ""water"": ""豆种""}",train,jade-synthetic-liveroom-v1
jade-gen-0079,data/generated_jade_liveroom_training_images/sample-0079.png,sample-0079.png,蓝水,玻璃种,戒指,,a jade ring with a jade cabochon mounted on a simple ring band,"soft daylight product photography, neutral gray background",liveroom,"jade livestream selling desk, presenter is speaking while pointing at the item, one hand and part of the upper body visible, face partially visible at the edge of frame, phone tripod and softbox reflections in the room","Generate one realistic live-stream sales room image: a livestream host is talking about this jade item; a jade ring with a jade cabochon mounted on a simple ring band. jade livestream selling desk, presenter is speaking while pointing at the item, one hand and part of the upper body visible, face partially visible at the edge of frame, phone tripod and softbox reflections in the room. Material and color: blue-water jade, cool blue green with darker watery tone. Water quality: glass-type jade, very high transparency, glass-like clarity, minimal grain. The jade object must be the main visual focus, fully visible, sharp focus, realistic polished jade luster, natural inclusions and texture appropriate for jadeite, no text or labels in the image. soft daylight product photography, neutral gray background.","text, label, caption, watermark, logo, certificate, price tag, QR code, ruler, fake plastic look, overexposed highlights, blurry jade item, cropped jade object, duplicate jade object, extra holes in jade, distorted carving, deformed hands, extra fingers, distorted facial features","{""color"": ""蓝水"", ""style"": ""戒指"", ""theme"": """", ""water"": ""玻璃种""}",train,jade-synthetic-liveroom-v1
jade-gen-0080,data/generated_jade_liveroom_training_images/sample-0080.png,sample-0080.png,蓝水,高冰,挂件,观音,"a carved jade pendant of Guanyin, full carving visible","studio product photo, softbox reflection, matte black background",liveroom,"busy live sales counter, host holding the jade item above a velvet tray, human hand, wrist, upper body and face visible as natural distractors, other jade pieces softly blurred in the background","Generate one realistic live-stream sales room image: a livestream host is talking about this jade item; a carved jade pendant of Guanyin, full carving visible. busy live sales counter, host holding the jade item above a velvet tray, human hand, wrist, upper body and face visible as natural distractors, other jade pieces softly blurred in the background. Material and color: blue-water jade, cool blue green with darker watery tone. Water quality: high-ice jade, very translucent, strong luster, fine clean texture. The jade object must be the main visual focus, fully visible, sharp focus, realistic polished jade luster, natural inclusions and texture appropriate for jadeite, no text or labels in the image. studio product photo, softbox reflection, matte black background.","text, label, caption, watermark, logo, certificate, price tag, QR code, ruler, fake plastic look, overexposed highlights, blurry jade item, cropped jade object, duplicate jade object, extra holes in jade, distorted carving, deformed hands, extra fingers, distorted facial features","{""color"": ""蓝水"", ""style"": ""挂件"", ""theme"": ""观音"", ""water"": ""高冰""}",val,jade-synthetic-liveroom-v1
jade-gen-0081,data/generated_jade_liveroom_training_images/sample-0081.png,sample-0081.png,蓝水,冰种,挂件,佛公,"a carved jade pendant of laughing Buddha, rounded belly visible","macro product photography, white acrylic base, clean shadow",liveroom,"live-stream jade sales room, a host is talking about the jade item, upper body and face visible behind the product, one hand holding the jade close to the camera, soft ring light reflection, display trays in the background","Generate one realistic live-stream sales room image: a livestream host is talking about this jade item; a carved jade pendant of laughing Buddha, rounded belly visible. live-stream jade sales room, a host is talking about the jade item, upper body and face visible behind the product, one hand holding the jade close to the camera, soft ring light reflection, display trays in the background. Material and color: blue-water jade, cool blue green with darker watery tone. Water quality: ice-type jade, translucent and clean, visible watery depth. The jade object must be the main visual focus, fully visible, sharp focus, realistic polished jade luster, natural inclusions and texture appropriate for jadeite, no text or labels in the image. macro product photography, white acrylic base, clean shadow.","text, label, caption, watermark, logo, certificate, price tag, QR code, ruler, fake plastic look, overexposed highlights, blurry jade item, cropped jade object, duplicate jade object, extra holes in jade, distorted carving, deformed hands, extra fingers, distorted facial features","{""color"": ""蓝水"", ""style"": ""挂件"", ""theme"": ""佛公"", ""water"": ""冰种""}",train,jade-synthetic-liveroom-v1
jade-gen-0082,data/generated_jade_liveroom_training_images/sample-0082.png,sample-0082.png,蓝水,糯冰,挂件,如意,a carved jade ruyi pendant with curved ruyi silhouette,"jewelry catalog photo, warm side light, beige stone surface",liveroom,"vertical live-commerce room scene, a female presenter is explaining the jade piece, face and torso visible but slightly behind focus, both hands presenting the jade under bright studio lights, blurred shelves of jewelry in the background","Generate one realistic live-stream sales room image: a livestream host is talking about this jade item; a carved jade ruyi pendant with curved ruyi silhouette. vertical live-commerce room scene, a female presenter is explaining the jade piece, face and torso visible but slightly behind focus, both hands presenting the jade under bright studio lights, blurred shelves of jewelry in the background. Material and color: blue-water jade, cool blue green with darker watery tone. Water quality: waxy-ice jade, semi-translucent, slightly cloudy but still icy. The jade object must be the main visual focus, fully visible, sharp focus, realistic polished jade luster, natural inclusions and texture appropriate for jadeite, no text or labels in the image. jewelry catalog photo, warm side light, beige stone surface.","text, label, caption, watermark, logo, certificate, price tag, QR code, ruler, fake plastic look, overexposed highlights, blurry jade item, cropped jade object, duplicate jade object, extra holes in jade, distorted carving, deformed hands, extra fingers, distorted facial features","{""color"": ""蓝水"", ""style"": ""挂件"", ""theme"": ""如意"", ""water"": ""糯冰""}",train,jade-synthetic-liveroom-v1
jade-gen-0083,data/generated_jade_liveroom_training_images/sample-0083.png,sample-0083.png,蓝水,糯种,挂件,叶子,a carved jade leaf pendant with leaf veins visible,"soft daylight product photography, neutral gray background",liveroom,"jade livestream selling desk, presenter is speaking while pointing at the item, one hand and part of the upper body visible, face partially visible at the edge of frame, phone tripod and softbox reflections in the room","Generate one realistic live-stream sales room image: a livestream host is talking about this jade item; a carved jade leaf pendant with leaf veins visible. jade livestream selling desk, presenter is speaking while pointing at the item, one hand and part of the upper body visible, face partially visible at the edge of frame, phone tripod and softbox reflections in the room. Material and color: blue-water jade, cool blue green with darker watery tone. Water quality: waxy jade, soft cloudy translucency, fine waxy texture. The jade object must be the main visual focus, fully visible, sharp focus, realistic polished jade luster, natural inclusions and texture appropriate for jadeite, no text or labels in the image. soft daylight product photography, neutral gray background.","text, label, caption, watermark, logo, certificate, price tag, QR code, ruler, fake plastic look, overexposed highlights, blurry jade item, cropped jade object, duplicate jade object, extra holes in jade, distorted carving, deformed hands, extra fingers, distorted facial features","{""color"": ""蓝水"", ""style"": ""挂件"", ""theme"": ""叶子"", ""water"": ""糯种""}",train,jade-synthetic-liveroom-v1
jade-gen-0084,data/generated_jade_liveroom_training_images/sample-0084.png,sample-0084.png,蓝水,豆种,挂件,山水,a rectangular jade landscape plaque pendant with mountain and water relief carving,"studio product photo, softbox reflection, matte black background",liveroom,"busy live sales counter, host holding the jade item above a velvet tray, human hand, wrist, upper body and face visible as natural distractors, other jade pieces softly blurred in the background","Generate one realistic live-stream sales room image: a livestream host is talking about this jade item; a rectangular jade landscape plaque pendant with mountain and water relief carving. busy live sales counter, host holding the jade item above a velvet tray, human hand, wrist, upper body and face visible as natural distractors, other jade pieces softly blurred in the background. Material and color: blue-water jade, cool blue green with darker watery tone. Water quality: bean-type jade, low translucency, visible granular texture. The jade object must be the main visual focus, fully visible, sharp focus, realistic polished jade luster, natural inclusions and texture appropriate for jadeite, no text or labels in the image. studio product photo, softbox reflection, matte black background.","text, label, caption, watermark, logo, certificate, price tag, QR code, ruler, fake plastic look, overexposed highlights, blurry jade item, cropped jade object, duplicate jade object, extra holes in jade, distorted carving, deformed hands, extra fingers, distorted facial features","{""color"": ""蓝水"", ""style"": ""挂件"", ""theme"": ""山水"", ""water"": ""豆种""}",train,jade-synthetic-liveroom-v1
jade-gen-0085,data/generated_jade_liveroom_training_images/sample-0085.png,sample-0085.png,晴水,高冰,挂件,貔貅,"a carved jade pixiu pendant, mythical beast silhouette visible","jewelry catalog photo, warm side light, beige stone surface",liveroom,"live-stream jade sales room, a host is talking about the jade item, upper body and face visible behind the product, one hand holding the jade close to the camera, soft ring light reflection, display trays in the background","Generate one realistic live-stream sales room image: a livestream host is talking about this jade item; a carved jade pixiu pendant, mythical beast silhouette visible. live-stream jade sales room, a host is talking about the jade item, upper body and face visible behind the product, one hand holding the jade close to the camera, soft ring light reflection, display trays in the background. Material and color: qingshui jade, pale clear blue-green like calm water. Water quality: high-ice jade, very translucent, strong luster, fine clean texture. The jade object must be the main visual focus, fully visible, sharp focus, realistic polished jade luster, natural inclusions and texture appropriate for jadeite, no text or labels in the image. jewelry catalog photo, warm side light, beige stone surface.","text, label, caption, watermark, logo, certificate, price tag, QR code, ruler, fake plastic look, overexposed highlights, blurry jade item, cropped jade object, duplicate jade object, extra holes in jade, distorted carving, deformed hands, extra fingers, distorted facial features","{""color"": ""晴水"", ""style"": ""挂件"", ""theme"": ""貔貅"", ""water"": ""高冰""}",train,jade-synthetic-liveroom-v1
jade-gen-0086,data/generated_jade_liveroom_training_images/sample-0086.png,sample-0086.png,晴水,冰种,挂件,葫芦,a carved jade gourd pendant with double-lobed gourd shape,"soft daylight product photography, neutral gray background",liveroom,"vertical live-commerce room scene, a female presenter is explaining the jade piece, face and torso visible but slightly behind focus, both hands presenting the jade under bright studio lights, blurred shelves of jewelry in the background","Generate one realistic live-stream sales room image: a livestream host is talking about this jade item; a carved jade gourd pendant with double-lobed gourd shape. vertical live-commerce room scene, a female presenter is explaining the jade piece, face and torso visible but slightly behind focus, both hands presenting the jade under bright studio lights, blurred shelves of jewelry in the background. Material and color: qingshui jade, pale clear blue-green like calm water. Water quality: ice-type jade, translucent and clean, visible watery depth. The jade object must be the main visual focus, fully visible, sharp focus, realistic polished jade luster, natural inclusions and texture appropriate for jadeite, no text or labels in the image. soft daylight product photography, neutral gray background.","text, label, caption, watermark, logo, certificate, price tag, QR code, ruler, fake plastic look, overexposed highlights, blurry jade item, cropped jade object, duplicate jade object, extra holes in jade, distorted carving, deformed hands, extra fingers, distorted facial features","{""color"": ""晴水"", ""style"": ""挂件"", ""theme"": ""葫芦"", ""water"": ""冰种""}",train,jade-synthetic-liveroom-v1
jade-gen-0087,data/generated_jade_liveroom_training_images/sample-0087.png,sample-0087.png,晴水,糯冰,挂件,龙,a carved jade dragon plaque pendant with dragon relief visible,"studio product photo, softbox reflection, matte black background",liveroom,"jade livestream selling desk, presenter is speaking while pointing at the item, one hand and part of the upper body visible, face partially visible at the edge of frame, phone tripod and softbox reflections in the room","Generate one realistic live-stream sales room image: a livestream host is talking about this jade item; a carved jade dragon plaque pendant with dragon relief visible. jade livestream selling desk, presenter is speaking while pointing at the item, one hand and part of the upper body visible, face partially visible at the edge of frame, phone tripod and softbox reflections in the room. Material and color: qingshui jade, pale clear blue-green like calm water. Water quality: waxy-ice jade, semi-translucent, slightly cloudy but still icy. The jade object must be the main visual focus, fully visible, sharp focus, realistic polished jade luster, natural inclusions and texture appropriate for jadeite, no text or labels in the image. studio product photo, softbox reflection, matte black background.","text, label, caption, watermark, logo, certificate, price tag, QR code, ruler, fake plastic look, overexposed highlights, blurry jade item, cropped jade object, duplicate jade object, extra holes in jade, distorted carving, deformed hands, extra fingers, distorted facial features","{""color"": ""晴水"", ""style"": ""挂件"", ""theme"": ""龙"", ""water"": ""糯冰""}",train,jade-synthetic-liveroom-v1
jade-gen-0088,data/generated_jade_liveroom_training_images/sample-0088.png,sample-0088.png,晴水,糯种,挂件,福瓜,a carved jade melon pendant with ribbed melon form,"macro product photography, white acrylic base, clean shadow",liveroom,"busy live sales counter, host holding the jade item above a velvet tray, human hand, wrist, upper body and face visible as natural distractors, other jade pieces softly blurred in the background","Generate one realistic live-stream sales room image: a livestream host is talking about this jade item; a carved jade melon pendant with ribbed melon form. busy live sales counter, host holding the jade item above a velvet tray, human hand, wrist, upper body and face visible as natural distractors, other jade pieces softly blurred in the background. Material and color: qingshui jade, pale clear blue-green like calm water. Water quality: waxy jade, soft cloudy translucency, fine waxy texture. The jade object must be the main visual focus, fully visible, sharp focus, realistic polished jade luster, natural inclusions and texture appropriate for jadeite, no text or labels in the image. macro product photography, white acrylic base, clean shadow.","text, label, caption, watermark, logo, certificate, price tag, QR code, ruler, fake plastic look, overexposed highlights, blurry jade item, cropped jade object, duplicate jade object, extra holes in jade, distorted carving, deformed hands, extra fingers, distorted facial features","{""color"": ""晴水"", ""style"": ""挂件"", ""theme"": ""福瓜"", ""water"": ""糯种""}",train,jade-synthetic-liveroom-v1
jade-gen-0089,data/generated_jade_liveroom_training_images/sample-0089.png,sample-0089.png,晴水,豆种,挂件,无事牌,"a plain rectangular jade plaque pendant, smooth face, no carved figure","jewelry catalog photo, warm side light, beige stone surface",liveroom,"live-stream jade sales room, a host is talking about the jade item, upper body and face visible behind the product, one hand holding the jade close to the camera, soft ring light reflection, display trays in the background","Generate one realistic live-stream sales room image: a livestream host is talking about this jade item; a plain rectangular jade plaque pendant, smooth face, no carved figure. live-stream jade sales room, a host is talking about the jade item, upper body and face visible behind the product, one hand holding the jade close to the camera, soft ring light reflection, display trays in the background. Material and color: qingshui jade, pale clear blue-green like calm water. Water quality: bean-type jade, low translucency, visible granular texture. The jade object must be the main visual focus, fully visible, sharp focus, realistic polished jade luster, natural inclusions and texture appropriate for jadeite, no text or labels in the image. jewelry catalog photo, warm side light, beige stone surface.","text, label, caption, watermark, logo, certificate, price tag, QR code, ruler, fake plastic look, overexposed highlights, blurry jade item, cropped jade object, duplicate jade object, extra holes in jade, distorted carving, deformed hands, extra fingers, distorted facial features","{""color"": ""晴水"", ""style"": ""挂件"", ""theme"": ""无事牌"", ""water"": ""豆种""}",train,jade-synthetic-liveroom-v1
jade-gen-0090,data/generated_jade_liveroom_training_images/sample-0090.png,sample-0090.png,晴水,玻璃种,吊坠,,"a small simple jade drop pendant with polished surface, no figurative carving","soft daylight product photography, neutral gray background",liveroom,"vertical live-commerce room scene, a female presenter is explaining the jade piece, face and torso visible but slightly behind focus, both hands presenting the jade under bright studio lights, blurred shelves of jewelry in the background","Generate one realistic live-stream sales room image: a livestream host is talking about this jade item; a small simple jade drop pendant with polished surface, no figurative carving. vertical live-commerce room scene, a female presenter is explaining the jade piece, face and torso visible but slightly behind focus, both hands presenting the jade under bright studio lights, blurred shelves of jewelry in the background. Material and color: qingshui jade, pale clear blue-green like calm water. Water quality: glass-type jade, very high transparency, glass-like clarity, minimal grain. The jade object must be the main visual focus, fully visible, sharp focus, realistic polished jade luster, natural inclusions and texture appropriate for jadeite, no text or labels in the image. soft daylight product photography, neutral gray background.","text, label, caption, watermark, logo, certificate, price tag, QR code, ruler, fake plastic look, overexposed highlights, blurry jade item, cropped jade object, duplicate jade object, extra holes in jade, distorted carving, deformed hands, extra fingers, distorted facial features","{""color"": ""晴水"", ""style"": ""吊坠"", ""theme"": """", ""water"": ""玻璃种""}",val,jade-synthetic-liveroom-v1
jade-gen-0091,data/generated_jade_liveroom_training_images/sample-0091.png,sample-0091.png,晴水,高冰,手镯,,"a single complete jade bangle bracelet lying flat, full ring visible","studio product photo, softbox reflection, matte black background",liveroom,"jade livestream selling desk, presenter is speaking while pointing at the item, one hand and part of the upper body visible, face partially visible at the edge of frame, phone tripod and softbox reflections in the room","Generate one realistic live-stream sales room image: a livestream host is talking about this jade item; a single complete jade bangle bracelet lying flat, full ring visible. jade livestream selling desk, presenter is speaking while pointing at the item, one hand and part of the upper body visible, face partially visible at the edge of frame, phone tripod and softbox reflections in the room. Material and color: qingshui jade, pale clear blue-green like calm water. Water quality: high-ice jade, very translucent, strong luster, fine clean texture. The jade object must be the main visual focus, fully visible, sharp focus, realistic polished jade luster, natural inclusions and texture appropriate for jadeite, no text or labels in the image. studio product photo, softbox reflection, matte black background.","text, label, caption, watermark, logo, certificate, price tag, QR code, ruler, fake plastic look, overexposed highlights, blurry jade item, cropped jade object, duplicate jade object, extra holes in jade, distorted carving, deformed hands, extra fingers, distorted facial features","{""color"": ""晴水"", ""style"": ""手镯"", ""theme"": """", ""water"": ""高冰""}",train,jade-synthetic-liveroom-v1
jade-gen-0092,data/generated_jade_liveroom_training_images/sample-0092.png,sample-0092.png,晴水,冰种,手镯,,a round jade bangle standing slightly upright on a small acrylic rest,"macro product photography, white acrylic base, clean shadow",liveroom,"busy live sales counter, host holding the jade item above a velvet tray, human hand, wrist, upper body and face visible as natural distractors, other jade pieces softly blurred in the background","Generate one realistic live-stream sales room image: a livestream host is talking about this jade item; a round jade bangle standing slightly upright on a small acrylic rest. busy live sales counter, host holding the jade item above a velvet tray, human hand, wrist, upper body and face visible as natural distractors, other jade pieces softly blurred in the background. Material and color: qingshui jade, pale clear blue-green like calm water. Water quality: ice-type jade, translucent and clean, visible watery depth. The jade object must be the main visual focus, fully visible, sharp focus, realistic polished jade luster, natural inclusions and texture appropriate for jadeite, no text or labels in the image. macro product photography, white acrylic base, clean shadow.","text, label, caption, watermark, logo, certificate, price tag, QR code, ruler, fake plastic look, overexposed highlights, blurry jade item, cropped jade object, duplicate jade object, extra holes in jade, distorted carving, deformed hands, extra fingers, distorted facial features","{""color"": ""晴水"", ""style"": ""手镯"", ""theme"": """", ""water"": ""冰种""}",train,jade-synthetic-liveroom-v1
jade-gen-0093,data/generated_jade_liveroom_training_images/sample-0093.png,sample-0093.png,晴水,糯冰,平安扣,,"a round jade safety buckle pendant, circular disc with a clean central hole","jewelry catalog photo, warm side light, beige stone surface",liveroom,"live-stream jade sales room, a host is talking about the jade item, upper body and face visible behind the product, one hand holding the jade close to the camera, soft ring light reflection, display trays in the background","Generate one realistic live-stream sales room image: a livestream host is talking about this jade item; a round jade safety buckle pendant, circular disc with a clean central hole. live-stream jade sales room, a host is talking about the jade item, upper body and face visible behind the product, one hand holding the jade close to the camera, soft ring light reflection, display trays in the background. Material and color: qingshui jade, pale clear blue-green like calm water. Water quality: waxy-ice jade, semi-translucent, slightly cloudy but still icy. The jade object must be the main visual focus, fully visible, sharp focus, realistic polished jade luster, natural inclusions and texture appropriate for jadeite, no text or labels in the image. jewelry catalog photo, warm side light, beige stone surface.","text, label, caption, watermark, logo, certificate, price tag, QR code, ruler, fake plastic look, overexposed highlights, blurry jade item, cropped jade object, duplicate jade object, extra holes in jade, distorted carving, deformed hands, extra fingers, distorted facial features","{""color"": ""晴水"", ""style"": ""平安扣"", ""theme"": """", ""water"": ""糯冰""}",train,jade-synthetic-liveroom-v1
jade-gen-0094,data/generated_jade_liveroom_training_images/sample-0094.png,sample-0094.png,晴水,糯种,珠串,,"a jade bead bracelet, individual polished round beads clearly visible","soft daylight product photography, neutral gray background",liveroom,"vertical live-commerce room scene, a female presenter is explaining the jade piece, face and torso visible but slightly behind focus, both hands presenting the jade under bright studio lights, blurred shelves of jewelry in the background","Generate one realistic live-stream sales room image: a livestream host is talking about this jade item; a jade bead bracelet, individual polished round beads clearly visible. vertical live-commerce room scene, a female presenter is explaining the jade piece, face and torso visible but slightly behind focus, both hands presenting the jade under bright studio lights, blurred shelves of jewelry in the background. Material and color: qingshui jade, pale clear blue-green like calm water. Water quality: waxy jade, soft cloudy translucency, fine waxy texture. The jade object must be the main visual focus, fully visible, sharp focus, realistic polished jade luster, natural inclusions and texture appropriate for jadeite, no text or labels in the image. soft daylight product photography, neutral gray background.","text, label, caption, watermark, logo, certificate, price tag, QR code, ruler, fake plastic look, overexposed highlights, blurry jade item, cropped jade object, duplicate jade object, extra holes in jade, distorted carving, deformed hands, extra fingers, distorted facial features","{""color"": ""晴水"", ""style"": ""珠串"", ""theme"": """", ""water"": ""糯种""}",train,jade-synthetic-liveroom-v1
jade-gen-0095,data/generated_jade_liveroom_training_images/sample-0095.png,sample-0095.png,晴水,豆种,蛋面,,"a loose oval jade cabochon gemstone, domed top, no metal setting","studio product photo, softbox reflection, matte black background",liveroom,"jade livestream selling desk, presenter is speaking while pointing at the item, one hand and part of the upper body visible, face partially visible at the edge of frame, phone tripod and softbox reflections in the room","Generate one realistic live-stream sales room image: a livestream host is talking about this jade item; a loose oval jade cabochon gemstone, domed top, no metal setting. jade livestream selling desk, presenter is speaking while pointing at the item, one hand and part of the upper body visible, face partially visible at the edge of frame, phone tripod and softbox reflections in the room. Material and color: qingshui jade, pale clear blue-green like calm water. Water quality: bean-type jade, low translucency, visible granular texture. The jade object must be the main visual focus, fully visible, sharp focus, realistic polished jade luster, natural inclusions and texture appropriate for jadeite, no text or labels in the image. studio product photo, softbox reflection, matte black background.","text, label, caption, watermark, logo, certificate, price tag, QR code, ruler, fake plastic look, overexposed highlights, blurry jade item, cropped jade object, duplicate jade object, extra holes in jade, distorted carving, deformed hands, extra fingers, distorted facial features","{""color"": ""晴水"", ""style"": ""蛋面"", ""theme"": """", ""water"": ""豆种""}",train,jade-synthetic-liveroom-v1
jade-gen-0096,data/generated_jade_liveroom_training_images/sample-0096.png,sample-0096.png,晴水,玻璃种,戒面,,"a polished oval jade ring-face stone, flatter than a cabochon, no metal setting","macro product photography, white acrylic base, clean shadow",liveroom,"busy live sales counter, host holding the jade item above a velvet tray, human hand, wrist, upper body and face visible as natural distractors, other jade pieces softly blurred in the background","Generate one realistic live-stream sales room image: a livestream host is talking about this jade item; a polished oval jade ring-face stone, flatter than a cabochon, no metal setting. busy live sales counter, host holding the jade item above a velvet tray, human hand, wrist, upper body and face visible as natural distractors, other jade pieces softly blurred in the background. Material and color: qingshui jade, pale clear blue-green like calm water. Water quality: glass-type jade, very high transparency, glass-like clarity, minimal grain. The jade object must be the main visual focus, fully visible, sharp focus, realistic polished jade luster, natural inclusions and texture appropriate for jadeite, no text or labels in the image. macro product photography, white acrylic base, clean shadow.","text, label, caption, watermark, logo, certificate, price tag, QR code, ruler, fake plastic look, overexposed highlights, blurry jade item, cropped jade object, duplicate jade object, extra holes in jade, distorted carving, deformed hands, extra fingers, distorted facial features","{""color"": ""晴水"", ""style"": ""戒面"", ""theme"": """", ""water"": ""玻璃种""}",train,jade-synthetic-liveroom-v1
jade-gen-0097,data/generated_jade_liveroom_training_images/sample-0097.png,sample-0097.png,油青,冰种,戒指,,a jade ring with a jade cabochon mounted on a simple ring band,"soft daylight product photography, neutral gray background",liveroom,"live-stream jade sales room, a host is talking about the jade item, upper body and face visible behind the product, one hand holding the jade close to the camera, soft ring light reflection, display trays in the background","Generate one realistic live-stream sales room image: a livestream host is talking about this jade item; a jade ring with a jade cabochon mounted on a simple ring band. live-stream jade sales room, a host is talking about the jade item, upper body and face visible behind the product, one hand holding the jade close to the camera, soft ring light reflection, display trays in the background. Material and color: oily green jade, grayish dark green with oily cast. Water quality: ice-type jade, translucent and clean, visible watery depth. The jade object must be the main visual focus, fully visible, sharp focus, realistic polished jade luster, natural inclusions and texture appropriate for jadeite, no text or labels in the image. soft daylight product photography, neutral gray background.","text, label, caption, watermark, logo, certificate, price tag, QR code, ruler, fake plastic look, overexposed highlights, blurry jade item, cropped jade object, duplicate jade object, extra holes in jade, distorted carving, deformed hands, extra fingers, distorted facial features","{""color"": ""油青"", ""style"": ""戒指"", ""theme"": """", ""water"": ""冰种""}",train,jade-synthetic-liveroom-v1
jade-gen-0098,data/generated_jade_liveroom_training_images/sample-0098.png,sample-0098.png,油青,糯冰,挂件,观音,"a carved jade pendant of Guanyin, full carving visible","studio product photo, softbox reflection, matte black background",liveroom,"vertical live-commerce room scene, a female presenter is explaining the jade piece, face and torso visible but slightly behind focus, both hands presenting the jade under bright studio lights, blurred shelves of jewelry in the background","Generate one realistic live-stream sales room image: a livestream host is talking about this jade item; a carved jade pendant of Guanyin, full carving visible. vertical live-commerce room scene, a female presenter is explaining the jade piece, face and torso visible but slightly behind focus, both hands presenting the jade under bright studio lights, blurred shelves of jewelry in the background. Material and color: oily green jade, grayish dark green with oily cast. Water quality: waxy-ice jade, semi-translucent, slightly cloudy but still icy. The jade object must be the main visual focus, fully visible, sharp focus, realistic polished jade luster, natural inclusions and texture appropriate for jadeite, no text or labels in the image. studio product photo, softbox reflection, matte black background.","text, label, caption, watermark, logo, certificate, price tag, QR code, ruler, fake plastic look, overexposed highlights, blurry jade item, cropped jade object, duplicate jade object, extra holes in jade, distorted carving, deformed hands, extra fingers, distorted facial features","{""color"": ""油青"", ""style"": ""挂件"", ""theme"": ""观音"", ""water"": ""糯冰""}",train,jade-synthetic-liveroom-v1
jade-gen-0099,data/generated_jade_liveroom_training_images/sample-0099.png,sample-0099.png,油青,糯种,挂件,佛公,"a carved jade pendant of laughing Buddha, rounded belly visible","macro product photography, white acrylic base, clean shadow",liveroom,"jade livestream selling desk, presenter is speaking while pointing at the item, one hand and part of the upper body visible, face partially visible at the edge of frame, phone tripod and softbox reflections in the room","Generate one realistic live-stream sales room image: a livestream host is talking about this jade item; a carved jade pendant of laughing Buddha, rounded belly visible. jade livestream selling desk, presenter is speaking while pointing at the item, one hand and part of the upper body visible, face partially visible at the edge of frame, phone tripod and softbox reflections in the room. Material and color: oily green jade, grayish dark green with oily cast. Water quality: waxy jade, soft cloudy translucency, fine waxy texture. The jade object must be the main visual focus, fully visible, sharp focus, realistic polished jade luster, natural inclusions and texture appropriate for jadeite, no text or labels in the image. macro product photography, white acrylic base, clean shadow.","text, label, caption, watermark, logo, certificate, price tag, QR code, ruler, fake plastic look, overexposed highlights, blurry jade item, cropped jade object, duplicate jade object, extra holes in jade, distorted carving, deformed hands, extra fingers, distorted facial features","{""color"": ""油青"", ""style"": ""挂件"", ""theme"": ""佛公"", ""water"": ""糯种""}",train,jade-synthetic-liveroom-v1
jade-gen-0100,data/generated_jade_liveroom_training_images/sample-0100.png,sample-0100.png,油青,豆种,挂件,如意,a carved jade ruyi pendant with curved ruyi silhouette,"jewelry catalog photo, warm side light, beige stone surface",liveroom,"busy live sales counter, host holding the jade item above a velvet tray, human hand, wrist, upper body and face visible as natural distractors, other jade pieces softly blurred in the background","Generate one realistic live-stream sales room image: a livestream host is talking about this jade item; a carved jade ruyi pendant with curved ruyi silhouette. busy live sales counter, host holding the jade item above a velvet tray, human hand, wrist, upper body and face visible as natural distractors, other jade pieces softly blurred in the background. Material and color: oily green jade, grayish dark green with oily cast. Water quality: bean-type jade, low translucency, visible granular texture. The jade object must be the main visual focus, fully visible, sharp focus, realistic polished jade luster, natural inclusions and texture appropriate for jadeite, no text or labels in the image. jewelry catalog photo, warm side light, beige stone surface.","text, label, caption, watermark, logo, certificate, price tag, QR code, ruler, fake plastic look, overexposed highlights, blurry jade item, cropped jade object, duplicate jade object, extra holes in jade, distorted carving, deformed hands, extra fingers, distorted facial features","{""color"": ""油青"", ""style"": ""挂件"", ""theme"": ""如意"", ""water"": ""豆种""}",val,jade-synthetic-liveroom-v1
jade-gen-0101,data/generated_jade_liveroom_training_images/sample-0101.png,sample-0101.png,油青,玻璃种,挂件,叶子,a carved jade leaf pendant with leaf veins visible,"soft daylight product photography, neutral gray background",liveroom,"live-stream jade sales room, a host is talking about the jade item, upper body and face visible behind the product, one hand holding the jade close to the camera, soft ring light reflection, display trays in the background","Generate one realistic live-stream sales room image: a livestream host is talking about this jade item; a carved jade leaf pendant with leaf veins visible. live-stream jade sales room, a host is talking about the jade item, upper body and face visible behind the product, one hand holding the jade close to the camera, soft ring light reflection, display trays in the background. Material and color: oily green jade, grayish dark green with oily cast. Water quality: glass-type jade, very high transparency, glass-like clarity, minimal grain. The jade object must be the main visual focus, fully visible, sharp focus, realistic polished jade luster, natural inclusions and texture appropriate for jadeite, no text or labels in the image. soft daylight product photography, neutral gray background.","text, label, caption, watermark, logo, certificate, price tag, QR code, ruler, fake plastic look, overexposed highlights, blurry jade item, cropped jade object, duplicate jade object, extra holes in jade, distorted carving, deformed hands, extra fingers, distorted facial features","{""color"": ""油青"", ""style"": ""挂件"", ""theme"": ""叶子"", ""water"": ""玻璃种""}",train,jade-synthetic-liveroom-v1
jade-gen-0102,data/generated_jade_liveroom_training_images/sample-0102.png,sample-0102.png,油青,高冰,挂件,山水,a rectangular jade landscape plaque pendant with mountain and water relief carving,"studio product photo, softbox reflection, matte black background",liveroom,"vertical live-commerce room scene, a female presenter is explaining the jade piece, face and torso visible but slightly behind focus, both hands presenting the jade under bright studio lights, blurred shelves of jewelry in the background","Generate one realistic live-stream sales room image: a livestream host is talking about this jade item; a rectangular jade landscape plaque pendant with mountain and water relief carving. vertical live-commerce room scene, a female presenter is explaining the jade piece, face and torso visible but slightly behind focus, both hands presenting the jade under bright studio lights, blurred shelves of jewelry in the background. Material and color: oily green jade, grayish dark green with oily cast. Water quality: high-ice jade, very translucent, strong luster, fine clean texture. The jade object must be the main visual focus, fully visible, sharp focus, realistic polished jade luster, natural inclusions and texture appropriate for jadeite, no text or labels in the image. studio product photo, softbox reflection, matte black background.","text, label, caption, watermark, logo, certificate, price tag, QR code, ruler, fake plastic look, overexposed highlights, blurry jade item, cropped jade object, duplicate jade object, extra holes in jade, distorted carving, deformed hands, extra fingers, distorted facial features","{""color"": ""油青"", ""style"": ""挂件"", ""theme"": ""山水"", ""water"": ""高冰""}",train,jade-synthetic-liveroom-v1
jade-gen-0103,data/generated_jade_liveroom_training_images/sample-0103.png,sample-0103.png,油青,冰种,挂件,貔貅,"a carved jade pixiu pendant, mythical beast silhouette visible","macro product photography, white acrylic base, clean shadow",liveroom,"jade livestream selling desk, presenter is speaking while pointing at the item, one hand and part of the upper body visible, face partially visible at the edge of frame, phone tripod and softbox reflections in the room","Generate one realistic live-stream sales room image: a livestream host is talking about this jade item; a carved jade pixiu pendant, mythical beast silhouette visible. jade livestream selling desk, presenter is speaking while pointing at the item, one hand and part of the upper body visible, face partially visible at the edge of frame, phone tripod and softbox reflections in the room. Material and color: oily green jade, grayish dark green with oily cast. Water quality: ice-type jade, translucent and clean, visible watery depth. The jade object must be the main visual focus, fully visible, sharp focus, realistic polished jade luster, natural inclusions and texture appropriate for jadeite, no text or labels in the image. macro product photography, white acrylic base, clean shadow.","text, label, caption, watermark, logo, certificate, price tag, QR code, ruler, fake plastic look, overexposed highlights, blurry jade item, cropped jade object, duplicate jade object, extra holes in jade, distorted carving, deformed hands, extra fingers, distorted facial features","{""color"": ""油青"", ""style"": ""挂件"", ""theme"": ""貔貅"", ""water"": ""冰种""}",train,jade-synthetic-liveroom-v1
jade-gen-0104,data/generated_jade_liveroom_training_images/sample-0104.png,sample-0104.png,油青,糯冰,挂件,葫芦,a carved jade gourd pendant with double-lobed gourd shape,"jewelry catalog photo, warm side light, beige stone surface",liveroom,"busy live sales counter, host holding the jade item above a velvet tray, human hand, wrist, upper body and face visible as natural distractors, other jade pieces softly blurred in the background","Generate one realistic live-stream sales room image: a livestream host is talking about this jade item; a carved jade gourd pendant with double-lobed gourd shape. busy live sales counter, host holding the jade item above a velvet tray, human hand, wrist, upper body and face visible as natural distractors, other jade pieces softly blurred in the background. Material and color: oily green jade, grayish dark green with oily cast. Water quality: waxy-ice jade, semi-translucent, slightly cloudy but still icy. The jade object must be the main visual focus, fully visible, sharp focus, realistic polished jade luster, natural inclusions and texture appropriate for jadeite, no text or labels in the image. jewelry catalog photo, warm side light, beige stone surface.","text, label, caption, watermark, logo, certificate, price tag, QR code, ruler, fake plastic look, overexposed highlights, blurry jade item, cropped jade object, duplicate jade object, extra holes in jade, distorted carving, deformed hands, extra fingers, distorted facial features","{""color"": ""油青"", ""style"": ""挂件"", ""theme"": ""葫芦"", ""water"": ""糯冰""}",train,jade-synthetic-liveroom-v1
jade-gen-0105,data/generated_jade_liveroom_training_images/sample-0105.png,sample-0105.png,油青,糯种,挂件,龙,a carved jade dragon plaque pendant with dragon relief visible,"soft daylight product photography, neutral gray background",liveroom,"live-stream jade sales room, a host is talking about the jade item, upper body and face visible behind the product, one hand holding the jade close to the camera, soft ring light reflection, display trays in the background","Generate one realistic live-stream sales room image: a livestream host is talking about this jade item; a carved jade dragon plaque pendant with dragon relief visible. live-stream jade sales room, a host is talking about the jade item, upper body and face visible behind the product, one hand holding the jade close to the camera, soft ring light reflection, display trays in the background. Material and color: oily green jade, grayish dark green with oily cast. Water quality: waxy jade, soft cloudy translucency, fine waxy texture. The jade object must be the main visual focus, fully visible, sharp focus, realistic polished jade luster, natural inclusions and texture appropriate for jadeite, no text or labels in the image. soft daylight product photography, neutral gray background.","text, label, caption, watermark, logo, certificate, price tag, QR code, ruler, fake plastic look, overexposed highlights, blurry jade item, cropped jade object, duplicate jade object, extra holes in jade, distorted carving, deformed hands, extra fingers, distorted facial features","{""color"": ""油青"", ""style"": ""挂件"", ""theme"": ""龙"", ""water"": ""糯种""}",train,jade-synthetic-liveroom-v1
jade-gen-0106,data/generated_jade_liveroom_training_images/sample-0106.png,sample-0106.png,油青,豆种,挂件,福瓜,a carved jade melon pendant with ribbed melon form,"studio product photo, softbox reflection, matte black background",liveroom,"vertical live-commerce room scene, a female presenter is explaining the jade piece, face and torso visible but slightly behind focus, both hands presenting the jade under bright studio lights, blurred shelves of jewelry in the background","Generate one realistic live-stream sales room image: a livestream host is talking about this jade item; a carved jade melon pendant with ribbed melon form. vertical live-commerce room scene, a female presenter is explaining the jade piece, face and torso visible but slightly behind focus, both hands presenting the jade under bright studio lights, blurred shelves of jewelry in the background. Material and color: oily green jade, grayish dark green with oily cast. Water quality: bean-type jade, low translucency, visible granular texture. The jade object must be the main visual focus, fully visible, sharp focus, realistic polished jade luster, natural inclusions and texture appropriate for jadeite, no text or labels in the image. studio product photo, softbox reflection, matte black background.","text, label, caption, watermark, logo, certificate, price tag, QR code, ruler, fake plastic look, overexposed highlights, blurry jade item, cropped jade object, duplicate jade object, extra holes in jade, distorted carving, deformed hands, extra fingers, distorted facial features","{""color"": ""油青"", ""style"": ""挂件"", ""theme"": ""福瓜"", ""water"": ""豆种""}",train,jade-synthetic-liveroom-v1
jade-gen-0107,data/generated_jade_liveroom_training_images/sample-0107.png,sample-0107.png,油青,玻璃种,挂件,无事牌,"a plain rectangular jade plaque pendant, smooth face, no carved figure","macro product photography, white acrylic base, clean shadow",liveroom,"jade livestream selling desk, presenter is speaking while pointing at the item, one hand and part of the upper body visible, face partially visible at the edge of frame, phone tripod and softbox reflections in the room","Generate one realistic live-stream sales room image: a livestream host is talking about this jade item; a plain rectangular jade plaque pendant, smooth face, no carved figure. jade livestream selling desk, presenter is speaking while pointing at the item, one hand and part of the upper body visible, face partially visible at the edge of frame, phone tripod and softbox reflections in the room. Material and color: oily green jade, grayish dark green with oily cast. Water quality: glass-type jade, very high transparency, glass-like clarity, minimal grain. The jade object must be the main visual focus, fully visible, sharp focus, realistic polished jade luster, natural inclusions and texture appropriate for jadeite, no text or labels in the image. macro product photography, white acrylic base, clean shadow.","text, label, caption, watermark, logo, certificate, price tag, QR code, ruler, fake plastic look, overexposed highlights, blurry jade item, cropped jade object, duplicate jade object, extra holes in jade, distorted carving, deformed hands, extra fingers, distorted facial features","{""color"": ""油青"", ""style"": ""挂件"", ""theme"": ""无事牌"", ""water"": ""玻璃种""}",train,jade-synthetic-liveroom-v1
jade-gen-0108,data/generated_jade_liveroom_training_images/sample-0108.png,sample-0108.png,油青,高冰,吊坠,,"a small simple jade drop pendant with polished surface, no figurative carving","jewelry catalog photo, warm side light, beige stone surface",liveroom,"busy live sales counter, host holding the jade item above a velvet tray, human hand, wrist, upper body and face visible as natural distractors, other jade pieces softly blurred in the background","Generate one realistic live-stream sales room image: a livestream host is talking about this jade item; a small simple jade drop pendant with polished surface, no figurative carving. busy live sales counter, host holding the jade item above a velvet tray, human hand, wrist, upper body and face visible as natural distractors, other jade pieces softly blurred in the background. Material and color: oily green jade, grayish dark green with oily cast. Water quality: high-ice jade, very translucent, strong luster, fine clean texture. The jade object must be the main visual focus, fully visible, sharp focus, realistic polished jade luster, natural inclusions and texture appropriate for jadeite, no text or labels in the image. jewelry catalog photo, warm side light, beige stone surface.","text, label, caption, watermark, logo, certificate, price tag, QR code, ruler, fake plastic look, overexposed highlights, blurry jade item, cropped jade object, duplicate jade object, extra holes in jade, distorted carving, deformed hands, extra fingers, distorted facial features","{""color"": ""油青"", ""style"": ""吊坠"", ""theme"": """", ""water"": ""高冰""}",train,jade-synthetic-liveroom-v1
jade-gen-0109,data/generated_jade_liveroom_training_images/sample-0109.png,sample-0109.png,紫罗兰,糯冰,手镯,,"a single complete jade bangle bracelet lying flat, full ring visible","studio product photo, softbox reflection, matte black background",liveroom,"live-stream jade sales room, a host is talking about the jade item, upper body and face visible behind the product, one hand holding the jade close to the camera, soft ring light reflection, display trays in the background","Generate one realistic live-stream sales room image: a livestream host is talking about this jade item; a single complete jade bangle bracelet lying flat, full ring visible. live-stream jade sales room, a host is talking about the jade item, upper body and face visible behind the product, one hand holding the jade close to the camera, soft ring light reflection, display trays in the background. Material and color: lavender purple jade, soft violet tone. Water quality: waxy-ice jade, semi-translucent, slightly cloudy but still icy. The jade object must be the main visual focus, fully visible, sharp focus, realistic polished jade luster, natural inclusions and texture appropriate for jadeite, no text or labels in the image. studio product photo, softbox reflection, matte black background.","text, label, caption, watermark, logo, certificate, price tag, QR code, ruler, fake plastic look, overexposed highlights, blurry jade item, cropped jade object, duplicate jade object, extra holes in jade, distorted carving, deformed hands, extra fingers, distorted facial features","{""color"": ""紫罗兰"", ""style"": ""手镯"", ""theme"": """", ""water"": ""糯冰""}",train,jade-synthetic-liveroom-v1
jade-gen-0110,data/generated_jade_liveroom_training_images/sample-0110.png,sample-0110.png,紫罗兰,糯种,手镯,,a round jade bangle standing slightly upright on a small acrylic rest,"macro product photography, white acrylic base, clean shadow",liveroom,"vertical live-commerce room scene, a female presenter is explaining the jade piece, face and torso visible but slightly behind focus, both hands presenting the jade under bright studio lights, blurred shelves of jewelry in the background","Generate one realistic live-stream sales room image: a livestream host is talking about this jade item; a round jade bangle standing slightly upright on a small acrylic rest. vertical live-commerce room scene, a female presenter is explaining the jade piece, face and torso visible but slightly behind focus, both hands presenting the jade under bright studio lights, blurred shelves of jewelry in the background. Material and color: lavender purple jade, soft violet tone. Water quality: waxy jade, soft cloudy translucency, fine waxy texture. The jade object must be the main visual focus, fully visible, sharp focus, realistic polished jade luster, natural inclusions and texture appropriate for jadeite, no text or labels in the image. macro product photography, white acrylic base, clean shadow.","text, label, caption, watermark, logo, certificate, price tag, QR code, ruler, fake plastic look, overexposed highlights, blurry jade item, cropped jade object, duplicate jade object, extra holes in jade, distorted carving, deformed hands, extra fingers, distorted facial features","{""color"": ""紫罗兰"", ""style"": ""手镯"", ""theme"": """", ""water"": ""糯种""}",val,jade-synthetic-liveroom-v1
jade-gen-0111,data/generated_jade_liveroom_training_images/sample-0111.png,sample-0111.png,紫罗兰,豆种,平安扣,,"a round jade safety buckle pendant, circular disc with a clean central hole","jewelry catalog photo, warm side light, beige stone surface",liveroom,"jade livestream selling desk, presenter is speaking while pointing at the item, one hand and part of the upper body visible, face partially visible at the edge of frame, phone tripod and softbox reflections in the room","Generate one realistic live-stream sales room image: a livestream host is talking about this jade item; a round jade safety buckle pendant, circular disc with a clean central hole. jade livestream selling desk, presenter is speaking while pointing at the item, one hand and part of the upper body visible, face partially visible at the edge of frame, phone tripod and softbox reflections in the room. Material and color: lavender purple jade, soft violet tone. Water quality: bean-type jade, low translucency, visible granular texture. The jade object must be the main visual focus, fully visible, sharp focus, realistic polished jade luster, natural inclusions and texture appropriate for jadeite, no text or labels in the image. jewelry catalog photo, warm side light, beige stone surface.","text, label, caption, watermark, logo, certificate, price tag, QR code, ruler, fake plastic look, overexposed highlights, blurry jade item, cropped jade object, duplicate jade object, extra holes in jade, distorted carving, deformed hands, extra fingers, distorted facial features","{""color"": ""紫罗兰"", ""style"": ""平安扣"", ""theme"": """", ""water"": ""豆种""}",train,jade-synthetic-liveroom-v1
jade-gen-0112,data/generated_jade_liveroom_training_images/sample-0112.png,sample-0112.png,紫罗兰,玻璃种,珠串,,"a jade bead bracelet, individual polished round beads clearly visible","soft daylight product photography, neutral gray background",liveroom,"busy live sales counter, host holding the jade item above a velvet tray, human hand, wrist, upper body and face visible as natural distractors, other jade pieces softly blurred in the background","Generate one realistic live-stream sales room image: a livestream host is talking about this jade item; a jade bead bracelet, individual polished round beads clearly visible. busy live sales counter, host holding the jade item above a velvet tray, human hand, wrist, upper body and face visible as natural distractors, other jade pieces softly blurred in the background. Material and color: lavender purple jade, soft violet tone. Water quality: glass-type jade, very high transparency, glass-like clarity, minimal grain. The jade object must be the main visual focus, fully visible, sharp focus, realistic polished jade luster, natural inclusions and texture appropriate for jadeite, no text or labels in the image. soft daylight product photography, neutral gray background.","text, label, caption, watermark, logo, certificate, price tag, QR code, ruler, fake plastic look, overexposed highlights, blurry jade item, cropped jade object, duplicate jade object, extra holes in jade, distorted carving, deformed hands, extra fingers, distorted facial features","{""color"": ""紫罗兰"", ""style"": ""珠串"", ""theme"": """", ""water"": ""玻璃种""}",train,jade-synthetic-liveroom-v1
jade-gen-0113,data/generated_jade_liveroom_training_images/sample-0113.png,sample-0113.png,紫罗兰,高冰,蛋面,,"a loose oval jade cabochon gemstone, domed top, no metal setting","studio product photo, softbox reflection, matte black background",liveroom,"live-stream jade sales room, a host is talking about the jade item, upper body and face visible behind the product, one hand holding the jade close to the camera, soft ring light reflection, display trays in the background","Generate one realistic live-stream sales room image: a livestream host is talking about this jade item; a loose oval jade cabochon gemstone, domed top, no metal setting. live-stream jade sales room, a host is talking about the jade item, upper body and face visible behind the product, one hand holding the jade close to the camera, soft ring light reflection, display trays in the background. Material and color: lavender purple jade, soft violet tone. Water quality: high-ice jade, very translucent, strong luster, fine clean texture. The jade object must be the main visual focus, fully visible, sharp focus, realistic polished jade luster, natural inclusions and texture appropriate for jadeite, no text or labels in the image. studio product photo, softbox reflection, matte black background.","text, label, caption, watermark, logo, certificate, price tag, QR code, ruler, fake plastic look, overexposed highlights, blurry jade item, cropped jade object, duplicate jade object, extra holes in jade, distorted carving, deformed hands, extra fingers, distorted facial features","{""color"": ""紫罗兰"", ""style"": ""蛋面"", ""theme"": """", ""water"": ""高冰""}",train,jade-synthetic-liveroom-v1
jade-gen-0114,data/generated_jade_liveroom_training_images/sample-0114.png,sample-0114.png,紫罗兰,冰种,戒面,,"a polished oval jade ring-face stone, flatter than a cabochon, no metal setting","macro product photography, white acrylic base, clean shadow",liveroom,"vertical live-commerce room scene, a female presenter is explaining the jade piece, face and torso visible but slightly behind focus, both hands presenting the jade under bright studio lights, blurred shelves of jewelry in the background","Generate one realistic live-stream sales room image: a livestream host is talking about this jade item; a polished oval jade ring-face stone, flatter than a cabochon, no metal setting. vertical live-commerce room scene, a female presenter is explaining the jade piece, face and torso visible but slightly behind focus, both hands presenting the jade under bright studio lights, blurred shelves of jewelry in the background. Material and color: lavender purple jade, soft violet tone. Water quality: ice-type jade, translucent and clean, visible watery depth. The jade object must be the main visual focus, fully visible, sharp focus, realistic polished jade luster, natural inclusions and texture appropriate for jadeite, no text or labels in the image. macro product photography, white acrylic base, clean shadow.","text, label, caption, watermark, logo, certificate, price tag, QR code, ruler, fake plastic look, overexposed highlights, blurry jade item, cropped jade object, duplicate jade object, extra holes in jade, distorted carving, deformed hands, extra fingers, distorted facial features","{""color"": ""紫罗兰"", ""style"": ""戒面"", ""theme"": """", ""water"": ""冰种""}",train,jade-synthetic-liveroom-v1
jade-gen-0115,data/generated_jade_liveroom_training_images/sample-0115.png,sample-0115.png,紫罗兰,糯冰,戒指,,a jade ring with a jade cabochon mounted on a simple ring band,"jewelry catalog photo, warm side light, beige stone surface",liveroom,"jade livestream selling desk, presenter is speaking while pointing at the item, one hand and part of the upper body visible, face partially visible at the edge of frame, phone tripod and softbox reflections in the room","Generate one realistic live-stream sales room image: a livestream host is talking about this jade item; a jade ring with a jade cabochon mounted on a simple ring band. jade livestream selling desk, presenter is speaking while pointing at the item, one hand and part of the upper body visible, face partially visible at the edge of frame, phone tripod and softbox reflections in the room. Material and color: lavender purple jade, soft violet tone. Water quality: waxy-ice jade, semi-translucent, slightly cloudy but still icy. The jade object must be the main visual focus, fully visible, sharp focus, realistic polished jade luster, natural inclusions and texture appropriate for jadeite, no text or labels in the image. jewelry catalog photo, warm side light, beige stone surface.","text, label, caption, watermark, logo, certificate, price tag, QR code, ruler, fake plastic look, overexposed highlights, blurry jade item, cropped jade object, duplicate jade object, extra holes in jade, distorted carving, deformed hands, extra fingers, distorted facial features","{""color"": ""紫罗兰"", ""style"": ""戒指"", ""theme"": """", ""water"": ""糯冰""}",train,jade-synthetic-liveroom-v1
jade-gen-0116,data/generated_jade_liveroom_training_images/sample-0116.png,sample-0116.png,紫罗兰,糯种,挂件,观音,"a carved jade pendant of Guanyin, full carving visible","soft daylight product photography, neutral gray background",liveroom,"busy live sales counter, host holding the jade item above a velvet tray, human hand, wrist, upper body and face visible as natural distractors, other jade pieces softly blurred in the background","Generate one realistic live-stream sales room image: a livestream host is talking about this jade item; a carved jade pendant of Guanyin, full carving visible. busy live sales counter, host holding the jade item above a velvet tray, human hand, wrist, upper body and face visible as natural distractors, other jade pieces softly blurred in the background. Material and color: lavender purple jade, soft violet tone. Water quality: waxy jade, soft cloudy translucency, fine waxy texture. The jade object must be the main visual focus, fully visible, sharp focus, realistic polished jade luster, natural inclusions and texture appropriate for jadeite, no text or labels in the image. soft daylight product photography, neutral gray background.","text, label, caption, watermark, logo, certificate, price tag, QR code, ruler, fake plastic look, overexposed highlights, blurry jade item, cropped jade object, duplicate jade object, extra holes in jade, distorted carving, deformed hands, extra fingers, distorted facial features","{""color"": ""紫罗兰"", ""style"": ""挂件"", ""theme"": ""观音"", ""water"": ""糯种""}",train,jade-synthetic-liveroom-v1
jade-gen-0117,data/generated_jade_liveroom_training_images/sample-0117.png,sample-0117.png,紫罗兰,豆种,挂件,佛公,"a carved jade pendant of laughing Buddha, rounded belly visible","studio product photo, softbox reflection, matte black background",liveroom,"live-stream jade sales room, a host is talking about the jade item, upper body and face visible behind the product, one hand holding the jade close to the camera, soft ring light reflection, display trays in the background","Generate one realistic live-stream sales room image: a livestream host is talking about this jade item; a carved jade pendant of laughing Buddha, rounded belly visible. live-stream jade sales room, a host is talking about the jade item, upper body and face visible behind the product, one hand holding the jade close to the camera, soft ring light reflection, display trays in the background. Material and color: lavender purple jade, soft violet tone. Water quality: bean-type jade, low translucency, visible granular texture. The jade object must be the main visual focus, fully visible, sharp focus, realistic polished jade luster, natural inclusions and texture appropriate for jadeite, no text or labels in the image. studio product photo, softbox reflection, matte black background.","text, label, caption, watermark, logo, certificate, price tag, QR code, ruler, fake plastic look, overexposed highlights, blurry jade item, cropped jade object, duplicate jade object, extra holes in jade, distorted carving, deformed hands, extra fingers, distorted facial features","{""color"": ""紫罗兰"", ""style"": ""挂件"", ""theme"": ""佛公"", ""water"": ""豆种""}",train,jade-synthetic-liveroom-v1
jade-gen-0118,data/generated_jade_liveroom_training_images/sample-0118.png,sample-0118.png,紫罗兰,玻璃种,挂件,如意,a carved jade ruyi pendant with curved ruyi silhouette,"macro product photography, white acrylic base, clean shadow",liveroom,"vertical live-commerce room scene, a female presenter is explaining the jade piece, face and torso visible but slightly behind focus, both hands presenting the jade under bright studio lights, blurred shelves of jewelry in the background","Generate one realistic live-stream sales room image: a livestream host is talking about this jade item; a carved jade ruyi pendant with curved ruyi silhouette. vertical live-commerce room scene, a female presenter is explaining the jade piece, face and torso visible but slightly behind focus, both hands presenting the jade under bright studio lights, blurred shelves of jewelry in the background. Material and color: lavender purple jade, soft violet tone. Water quality: glass-type jade, very high transparency, glass-like clarity, minimal grain. The jade object must be the main visual focus, fully visible, sharp focus, realistic polished jade luster, natural inclusions and texture appropriate for jadeite, no text or labels in the image. macro product photography, white acrylic base, clean shadow.","text, label, caption, watermark, logo, certificate, price tag, QR code, ruler, fake plastic look, overexposed highlights, blurry jade item, cropped jade object, duplicate jade object, extra holes in jade, distorted carving, deformed hands, extra fingers, distorted facial features","{""color"": ""紫罗兰"", ""style"": ""挂件"", ""theme"": ""如意"", ""water"": ""玻璃种""}",train,jade-synthetic-liveroom-v1
jade-gen-0119,data/generated_jade_liveroom_training_images/sample-0119.png,sample-0119.png,紫罗兰,高冰,挂件,叶子,a carved jade leaf pendant with leaf veins visible,"jewelry catalog photo, warm side light, beige stone surface",liveroom,"jade livestream selling desk, presenter is speaking while pointing at the item, one hand and part of the upper body visible, face partially visible at the edge of frame, phone tripod and softbox reflections in the room","Generate one realistic live-stream sales room image: a livestream host is talking about this jade item; a carved jade leaf pendant with leaf veins visible. jade livestream selling desk, presenter is speaking while pointing at the item, one hand and part of the upper body visible, face partially visible at the edge of frame, phone tripod and softbox reflections in the room. Material and color: lavender purple jade, soft violet tone. Water quality: high-ice jade, very translucent, strong luster, fine clean texture. The jade object must be the main visual focus, fully visible, sharp focus, realistic polished jade luster, natural inclusions and texture appropriate for jadeite, no text or labels in the image. jewelry catalog photo, warm side light, beige stone surface.","text, label, caption, watermark, logo, certificate, price tag, QR code, ruler, fake plastic look, overexposed highlights, blurry jade item, cropped jade object, duplicate jade object, extra holes in jade, distorted carving, deformed hands, extra fingers, distorted facial features","{""color"": ""紫罗兰"", ""style"": ""挂件"", ""theme"": ""叶子"", ""water"": ""高冰""}",train,jade-synthetic-liveroom-v1
jade-gen-0120,data/generated_jade_liveroom_training_images/sample-0120.png,sample-0120.png,紫罗兰,冰种,挂件,山水,a rectangular jade landscape plaque pendant with mountain and water relief carving,"soft daylight product photography, neutral gray background",liveroom,"busy live sales counter, host holding the jade item above a velvet tray, human hand, wrist, upper body and face visible as natural distractors, other jade pieces softly blurred in the background","Generate one realistic live-stream sales room image: a livestream host is talking about this jade item; a rectangular jade landscape plaque pendant with mountain and water relief carving. busy live sales counter, host holding the jade item above a velvet tray, human hand, wrist, upper body and face visible as natural distractors, other jade pieces softly blurred in the background. Material and color: lavender purple jade, soft violet tone. Water quality: ice-type jade, translucent and clean, visible watery depth. The jade object must be the main visual focus, fully visible, sharp focus, realistic polished jade luster, natural inclusions and texture appropriate for jadeite, no text or labels in the image. soft daylight product photography, neutral gray background.","text, label, caption, watermark, logo, certificate, price tag, QR code, ruler, fake plastic look, overexposed highlights, blurry jade item, cropped jade object, duplicate jade object, extra holes in jade, distorted carving, deformed hands, extra fingers, distorted facial features","{""color"": ""紫罗兰"", ""style"": ""挂件"", ""theme"": ""山水"", ""water"": ""冰种""}",val,jade-synthetic-liveroom-v1
jade-gen-0121,data/generated_jade_liveroom_training_images/sample-0121.png,sample-0121.png,春带彩,糯种,挂件,貔貅,"a carved jade pixiu pendant, mythical beast silhouette visible","macro product photography, white acrylic base, clean shadow",liveroom,"live-stream jade sales room, a host is talking about the jade item, upper body and face visible behind the product, one hand holding the jade close to the camera, soft ring light reflection, display trays in the background","Generate one realistic live-stream sales room image: a livestream host is talking about this jade item; a carved jade pixiu pendant, mythical beast silhouette visible. live-stream jade sales room, a host is talking about the jade item, upper body and face visible behind the product, one hand holding the jade close to the camera, soft ring light reflection, display trays in the background. Material and color: chun dai cai jade, visible purple and green color zones in one piece. Water quality: waxy jade, soft cloudy translucency, fine waxy texture. The jade object must be the main visual focus, fully visible, sharp focus, realistic polished jade luster, natural inclusions and texture appropriate for jadeite, no text or labels in the image. macro product photography, white acrylic base, clean shadow.","text, label, caption, watermark, logo, certificate, price tag, QR code, ruler, fake plastic look, overexposed highlights, blurry jade item, cropped jade object, duplicate jade object, extra holes in jade, distorted carving, deformed hands, extra fingers, distorted facial features","{""color"": ""春带彩"", ""style"": ""挂件"", ""theme"": ""貔貅"", ""water"": ""糯种""}",train,jade-synthetic-liveroom-v1
jade-gen-0122,data/generated_jade_liveroom_training_images/sample-0122.png,sample-0122.png,春带彩,豆种,挂件,葫芦,a carved jade gourd pendant with double-lobed gourd shape,"jewelry catalog photo, warm side light, beige stone surface",liveroom,"vertical live-commerce room scene, a female presenter is explaining the jade piece, face and torso visible but slightly behind focus, both hands presenting the jade under bright studio lights, blurred shelves of jewelry in the background","Generate one realistic live-stream sales room image: a livestream host is talking about this jade item; a carved jade gourd pendant with double-lobed gourd shape. vertical live-commerce room scene, a female presenter is explaining the jade piece, face and torso visible but slightly behind focus, both hands presenting the jade under bright studio lights, blurred shelves of jewelry in the background. Material and color: chun dai cai jade, visible purple and green color zones in one piece. Water quality: bean-type jade, low translucency, visible granular texture. The jade object must be the main visual focus, fully visible, sharp focus, realistic polished jade luster, natural inclusions and texture appropriate for jadeite, no text or labels in the image. jewelry catalog photo, warm side light, beige stone surface.","text, label, caption, watermark, logo, certificate, price tag, QR code, ruler, fake plastic look, overexposed highlights, blurry jade item, cropped jade object, duplicate jade object, extra holes in jade, distorted carving, deformed hands, extra fingers, distorted facial features","{""color"": ""春带彩"", ""style"": ""挂件"", ""theme"": ""葫芦"", ""water"": ""豆种""}",train,jade-synthetic-liveroom-v1
jade-gen-0123,data/generated_jade_liveroom_training_images/sample-0123.png,sample-0123.png,春带彩,玻璃种,挂件,龙,a carved jade dragon plaque pendant with dragon relief visible,"soft daylight product photography, neutral gray background",liveroom,"jade livestream selling desk, presenter is speaking while pointing at the item, one hand and part of the upper body visible, face partially visible at the edge of frame, phone tripod and softbox reflections in the room","Generate one realistic live-stream sales room image: a livestream host is talking about this jade item; a carved jade dragon plaque pendant with dragon relief visible. jade livestream selling desk, presenter is speaking while pointing at the item, one hand and part of the upper body visible, face partially visible at the edge of frame, phone tripod and softbox reflections in the room. Material and color: chun dai cai jade, visible purple and green color zones in one piece. Water quality: glass-type jade, very high transparency, glass-like clarity, minimal grain. The jade object must be the main visual focus, fully visible, sharp focus, realistic polished jade luster, natural inclusions and texture appropriate for jadeite, no text or labels in the image. soft daylight product photography, neutral gray background.","text, label, caption, watermark, logo, certificate, price tag, QR code, ruler, fake plastic look, overexposed highlights, blurry jade item, cropped jade object, duplicate jade object, extra holes in jade, distorted carving, deformed hands, extra fingers, distorted facial features","{""color"": ""春带彩"", ""style"": ""挂件"", ""theme"": ""龙"", ""water"": ""玻璃种""}",train,jade-synthetic-liveroom-v1
jade-gen-0124,data/generated_jade_liveroom_training_images/sample-0124.png,sample-0124.png,春带彩,高冰,挂件,福瓜,a carved jade melon pendant with ribbed melon form,"studio product photo, softbox reflection, matte black background",liveroom,"busy live sales counter, host holding the jade item above a velvet tray, human hand, wrist, upper body and face visible as natural distractors, other jade pieces softly blurred in the background","Generate one realistic live-stream sales room image: a livestream host is talking about this jade item; a carved jade melon pendant with ribbed melon form. busy live sales counter, host holding the jade item above a velvet tray, human hand, wrist, upper body and face visible as natural distractors, other jade pieces softly blurred in the background. Material and color: chun dai cai jade, visible purple and green color zones in one piece. Water quality: high-ice jade, very translucent, strong luster, fine clean texture. The jade object must be the main visual focus, fully visible, sharp focus, realistic polished jade luster, natural inclusions and texture appropriate for jadeite, no text or labels in the image. studio product photo, softbox reflection, matte black background.","text, label, caption, watermark, logo, certificate, price tag, QR code, ruler, fake plastic look, overexposed highlights, blurry jade item, cropped jade object, duplicate jade object, extra holes in jade, distorted carving, deformed hands, extra fingers, distorted facial features","{""color"": ""春带彩"", ""style"": ""挂件"", ""theme"": ""福瓜"", ""water"": ""高冰""}",train,jade-synthetic-liveroom-v1
jade-gen-0125,data/generated_jade_liveroom_training_images/sample-0125.png,sample-0125.png,春带彩,冰种,挂件,无事牌,"a plain rectangular jade plaque pendant, smooth face, no carved figure","macro product photography, white acrylic base, clean shadow",liveroom,"live-stream jade sales room, a host is talking about the jade item, upper body and face visible behind the product, one hand holding the jade close to the camera, soft ring light reflection, display trays in the background","Generate one realistic live-stream sales room image: a livestream host is talking about this jade item; a plain rectangular jade plaque pendant, smooth face, no carved figure. live-stream jade sales room, a host is talking about the jade item, upper body and face visible behind the product, one hand holding the jade close to the camera, soft ring light reflection, display trays in the background. Material and color: chun dai cai jade, visible purple and green color zones in one piece. Water quality: ice-type jade, translucent and clean, visible watery depth. The jade object must be the main visual focus, fully visible, sharp focus, realistic polished jade luster, natural inclusions and texture appropriate for jadeite, no text or labels in the image. macro product photography, white acrylic base, clean shadow.","text, label, caption, watermark, logo, certificate, price tag, QR code, ruler, fake plastic look, overexposed highlights, blurry jade item, cropped jade object, duplicate jade object, extra holes in jade, distorted carving, deformed hands, extra fingers, distorted facial features","{""color"": ""春带彩"", ""style"": ""挂件"", ""theme"": ""无事牌"", ""water"": ""冰种""}",train,jade-synthetic-liveroom-v1
jade-gen-0126,data/generated_jade_liveroom_training_images/sample-0126.png,sample-0126.png,春带彩,糯冰,吊坠,,"a small simple jade drop pendant with polished surface, no figurative carving","jewelry catalog photo, warm side light, beige stone surface",liveroom,"vertical live-commerce room scene, a female presenter is explaining the jade piece, face and torso visible but slightly behind focus, both hands presenting the jade under bright studio lights, blurred shelves of jewelry in the background","Generate one realistic live-stream sales room image: a livestream host is talking about this jade item; a small simple jade drop pendant with polished surface, no figurative carving. vertical live-commerce room scene, a female presenter is explaining the jade piece, face and torso visible but slightly behind focus, both hands presenting the jade under bright studio lights, blurred shelves of jewelry in the background. Material and color: chun dai cai jade, visible purple and green color zones in one piece. Water quality: waxy-ice jade, semi-translucent, slightly cloudy but still icy. The jade object must be the main visual focus, fully visible, sharp focus, realistic polished jade luster, natural inclusions and texture appropriate for jadeite, no text or labels in the image. jewelry catalog photo, warm side light, beige stone surface.","text, label, caption, watermark, logo, certificate, price tag, QR code, ruler, fake plastic look, overexposed highlights, blurry jade item, cropped jade object, duplicate jade object, extra holes in jade, distorted carving, deformed hands, extra fingers, distorted facial features","{""color"": ""春带彩"", ""style"": ""吊坠"", ""theme"": """", ""water"": ""糯冰""}",train,jade-synthetic-liveroom-v1
jade-gen-0127,data/generated_jade_liveroom_training_images/sample-0127.png,sample-0127.png,春带彩,糯种,手镯,,"a single complete jade bangle bracelet lying flat, full ring visible","soft daylight product photography, neutral gray background",liveroom,"jade livestream selling desk, presenter is speaking while pointing at the item, one hand and part of the upper body visible, face partially visible at the edge of frame, phone tripod and softbox reflections in the room","Generate one realistic live-stream sales room image: a livestream host is talking about this jade item; a single complete jade bangle bracelet lying flat, full ring visible. jade livestream selling desk, presenter is speaking while pointing at the item, one hand and part of the upper body visible, face partially visible at the edge of frame, phone tripod and softbox reflections in the room. Material and color: chun dai cai jade, visible purple and green color zones in one piece. Water quality: waxy jade, soft cloudy translucency, fine waxy texture. The jade object must be the main visual focus, fully visible, sharp focus, realistic polished jade luster, natural inclusions and texture appropriate for jadeite, no text or labels in the image. soft daylight product photography, neutral gray background.","text, label, caption, watermark, logo, certificate, price tag, QR code, ruler, fake plastic look, overexposed highlights, blurry jade item, cropped jade object, duplicate jade object, extra holes in jade, distorted carving, deformed hands, extra fingers, distorted facial features","{""color"": ""春带彩"", ""style"": ""手镯"", ""theme"": """", ""water"": ""糯种""}",train,jade-synthetic-liveroom-v1
jade-gen-0128,data/generated_jade_liveroom_training_images/sample-0128.png,sample-0128.png,春带彩,豆种,手镯,,a round jade bangle standing slightly upright on a small acrylic rest,"studio product photo, softbox reflection, matte black background",liveroom,"busy live sales counter, host holding the jade item above a velvet tray, human hand, wrist, upper body and face visible as natural distractors, other jade pieces softly blurred in the background","Generate one realistic live-stream sales room image: a livestream host is talking about this jade item; a round jade bangle standing slightly upright on a small acrylic rest. busy live sales counter, host holding the jade item above a velvet tray, human hand, wrist, upper body and face visible as natural distractors, other jade pieces softly blurred in the background. Material and color: chun dai cai jade, visible purple and green color zones in one piece. Water quality: bean-type jade, low translucency, visible granular texture. The jade object must be the main visual focus, fully visible, sharp focus, realistic polished jade luster, natural inclusions and texture appropriate for jadeite, no text or labels in the image. studio product photo, softbox reflection, matte black background.","text, label, caption, watermark, logo, certificate, price tag, QR code, ruler, fake plastic look, overexposed highlights, blurry jade item, cropped jade object, duplicate jade object, extra holes in jade, distorted carving, deformed hands, extra fingers, distorted facial features","{""color"": ""春带彩"", ""style"": ""手镯"", ""theme"": """", ""water"": ""豆种""}",train,jade-synthetic-liveroom-v1
jade-gen-0129,data/generated_jade_liveroom_training_images/sample-0129.png,sample-0129.png,春带彩,玻璃种,平安扣,,"a round jade safety buckle pendant, circular disc with a clean central hole","macro product photography, white acrylic base, clean shadow",liveroom,"live-stream jade sales room, a host is talking about the jade item, upper body and face visible behind the product, one hand holding the jade close to the camera, soft ring light reflection, display trays in the background","Generate one realistic live-stream sales room image: a livestream host is talking about this jade item; a round jade safety buckle pendant, circular disc with a clean central hole. live-stream jade sales room, a host is talking about the jade item, upper body and face visible behind the product, one hand holding the jade close to the camera, soft ring light reflection, display trays in the background. Material and color: chun dai cai jade, visible purple and green color zones in one piece. Water quality: glass-type jade, very high transparency, glass-like clarity, minimal grain. The jade object must be the main visual focus, fully visible, sharp focus, realistic polished jade luster, natural inclusions and texture appropriate for jadeite, no text or labels in the image. macro product photography, white acrylic base, clean shadow.","text, label, caption, watermark, logo, certificate, price tag, QR code, ruler, fake plastic look, overexposed highlights, blurry jade item, cropped jade object, duplicate jade object, extra holes in jade, distorted carving, deformed hands, extra fingers, distorted facial features","{""color"": ""春带彩"", ""style"": ""平安扣"", ""theme"": """", ""water"": ""玻璃种""}",train,jade-synthetic-liveroom-v1
jade-gen-0130,data/generated_jade_liveroom_training_images/sample-0130.png,sample-0130.png,春带彩,高冰,珠串,,"a jade bead bracelet, individual polished round beads clearly visible","jewelry catalog photo, warm side light, beige stone surface",liveroom,"vertical live-commerce room scene, a female presenter is explaining the jade piece, face and torso visible but slightly behind focus, both hands presenting the jade under bright studio lights, blurred shelves of jewelry in the background","Generate one realistic live-stream sales room image: a livestream host is talking about this jade item; a jade bead bracelet, individual polished round beads clearly visible. vertical live-commerce room scene, a female presenter is explaining the jade piece, face and torso visible but slightly behind focus, both hands presenting the jade under bright studio lights, blurred shelves of jewelry in the background. Material and color: chun dai cai jade, visible purple and green color zones in one piece. Water quality: high-ice jade, very translucent, strong luster, fine clean texture. The jade object must be the main visual focus, fully visible, sharp focus, realistic polished jade luster, natural inclusions and texture appropriate for jadeite, no text or labels in the image. jewelry catalog photo, warm side light, beige stone surface.","text, label, caption, watermark, logo, certificate, price tag, QR code, ruler, fake plastic look, overexposed highlights, blurry jade item, cropped jade object, duplicate jade object, extra holes in jade, distorted carving, deformed hands, extra fingers, distorted facial features","{""color"": ""春带彩"", ""style"": ""珠串"", ""theme"": """", ""water"": ""高冰""}",val,jade-synthetic-liveroom-v1
jade-gen-0131,data/generated_jade_liveroom_training_images/sample-0131.png,sample-0131.png,春带彩,冰种,蛋面,,"a loose oval jade cabochon gemstone, domed top, no metal setting","soft daylight product photography, neutral gray background",liveroom,"jade livestream selling desk, presenter is speaking while pointing at the item, one hand and part of the upper body visible, face partially visible at the edge of frame, phone tripod and softbox reflections in the room","Generate one realistic live-stream sales room image: a livestream host is talking about this jade item; a loose oval jade cabochon gemstone, domed top, no metal setting. jade livestream selling desk, presenter is speaking while pointing at the item, one hand and part of the upper body visible, face partially visible at the edge of frame, phone tripod and softbox reflections in the room. Material and color: chun dai cai jade, visible purple and green color zones in one piece. Water quality: ice-type jade, translucent and clean, visible watery depth. The jade object must be the main visual focus, fully visible, sharp focus, realistic polished jade luster, natural inclusions and texture appropriate for jadeite, no text or labels in the image. soft daylight product photography, neutral gray background.","text, label, caption, watermark, logo, certificate, price tag, QR code, ruler, fake plastic look, overexposed highlights, blurry jade item, cropped jade object, duplicate jade object, extra holes in jade, distorted carving, deformed hands, extra fingers, distorted facial features","{""color"": ""春带彩"", ""style"": ""蛋面"", ""theme"": """", ""water"": ""冰种""}",train,jade-synthetic-liveroom-v1
jade-gen-0132,data/generated_jade_liveroom_training_images/sample-0132.png,sample-0132.png,春带彩,糯冰,戒面,,"a polished oval jade ring-face stone, flatter than a cabochon, no metal setting","studio product photo, softbox reflection, matte black background",liveroom,"busy live sales counter, host holding the jade item above a velvet tray, human hand, wrist, upper body and face visible as natural distractors, other jade pieces softly blurred in the background","Generate one realistic live-stream sales room image: a livestream host is talking about this jade item; a polished oval jade ring-face stone, flatter than a cabochon, no metal setting. busy live sales counter, host holding the jade item above a velvet tray, human hand, wrist, upper body and face visible as natural distractors, other jade pieces softly blurred in the background. Material and color: chun dai cai jade, visible purple and green color zones in one piece. Water quality: waxy-ice jade, semi-translucent, slightly cloudy but still icy. The jade object must be the main visual focus, fully visible, sharp focus, realistic polished jade luster, natural inclusions and texture appropriate for jadeite, no text or labels in the image. studio product photo, softbox reflection, matte black background.","text, label, caption, watermark, logo, certificate, price tag, QR code, ruler, fake plastic look, overexposed highlights, blurry jade item, cropped jade object, duplicate jade object, extra holes in jade, distorted carving, deformed hands, extra fingers, distorted facial features","{""color"": ""春带彩"", ""style"": ""戒面"", ""theme"": """", ""water"": ""糯冰""}",train,jade-synthetic-liveroom-v1
jade-gen-0133,data/generated_jade_liveroom_training_images/sample-0133.png,sample-0133.png,白冰,豆种,戒指,,a jade ring with a jade cabochon mounted on a simple ring band,"jewelry catalog photo, warm side light, beige stone surface",liveroom,"live-stream jade sales room, a host is talking about the jade item, upper body and face visible behind the product, one hand holding the jade close to the camera, soft ring light reflection, display trays in the background","Generate one realistic live-stream sales room image: a livestream host is talking about this jade item; a jade ring with a jade cabochon mounted on a simple ring band. live-stream jade sales room, a host is talking about the jade item, upper body and face visible behind the product, one hand holding the jade close to the camera, soft ring light reflection, display trays in the background. Material and color: white ice jade, milky white to icy white with translucency. Water quality: bean-type jade, low translucency, visible granular texture. The jade object must be the main visual focus, fully visible, sharp focus, realistic polished jade luster, natural inclusions and texture appropriate for jadeite, no text or labels in the image. jewelry catalog photo, warm side light, beige stone surface.","text, label, caption, watermark, logo, certificate, price tag, QR code, ruler, fake plastic look, overexposed highlights, blurry jade item, cropped jade object, duplicate jade object, extra holes in jade, distorted carving, deformed hands, extra fingers, distorted facial features","{""color"": ""白冰"", ""style"": ""戒指"", ""theme"": """", ""water"": ""豆种""}",train,jade-synthetic-liveroom-v1
jade-gen-0134,data/generated_jade_liveroom_training_images/sample-0134.png,sample-0134.png,白冰,玻璃种,挂件,观音,"a carved jade pendant of Guanyin, full carving visible","soft daylight product photography, neutral gray background",liveroom,"vertical live-commerce room scene, a female presenter is explaining the jade piece, face and torso visible but slightly behind focus, both hands presenting the jade under bright studio lights, blurred shelves of jewelry in the background","Generate one realistic live-stream sales room image: a livestream host is talking about this jade item; a carved jade pendant of Guanyin, full carving visible. vertical live-commerce room scene, a female presenter is explaining the jade piece, face and torso visible but slightly behind focus, both hands presenting the jade under bright studio lights, blurred shelves of jewelry in the background. Material and color: white ice jade, milky white to icy white with translucency. Water quality: glass-type jade, very high transparency, glass-like clarity, minimal grain. The jade object must be the main visual focus, fully visible, sharp focus, realistic polished jade luster, natural inclusions and texture appropriate for jadeite, no text or labels in the image. soft daylight product photography, neutral gray background.","text, label, caption, watermark, logo, certificate, price tag, QR code, ruler, fake plastic look, overexposed highlights, blurry jade item, cropped jade object, duplicate jade object, extra holes in jade, distorted carving, deformed hands, extra fingers, distorted facial features","{""color"": ""白冰"", ""style"": ""挂件"", ""theme"": ""观音"", ""water"": ""玻璃种""}",train,jade-synthetic-liveroom-v1
jade-gen-0135,data/generated_jade_liveroom_training_images/sample-0135.png,sample-0135.png,白冰,高冰,挂件,佛公,"a carved jade pendant of laughing Buddha, rounded belly visible","studio product photo, softbox reflection, matte black background",liveroom,"jade livestream selling desk, presenter is speaking while pointing at the item, one hand and part of the upper body visible, face partially visible at the edge of frame, phone tripod and softbox reflections in the room","Generate one realistic live-stream sales room image: a livestream host is talking about this jade item; a carved jade pendant of laughing Buddha, rounded belly visible. jade livestream selling desk, presenter is speaking while pointing at the item, one hand and part of the upper body visible, face partially visible at the edge of frame, phone tripod and softbox reflections in the room. Material and color: white ice jade, milky white to icy white with translucency. Water quality: high-ice jade, very translucent, strong luster, fine clean texture. The jade object must be the main visual focus, fully visible, sharp focus, realistic polished jade luster, natural inclusions and texture appropriate for jadeite, no text or labels in the image. studio product photo, softbox reflection, matte black background.","text, label, caption, watermark, logo, certificate, price tag, QR code, ruler, fake plastic look, overexposed highlights, blurry jade item, cropped jade object, duplicate jade object, extra holes in jade, distorted carving, deformed hands, extra fingers, distorted facial features","{""color"": ""白冰"", ""style"": ""挂件"", ""theme"": ""佛公"", ""water"": ""高冰""}",train,jade-synthetic-liveroom-v1
jade-gen-0136,data/generated_jade_liveroom_training_images/sample-0136.png,sample-0136.png,白冰,冰种,挂件,如意,a carved jade ruyi pendant with curved ruyi silhouette,"macro product photography, white acrylic base, clean shadow",liveroom,"busy live sales counter, host holding the jade item above a velvet tray, human hand, wrist, upper body and face visible as natural distractors, other jade pieces softly blurred in the background","Generate one realistic live-stream sales room image: a livestream host is talking about this jade item; a carved jade ruyi pendant with curved ruyi silhouette. busy live sales counter, host holding the jade item above a velvet tray, human hand, wrist, upper body and face visible as natural distractors, other jade pieces softly blurred in the background. Material and color: white ice jade, milky white to icy white with translucency. Water quality: ice-type jade, translucent and clean, visible watery depth. The jade object must be the main visual focus, fully visible, sharp focus, realistic polished jade luster, natural inclusions and texture appropriate for jadeite, no text or labels in the image. macro product photography, white acrylic base, clean shadow.","text, label, caption, watermark, logo, certificate, price tag, QR code, ruler, fake plastic look, overexposed highlights, blurry jade item, cropped jade object, duplicate jade object, extra holes in jade, distorted carving, deformed hands, extra fingers, distorted facial features","{""color"": ""白冰"", ""style"": ""挂件"", ""theme"": ""如意"", ""water"": ""冰种""}",train,jade-synthetic-liveroom-v1
jade-gen-0137,data/generated_jade_liveroom_training_images/sample-0137.png,sample-0137.png,白冰,糯冰,挂件,叶子,a carved jade leaf pendant with leaf veins visible,"jewelry catalog photo, warm side light, beige stone surface",liveroom,"live-stream jade sales room, a host is talking about the jade item, upper body and face visible behind the product, one hand holding the jade close to the camera, soft ring light reflection, display trays in the background","Generate one realistic live-stream sales room image: a livestream host is talking about this jade item; a carved jade leaf pendant with leaf veins visible. live-stream jade sales room, a host is talking about the jade item, upper body and face visible behind the product, one hand holding the jade close to the camera, soft ring light reflection, display trays in the background. Material and color: white ice jade, milky white to icy white with translucency. Water quality: waxy-ice jade, semi-translucent, slightly cloudy but still icy. The jade object must be the main visual focus, fully visible, sharp focus, realistic polished jade luster, natural inclusions and texture appropriate for jadeite, no text or labels in the image. jewelry catalog photo, warm side light, beige stone surface.","text, label, caption, watermark, logo, certificate, price tag, QR code, ruler, fake plastic look, overexposed highlights, blurry jade item, cropped jade object, duplicate jade object, extra holes in jade, distorted carving, deformed hands, extra fingers, distorted facial features","{""color"": ""白冰"", ""style"": ""挂件"", ""theme"": ""叶子"", ""water"": ""糯冰""}",train,jade-synthetic-liveroom-v1
jade-gen-0138,data/generated_jade_liveroom_training_images/sample-0138.png,sample-0138.png,白冰,糯种,挂件,山水,a rectangular jade landscape plaque pendant with mountain and water relief carving,"soft daylight product photography, neutral gray background",liveroom,"vertical live-commerce room scene, a female presenter is explaining the jade piece, face and torso visible but slightly behind focus, both hands presenting the jade under bright studio lights, blurred shelves of jewelry in the background","Generate one realistic live-stream sales room image: a livestream host is talking about this jade item; a rectangular jade landscape plaque pendant with mountain and water relief carving. vertical live-commerce room scene, a female presenter is explaining the jade piece, face and torso visible but slightly behind focus, both hands presenting the jade under bright studio lights, blurred shelves of jewelry in the background. Material and color: white ice jade, milky white to icy white with translucency. Water quality: waxy jade, soft cloudy translucency, fine waxy texture. The jade object must be the main visual focus, fully visible, sharp focus, realistic polished jade luster, natural inclusions and texture appropriate for jadeite, no text or labels in the image. soft daylight product photography, neutral gray background.","text, label, caption, watermark, logo, certificate, price tag, QR code, ruler, fake plastic look, overexposed highlights, blurry jade item, cropped jade object, duplicate jade object, extra holes in jade, distorted carving, deformed hands, extra fingers, distorted facial features","{""color"": ""白冰"", ""style"": ""挂件"", ""theme"": ""山水"", ""water"": ""糯种""}",train,jade-synthetic-liveroom-v1
jade-gen-0139,data/generated_jade_liveroom_training_images/sample-0139.png,sample-0139.png,白冰,豆种,挂件,貔貅,"a carved jade pixiu pendant, mythical beast silhouette visible","studio product photo, softbox reflection, matte black background",liveroom,"jade livestream selling desk, presenter is speaking while pointing at the item, one hand and part of the upper body visible, face partially visible at the edge of frame, phone tripod and softbox reflections in the room","Generate one realistic live-stream sales room image: a livestream host is talking about this jade item; a carved jade pixiu pendant, mythical beast silhouette visible. jade livestream selling desk, presenter is speaking while pointing at the item, one hand and part of the upper body visible, face partially visible at the edge of frame, phone tripod and softbox reflections in the room. Material and color: white ice jade, milky white to icy white with translucency. Water quality: bean-type jade, low translucency, visible granular texture. The jade object must be the main visual focus, fully visible, sharp focus, realistic polished jade luster, natural inclusions and texture appropriate for jadeite, no text or labels in the image. studio product photo, softbox reflection, matte black background.","text, label, caption, watermark, logo, certificate, price tag, QR code, ruler, fake plastic look, overexposed highlights, blurry jade item, cropped jade object, duplicate jade object, extra holes in jade, distorted carving, deformed hands, extra fingers, distorted facial features","{""color"": ""白冰"", ""style"": ""挂件"", ""theme"": ""貔貅"", ""water"": ""豆种""}",train,jade-synthetic-liveroom-v1
jade-gen-0140,data/generated_jade_liveroom_training_images/sample-0140.png,sample-0140.png,白冰,玻璃种,挂件,葫芦,a carved jade gourd pendant with double-lobed gourd shape,"macro product photography, white acrylic base, clean shadow",liveroom,"busy live sales counter, host holding the jade item above a velvet tray, human hand, wrist, upper body and face visible as natural distractors, other jade pieces softly blurred in the background","Generate one realistic live-stream sales room image: a livestream host is talking about this jade item; a carved jade gourd pendant with double-lobed gourd shape. busy live sales counter, host holding the jade item above a velvet tray, human hand, wrist, upper body and face visible as natural distractors, other jade pieces softly blurred in the background. Material and color: white ice jade, milky white to icy white with translucency. Water quality: glass-type jade, very high transparency, glass-like clarity, minimal grain. The jade object must be the main visual focus, fully visible, sharp focus, realistic polished jade luster, natural inclusions and texture appropriate for jadeite, no text or labels in the image. macro product photography, white acrylic base, clean shadow.","text, label, caption, watermark, logo, certificate, price tag, QR code, ruler, fake plastic look, overexposed highlights, blurry jade item, cropped jade object, duplicate jade object, extra holes in jade, distorted carving, deformed hands, extra fingers, distorted facial features","{""color"": ""白冰"", ""style"": ""挂件"", ""theme"": ""葫芦"", ""water"": ""玻璃种""}",val,jade-synthetic-liveroom-v1
jade-gen-0141,data/generated_jade_liveroom_training_images/sample-0141.png,sample-0141.png,白冰,高冰,挂件,龙,a carved jade dragon plaque pendant with dragon relief visible,"jewelry catalog photo, warm side light, beige stone surface",liveroom,"live-stream jade sales room, a host is talking about the jade item, upper body and face visible behind the product, one hand holding the jade close to the camera, soft ring light reflection, display trays in the background","Generate one realistic live-stream sales room image: a livestream host is talking about this jade item; a carved jade dragon plaque pendant with dragon relief visible. live-stream jade sales room, a host is talking about the jade item, upper body and face visible behind the product, one hand holding the jade close to the camera, soft ring light reflection, display trays in the background. Material and color: white ice jade, milky white to icy white with translucency. Water quality: high-ice jade, very translucent, strong luster, fine clean texture. The jade object must be the main visual focus, fully visible, sharp focus, realistic polished jade luster, natural inclusions and texture appropriate for jadeite, no text or labels in the image. jewelry catalog photo, warm side light, beige stone surface.","text, label, caption, watermark, logo, certificate, price tag, QR code, ruler, fake plastic look, overexposed highlights, blurry jade item, cropped jade object, duplicate jade object, extra holes in jade, distorted carving, deformed hands, extra fingers, distorted facial features","{""color"": ""白冰"", ""style"": ""挂件"", ""theme"": ""龙"", ""water"": ""高冰""}",train,jade-synthetic-liveroom-v1
jade-gen-0142,data/generated_jade_liveroom_training_images/sample-0142.png,sample-0142.png,白冰,冰种,挂件,福瓜,a carved jade melon pendant with ribbed melon form,"soft daylight product photography, neutral gray background",liveroom,"vertical live-commerce room scene, a female presenter is explaining the jade piece, face and torso visible but slightly behind focus, both hands presenting the jade under bright studio lights, blurred shelves of jewelry in the background","Generate one realistic live-stream sales room image: a livestream host is talking about this jade item; a carved jade melon pendant with ribbed melon form. vertical live-commerce room scene, a female presenter is explaining the jade piece, face and torso visible but slightly behind focus, both hands presenting the jade under bright studio lights, blurred shelves of jewelry in the background. Material and color: white ice jade, milky white to icy white with translucency. Water quality: ice-type jade, translucent and clean, visible watery depth. The jade object must be the main visual focus, fully visible, sharp focus, realistic polished jade luster, natural inclusions and texture appropriate for jadeite, no text or labels in the image. soft daylight product photography, neutral gray background.","text, label, caption, watermark, logo, certificate, price tag, QR code, ruler, fake plastic look, overexposed highlights, blurry jade item, cropped jade object, duplicate jade object, extra holes in jade, distorted carving, deformed hands, extra fingers, distorted facial features","{""color"": ""白冰"", ""style"": ""挂件"", ""theme"": ""福瓜"", ""water"": ""冰种""}",train,jade-synthetic-liveroom-v1
jade-gen-0143,data/generated_jade_liveroom_training_images/sample-0143.png,sample-0143.png,白冰,糯冰,挂件,无事牌,"a plain rectangular jade plaque pendant, smooth face, no carved figure","studio product photo, softbox reflection, matte black background",liveroom,"jade livestream selling desk, presenter is speaking while pointing at the item, one hand and part of the upper body visible, face partially visible at the edge of frame, phone tripod and softbox reflections in the room","Generate one realistic live-stream sales room image: a livestream host is talking about this jade item; a plain rectangular jade plaque pendant, smooth face, no carved figure. jade livestream selling desk, presenter is speaking while pointing at the item, one hand and part of the upper body visible, face partially visible at the edge of frame, phone tripod and softbox reflections in the room. Material and color: white ice jade, milky white to icy white with translucency. Water quality: waxy-ice jade, semi-translucent, slightly cloudy but still icy. The jade object must be the main visual focus, fully visible, sharp focus, realistic polished jade luster, natural inclusions and texture appropriate for jadeite, no text or labels in the image. studio product photo, softbox reflection, matte black background.","text, label, caption, watermark, logo, certificate, price tag, QR code, ruler, fake plastic look, overexposed highlights, blurry jade item, cropped jade object, duplicate jade object, extra holes in jade, distorted carving, deformed hands, extra fingers, distorted facial features","{""color"": ""白冰"", ""style"": ""挂件"", ""theme"": ""无事牌"", ""water"": ""糯冰""}",train,jade-synthetic-liveroom-v1
jade-gen-0144,data/generated_jade_liveroom_training_images/sample-0144.png,sample-0144.png,白冰,糯种,吊坠,,"a small simple jade drop pendant with polished surface, no figurative carving","macro product photography, white acrylic base, clean shadow",liveroom,"busy live sales counter, host holding the jade item above a velvet tray, human hand, wrist, upper body and face visible as natural distractors, other jade pieces softly blurred in the background","Generate one realistic live-stream sales room image: a livestream host is talking about this jade item; a small simple jade drop pendant with polished surface, no figurative carving. busy live sales counter, host holding the jade item above a velvet tray, human hand, wrist, upper body and face visible as natural distractors, other jade pieces softly blurred in the background. Material and color: white ice jade, milky white to icy white with translucency. Water quality: waxy jade, soft cloudy translucency, fine waxy texture. The jade object must be the main visual focus, fully visible, sharp focus, realistic polished jade luster, natural inclusions and texture appropriate for jadeite, no text or labels in the image. macro product photography, white acrylic base, clean shadow.","text, label, caption, watermark, logo, certificate, price tag, QR code, ruler, fake plastic look, overexposed highlights, blurry jade item, cropped jade object, duplicate jade object, extra holes in jade, distorted carving, deformed hands, extra fingers, distorted facial features","{""color"": ""白冰"", ""style"": ""吊坠"", ""theme"": """", ""water"": ""糯种""}",train,jade-synthetic-liveroom-v1
jade-gen-0145,data/generated_jade_liveroom_training_images/sample-0145.png,sample-0145.png,无色,玻璃种,手镯,,"a single complete jade bangle bracelet lying flat, full ring visible","soft daylight product photography, neutral gray background",liveroom,"live-stream jade sales room, a host is talking about the jade item, upper body and face visible behind the product, one hand holding the jade close to the camera, soft ring light reflection, display trays in the background","Generate one realistic live-stream sales room image: a livestream host is talking about this jade item; a single complete jade bangle bracelet lying flat, full ring visible. live-stream jade sales room, a host is talking about the jade item, upper body and face visible behind the product, one hand holding the jade close to the camera, soft ring light reflection, display trays in the background. Material and color: colorless jade, clear transparent to near-white without visible color. Water quality: glass-type jade, very high transparency, glass-like clarity, minimal grain. The jade object must be the main visual focus, fully visible, sharp focus, realistic polished jade luster, natural inclusions and texture appropriate for jadeite, no text or labels in the image. soft daylight product photography, neutral gray background.","text, label, caption, watermark, logo, certificate, price tag, QR code, ruler, fake plastic look, overexposed highlights, blurry jade item, cropped jade object, duplicate jade object, extra holes in jade, distorted carving, deformed hands, extra fingers, distorted facial features","{""color"": ""无色"", ""style"": ""手镯"", ""theme"": """", ""water"": ""玻璃种""}",train,jade-synthetic-liveroom-v1
jade-gen-0146,data/generated_jade_liveroom_training_images/sample-0146.png,sample-0146.png,无色,高冰,手镯,,a round jade bangle standing slightly upright on a small acrylic rest,"studio product photo, softbox reflection, matte black background",liveroom,"vertical live-commerce room scene, a female presenter is explaining the jade piece, face and torso visible but slightly behind focus, both hands presenting the jade under bright studio lights, blurred shelves of jewelry in the background","Generate one realistic live-stream sales room image: a livestream host is talking about this jade item; a round jade bangle standing slightly upright on a small acrylic rest. vertical live-commerce room scene, a female presenter is explaining the jade piece, face and torso visible but slightly behind focus, both hands presenting the jade under bright studio lights, blurred shelves of jewelry in the background. Material and color: colorless jade, clear transparent to near-white without visible color. Water quality: high-ice jade, very translucent, strong luster, fine clean texture. The jade object must be the main visual focus, fully visible, sharp focus, realistic polished jade luster, natural inclusions and texture appropriate for jadeite, no text or labels in the image. studio product photo, softbox reflection, matte black background.","text, label, caption, watermark, logo, certificate, price tag, QR code, ruler, fake plastic look, overexposed highlights, blurry jade item, cropped jade object, duplicate jade object, extra holes in jade, distorted carving, deformed hands, extra fingers, distorted facial features","{""color"": ""无色"", ""style"": ""手镯"", ""theme"": """", ""water"": ""高冰""}",train,jade-synthetic-liveroom-v1
jade-gen-0147,data/generated_jade_liveroom_training_images/sample-0147.png,sample-0147.png,无色,冰种,平安扣,,"a round jade safety buckle pendant, circular disc with a clean central hole","macro product photography, white acrylic base, clean shadow",liveroom,"jade livestream selling desk, presenter is speaking while pointing at the item, one hand and part of the upper body visible, face partially visible at the edge of frame, phone tripod and softbox reflections in the room","Generate one realistic live-stream sales room image: a livestream host is talking about this jade item; a round jade safety buckle pendant, circular disc with a clean central hole. jade livestream selling desk, presenter is speaking while pointing at the item, one hand and part of the upper body visible, face partially visible at the edge of frame, phone tripod and softbox reflections in the room. Material and color: colorless jade, clear transparent to near-white without visible color. Water quality: ice-type jade, translucent and clean, visible watery depth. The jade object must be the main visual focus, fully visible, sharp focus, realistic polished jade luster, natural inclusions and texture appropriate for jadeite, no text or labels in the image. macro product photography, white acrylic base, clean shadow.","text, label, caption, watermark, logo, certificate, price tag, QR code, ruler, fake plastic look, overexposed highlights, blurry jade item, cropped jade object, duplicate jade object, extra holes in jade, distorted carving, deformed hands, extra fingers, distorted facial features","{""color"": ""无色"", ""style"": ""平安扣"", ""theme"": """", ""water"": ""冰种""}",train,jade-synthetic-liveroom-v1
jade-gen-0148,data/generated_jade_liveroom_training_images/sample-0148.png,sample-0148.png,无色,糯冰,珠串,,"a jade bead bracelet, individual polished round beads clearly visible","jewelry catalog photo, warm side light, beige stone surface",liveroom,"busy live sales counter, host holding the jade item above a velvet tray, human hand, wrist, upper body and face visible as natural distractors, other jade pieces softly blurred in the background","Generate one realistic live-stream sales room image: a livestream host is talking about this jade item; a jade bead bracelet, individual polished round beads clearly visible. busy live sales counter, host holding the jade item above a velvet tray, human hand, wrist, upper body and face visible as natural distractors, other jade pieces softly blurred in the background. Material and color: colorless jade, clear transparent to near-white without visible color. Water quality: waxy-ice jade, semi-translucent, slightly cloudy but still icy. The jade object must be the main visual focus, fully visible, sharp focus, realistic polished jade luster, natural inclusions and texture appropriate for jadeite, no text or labels in the image. jewelry catalog photo, warm side light, beige stone surface.","text, label, caption, watermark, logo, certificate, price tag, QR code, ruler, fake plastic look, overexposed highlights, blurry jade item, cropped jade object, duplicate jade object, extra holes in jade, distorted carving, deformed hands, extra fingers, distorted facial features","{""color"": ""无色"", ""style"": ""珠串"", ""theme"": """", ""water"": ""糯冰""}",train,jade-synthetic-liveroom-v1
jade-gen-0149,data/generated_jade_liveroom_training_images/sample-0149.png,sample-0149.png,无色,糯种,蛋面,,"a loose oval jade cabochon gemstone, domed top, no metal setting","soft daylight product photography, neutral gray background",liveroom,"live-stream jade sales room, a host is talking about the jade item, upper body and face visible behind the product, one hand holding the jade close to the camera, soft ring light reflection, display trays in the background","Generate one realistic live-stream sales room image: a livestream host is talking about this jade item; a loose oval jade cabochon gemstone, domed top, no metal setting. live-stream jade sales room, a host is talking about the jade item, upper body and face visible behind the product, one hand holding the jade close to the camera, soft ring light reflection, display trays in the background. Material and color: colorless jade, clear transparent to near-white without visible color. Water quality: waxy jade, soft cloudy translucency, fine waxy texture. The jade object must be the main visual focus, fully visible, sharp focus, realistic polished jade luster, natural inclusions and texture appropriate for jadeite, no text or labels in the image. soft daylight product photography, neutral gray background.","text, label, caption, watermark, logo, certificate, price tag, QR code, ruler, fake plastic look, overexposed highlights, blurry jade item, cropped jade object, duplicate jade object, extra holes in jade, distorted carving, deformed hands, extra fingers, distorted facial features","{""color"": ""无色"", ""style"": ""蛋面"", ""theme"": """", ""water"": ""糯种""}",train,jade-synthetic-liveroom-v1
jade-gen-0150,data/generated_jade_liveroom_training_images/sample-0150.png,sample-0150.png,无色,豆种,戒面,,"a polished oval jade ring-face stone, flatter than a cabochon, no metal setting","studio product photo, softbox reflection, matte black background",liveroom,"vertical live-commerce room scene, a female presenter is explaining the jade piece, face and torso visible but slightly behind focus, both hands presenting the jade under bright studio lights, blurred shelves of jewelry in the background","Generate one realistic live-stream sales room image: a livestream host is talking about this jade item; a polished oval jade ring-face stone, flatter than a cabochon, no metal setting. vertical live-commerce room scene, a female presenter is explaining the jade piece, face and torso visible but slightly behind focus, both hands presenting the jade under bright studio lights, blurred shelves of jewelry in the background. Material and color: colorless jade, clear transparent to near-white without visible color. Water quality: bean-type jade, low translucency, visible granular texture. The jade object must be the main visual focus, fully visible, sharp focus, realistic polished jade luster, natural inclusions and texture appropriate for jadeite, no text or labels in the image. studio product photo, softbox reflection, matte black background.","text, label, caption, watermark, logo, certificate, price tag, QR code, ruler, fake plastic look, overexposed highlights, blurry jade item, cropped jade object, duplicate jade object, extra holes in jade, distorted carving, deformed hands, extra fingers, distorted facial features","{""color"": ""无色"", ""style"": ""戒面"", ""theme"": """", ""water"": ""豆种""}",val,jade-synthetic-liveroom-v1
jade-gen-0151,data/generated_jade_liveroom_training_images/sample-0151.png,sample-0151.png,无色,玻璃种,戒指,,a jade ring with a jade cabochon mounted on a simple ring band,"macro product photography, white acrylic base, clean shadow",liveroom,"jade livestream selling desk, presenter is speaking while pointing at the item, one hand and part of the upper body visible, face partially visible at the edge of frame, phone tripod and softbox reflections in the room","Generate one realistic live-stream sales room image: a livestream host is talking about this jade item; a jade ring with a jade cabochon mounted on a simple ring band. jade livestream selling desk, presenter is speaking while pointing at the item, one hand and part of the upper body visible, face partially visible at the edge of frame, phone tripod and softbox reflections in the room. Material and color: colorless jade, clear transparent to near-white without visible color. Water quality: glass-type jade, very high transparency, glass-like clarity, minimal grain. The jade object must be the main visual focus, fully visible, sharp focus, realistic polished jade luster, natural inclusions and texture appropriate for jadeite, no text or labels in the image. macro product photography, white acrylic base, clean shadow.","text, label, caption, watermark, logo, certificate, price tag, QR code, ruler, fake plastic look, overexposed highlights, blurry jade item, cropped jade object, duplicate jade object, extra holes in jade, distorted carving, deformed hands, extra fingers, distorted facial features","{""color"": ""无色"", ""style"": ""戒指"", ""theme"": """", ""water"": ""玻璃种""}",train,jade-synthetic-liveroom-v1
jade-gen-0152,data/generated_jade_liveroom_training_images/sample-0152.png,sample-0152.png,无色,高冰,挂件,观音,"a carved jade pendant of Guanyin, full carving visible","jewelry catalog photo, warm side light, beige stone surface",liveroom,"busy live sales counter, host holding the jade item above a velvet tray, human hand, wrist, upper body and face visible as natural distractors, other jade pieces softly blurred in the background","Generate one realistic live-stream sales room image: a livestream host is talking about this jade item; a carved jade pendant of Guanyin, full carving visible. busy live sales counter, host holding the jade item above a velvet tray, human hand, wrist, upper body and face visible as natural distractors, other jade pieces softly blurred in the background. Material and color: colorless jade, clear transparent to near-white without visible color. Water quality: high-ice jade, very translucent, strong luster, fine clean texture. The jade object must be the main visual focus, fully visible, sharp focus, realistic polished jade luster, natural inclusions and texture appropriate for jadeite, no text or labels in the image. jewelry catalog photo, warm side light, beige stone surface.","text, label, caption, watermark, logo, certificate, price tag, QR code, ruler, fake plastic look, overexposed highlights, blurry jade item, cropped jade object, duplicate jade object, extra holes in jade, distorted carving, deformed hands, extra fingers, distorted facial features","{""color"": ""无色"", ""style"": ""挂件"", ""theme"": ""观音"", ""water"": ""高冰""}",train,jade-synthetic-liveroom-v1
jade-gen-0153,data/generated_jade_liveroom_training_images/sample-0153.png,sample-0153.png,无色,冰种,挂件,佛公,"a carved jade pendant of laughing Buddha, rounded belly visible","soft daylight product photography, neutral gray background",liveroom,"live-stream jade sales room, a host is talking about the jade item, upper body and face visible behind the product, one hand holding the jade close to the camera, soft ring light reflection, display trays in the background","Generate one realistic live-stream sales room image: a livestream host is talking about this jade item; a carved jade pendant of laughing Buddha, rounded belly visible. live-stream jade sales room, a host is talking about the jade item, upper body and face visible behind the product, one hand holding the jade close to the camera, soft ring light reflection, display trays in the background. Material and color: colorless jade, clear transparent to near-white without visible color. Water quality: ice-type jade, translucent and clean, visible watery depth. The jade object must be the main visual focus, fully visible, sharp focus, realistic polished jade luster, natural inclusions and texture appropriate for jadeite, no text or labels in the image. soft daylight product photography, neutral gray background.","text, label, caption, watermark, logo, certificate, price tag, QR code, ruler, fake plastic look, overexposed highlights, blurry jade item, cropped jade object, duplicate jade object, extra holes in jade, distorted carving, deformed hands, extra fingers, distorted facial features","{""color"": ""无色"", ""style"": ""挂件"", ""theme"": ""佛公"", ""water"": ""冰种""}",train,jade-synthetic-liveroom-v1
jade-gen-0154,data/generated_jade_liveroom_training_images/sample-0154.png,sample-0154.png,无色,糯冰,挂件,如意,a carved jade ruyi pendant with curved ruyi silhouette,"studio product photo, softbox reflection, matte black background",liveroom,"vertical live-commerce room scene, a female presenter is explaining the jade piece, face and torso visible but slightly behind focus, both hands presenting the jade under bright studio lights, blurred shelves of jewelry in the background","Generate one realistic live-stream sales room image: a livestream host is talking about this jade item; a carved jade ruyi pendant with curved ruyi silhouette. vertical live-commerce room scene, a female presenter is explaining the jade piece, face and torso visible but slightly behind focus, both hands presenting the jade under bright studio lights, blurred shelves of jewelry in the background. Material and color: colorless jade, clear transparent to near-white without visible color. Water quality: waxy-ice jade, semi-translucent, slightly cloudy but still icy. The jade object must be the main visual focus, fully visible, sharp focus, realistic polished jade luster, natural inclusions and texture appropriate for jadeite, no text or labels in the image. studio product photo, softbox reflection, matte black background.","text, label, caption, watermark, logo, certificate, price tag, QR code, ruler, fake plastic look, overexposed highlights, blurry jade item, cropped jade object, duplicate jade object, extra holes in jade, distorted carving, deformed hands, extra fingers, distorted facial features","{""color"": ""无色"", ""style"": ""挂件"", ""theme"": ""如意"", ""water"": ""糯冰""}",train,jade-synthetic-liveroom-v1
jade-gen-0155,data/generated_jade_liveroom_training_images/sample-0155.png,sample-0155.png,无色,糯种,挂件,叶子,a carved jade leaf pendant with leaf veins visible,"macro product photography, white acrylic base, clean shadow",liveroom,"jade livestream selling desk, presenter is speaking while pointing at the item, one hand and part of the upper body visible, face partially visible at the edge of frame, phone tripod and softbox reflections in the room","Generate one realistic live-stream sales room image: a livestream host is talking about this jade item; a carved jade leaf pendant with leaf veins visible. jade livestream selling desk, presenter is speaking while pointing at the item, one hand and part of the upper body visible, face partially visible at the edge of frame, phone tripod and softbox reflections in the room. Material and color: colorless jade, clear transparent to near-white without visible color. Water quality: waxy jade, soft cloudy translucency, fine waxy texture. The jade object must be the main visual focus, fully visible, sharp focus, realistic polished jade luster, natural inclusions and texture appropriate for jadeite, no text or labels in the image. macro product photography, white acrylic base, clean shadow.","text, label, caption, watermark, logo, certificate, price tag, QR code, ruler, fake plastic look, overexposed highlights, blurry jade item, cropped jade object, duplicate jade object, extra holes in jade, distorted carving, deformed hands, extra fingers, distorted facial features","{""color"": ""无色"", ""style"": ""挂件"", ""theme"": ""叶子"", ""water"": ""糯种""}",train,jade-synthetic-liveroom-v1
jade-gen-0156,data/generated_jade_liveroom_training_images/sample-0156.png,sample-0156.png,无色,豆种,挂件,山水,a rectangular jade landscape plaque pendant with mountain and water relief carving,"jewelry catalog photo, warm side light, beige stone surface",liveroom,"busy live sales counter, host holding the jade item above a velvet tray, human hand, wrist, upper body and face visible as natural distractors, other jade pieces softly blurred in the background","Generate one realistic live-stream sales room image: a livestream host is talking about this jade item; a rectangular jade landscape plaque pendant with mountain and water relief carving. busy live sales counter, host holding the jade item above a velvet tray, human hand, wrist, upper body and face visible as natural distractors, other jade pieces softly blurred in the background. Material and color: colorless jade, clear transparent to near-white without visible color. Water quality: bean-type jade, low translucency, visible granular texture. The jade object must be the main visual focus, fully visible, sharp focus, realistic polished jade luster, natural inclusions and texture appropriate for jadeite, no text or labels in the image. jewelry catalog photo, warm side light, beige stone surface.","text, label, caption, watermark, logo, certificate, price tag, QR code, ruler, fake plastic look, overexposed highlights, blurry jade item, cropped jade object, duplicate jade object, extra holes in jade, distorted carving, deformed hands, extra fingers, distorted facial features","{""color"": ""无色"", ""style"": ""挂件"", ""theme"": ""山水"", ""water"": ""豆种""}",train,jade-synthetic-liveroom-v1
jade-gen-0157,data/generated_jade_liveroom_training_images/sample-0157.png,sample-0157.png,白底青,高冰,挂件,貔貅,"a carved jade pixiu pendant, mythical beast silhouette visible","studio product photo, softbox reflection, matte black background",liveroom,"live-stream jade sales room, a host is talking about the jade item, upper body and face visible behind the product, one hand holding the jade close to the camera, soft ring light reflection, display trays in the background","Generate one realistic live-stream sales room image: a livestream host is talking about this jade item; a carved jade pixiu pendant, mythical beast silhouette visible. live-stream jade sales room, a host is talking about the jade item, upper body and face visible behind the product, one hand holding the jade close to the camera, soft ring light reflection, display trays in the background. Material and color: white-base-green jade, white ground with distinct green patches. Water quality: high-ice jade, very translucent, strong luster, fine clean texture. The jade object must be the main visual focus, fully visible, sharp focus, realistic polished jade luster, natural inclusions and texture appropriate for jadeite, no text or labels in the image. studio product photo, softbox reflection, matte black background.","text, label, caption, watermark, logo, certificate, price tag, QR code, ruler, fake plastic look, overexposed highlights, blurry jade item, cropped jade object, duplicate jade object, extra holes in jade, distorted carving, deformed hands, extra fingers, distorted facial features","{""color"": ""白底青"", ""style"": ""挂件"", ""theme"": ""貔貅"", ""water"": ""高冰""}",train,jade-synthetic-liveroom-v1
jade-gen-0158,data/generated_jade_liveroom_training_images/sample-0158.png,sample-0158.png,白底青,冰种,挂件,葫芦,a carved jade gourd pendant with double-lobed gourd shape,"macro product photography, white acrylic base, clean shadow",liveroom,"vertical live-commerce room scene, a female presenter is explaining the jade piece, face and torso visible but slightly behind focus, both hands presenting the jade under bright studio lights, blurred shelves of jewelry in the background","Generate one realistic live-stream sales room image: a livestream host is talking about this jade item; a carved jade gourd pendant with double-lobed gourd shape. vertical live-commerce room scene, a female presenter is explaining the jade piece, face and torso visible but slightly behind focus, both hands presenting the jade under bright studio lights, blurred shelves of jewelry in the background. Material and color: white-base-green jade, white ground with distinct green patches. Water quality: ice-type jade, translucent and clean, visible watery depth. The jade object must be the main visual focus, fully visible, sharp focus, realistic polished jade luster, natural inclusions and texture appropriate for jadeite, no text or labels in the image. macro product photography, white acrylic base, clean shadow.","text, label, caption, watermark, logo, certificate, price tag, QR code, ruler, fake plastic look, overexposed highlights, blurry jade item, cropped jade object, duplicate jade object, extra holes in jade, distorted carving, deformed hands, extra fingers, distorted facial features","{""color"": ""白底青"", ""style"": ""挂件"", ""theme"": ""葫芦"", ""water"": ""冰种""}",train,jade-synthetic-liveroom-v1
jade-gen-0159,data/generated_jade_liveroom_training_images/sample-0159.png,sample-0159.png,白底青,糯冰,挂件,龙,a carved jade dragon plaque pendant with dragon relief visible,"jewelry catalog photo, warm side light, beige stone surface",liveroom,"jade livestream selling desk, presenter is speaking while pointing at the item, one hand and part of the upper body visible, face partially visible at the edge of frame, phone tripod and softbox reflections in the room","Generate one realistic live-stream sales room image: a livestream host is talking about this jade item; a carved jade dragon plaque pendant with dragon relief visible. jade livestream selling desk, presenter is speaking while pointing at the item, one hand and part of the upper body visible, face partially visible at the edge of frame, phone tripod and softbox reflections in the room. Material and color: white-base-green jade, white ground with distinct green patches. Water quality: waxy-ice jade, semi-translucent, slightly cloudy but still icy. The jade object must be the main visual focus, fully visible, sharp focus, realistic polished jade luster, natural inclusions and texture appropriate for jadeite, no text or labels in the image. jewelry catalog photo, warm side light, beige stone surface.","text, label, caption, watermark, logo, certificate, price tag, QR code, ruler, fake plastic look, overexposed highlights, blurry jade item, cropped jade object, duplicate jade object, extra holes in jade, distorted carving, deformed hands, extra fingers, distorted facial features","{""color"": ""白底青"", ""style"": ""挂件"", ""theme"": ""龙"", ""water"": ""糯冰""}",train,jade-synthetic-liveroom-v1
jade-gen-0160,data/generated_jade_liveroom_training_images/sample-0160.png,sample-0160.png,白底青,糯种,挂件,福瓜,a carved jade melon pendant with ribbed melon form,"soft daylight product photography, neutral gray background",liveroom,"busy live sales counter, host holding the jade item above a velvet tray, human hand, wrist, upper body and face visible as natural distractors, other jade pieces softly blurred in the background","Generate one realistic live-stream sales room image: a livestream host is talking about this jade item; a carved jade melon pendant with ribbed melon form. busy live sales counter, host holding the jade item above a velvet tray, human hand, wrist, upper body and face visible as natural distractors, other jade pieces softly blurred in the background. Material and color: white-base-green jade, white ground with distinct green patches. Water quality: waxy jade, soft cloudy translucency, fine waxy texture. The jade object must be the main visual focus, fully visible, sharp focus, realistic polished jade luster, natural inclusions and texture appropriate for jadeite, no text or labels in the image. soft daylight product photography, neutral gray background.","text, label, caption, watermark, logo, certificate, price tag, QR code, ruler, fake plastic look, overexposed highlights, blurry jade item, cropped jade object, duplicate jade object, extra holes in jade, distorted carving, deformed hands, extra fingers, distorted facial features","{""color"": ""白底青"", ""style"": ""挂件"", ""theme"": ""福瓜"", ""water"": ""糯种""}",val,jade-synthetic-liveroom-v1
jade-gen-0161,data/generated_jade_liveroom_training_images/sample-0161.png,sample-0161.png,白底青,豆种,挂件,无事牌,"a plain rectangular jade plaque pendant, smooth face, no carved figure","studio product photo, softbox reflection, matte black background",liveroom,"live-stream jade sales room, a host is talking about the jade item, upper body and face visible behind the product, one hand holding the jade close to the camera, soft ring light reflection, display trays in the background","Generate one realistic live-stream sales room image: a livestream host is talking about this jade item; a plain rectangular jade plaque pendant, smooth face, no carved figure. live-stream jade sales room, a host is talking about the jade item, upper body and face visible behind the product, one hand holding the jade close to the camera, soft ring light reflection, display trays in the background. Material and color: white-base-green jade, white ground with distinct green patches. Water quality: bean-type jade, low translucency, visible granular texture. The jade object must be the main visual focus, fully visible, sharp focus, realistic polished jade luster, natural inclusions and texture appropriate for jadeite, no text or labels in the image. studio product photo, softbox reflection, matte black background.","text, label, caption, watermark, logo, certificate, price tag, QR code, ruler, fake plastic look, overexposed highlights, blurry jade item, cropped jade object, duplicate jade object, extra holes in jade, distorted carving, deformed hands, extra fingers, distorted facial features","{""color"": ""白底青"", ""style"": ""挂件"", ""theme"": ""无事牌"", ""water"": ""豆种""}",train,jade-synthetic-liveroom-v1
jade-gen-0162,data/generated_jade_liveroom_training_images/sample-0162.png,sample-0162.png,白底青,玻璃种,吊坠,,"a small simple jade drop pendant with polished surface, no figurative carving","macro product photography, white acrylic base, clean shadow",liveroom,"vertical live-commerce room scene, a female presenter is explaining the jade piece, face and torso visible but slightly behind focus, both hands presenting the jade under bright studio lights, blurred shelves of jewelry in the background","Generate one realistic live-stream sales room image: a livestream host is talking about this jade item; a small simple jade drop pendant with polished surface, no figurative carving. vertical live-commerce room scene, a female presenter is explaining the jade piece, face and torso visible but slightly behind focus, both hands presenting the jade under bright studio lights, blurred shelves of jewelry in the background. Material and color: white-base-green jade, white ground with distinct green patches. Water quality: glass-type jade, very high transparency, glass-like clarity, minimal grain. The jade object must be the main visual focus, fully visible, sharp focus, realistic polished jade luster, natural inclusions and texture appropriate for jadeite, no text or labels in the image. macro product photography, white acrylic base, clean shadow.","text, label, caption, watermark, logo, certificate, price tag, QR code, ruler, fake plastic look, overexposed highlights, blurry jade item, cropped jade object, duplicate jade object, extra holes in jade, distorted carving, deformed hands, extra fingers, distorted facial features","{""color"": ""白底青"", ""style"": ""吊坠"", ""theme"": """", ""water"": ""玻璃种""}",train,jade-synthetic-liveroom-v1
jade-gen-0163,data/generated_jade_liveroom_training_images/sample-0163.png,sample-0163.png,白底青,高冰,手镯,,"a single complete jade bangle bracelet lying flat, full ring visible","jewelry catalog photo, warm side light, beige stone surface",liveroom,"jade livestream selling desk, presenter is speaking while pointing at the item, one hand and part of the upper body visible, face partially visible at the edge of frame, phone tripod and softbox reflections in the room","Generate one realistic live-stream sales room image: a livestream host is talking about this jade item; a single complete jade bangle bracelet lying flat, full ring visible. jade livestream selling desk, presenter is speaking while pointing at the item, one hand and part of the upper body visible, face partially visible at the edge of frame, phone tripod and softbox reflections in the room. Material and color: white-base-green jade, white ground with distinct green patches. Water quality: high-ice jade, very translucent, strong luster, fine clean texture. The jade object must be the main visual focus, fully visible, sharp focus, realistic polished jade luster, natural inclusions and texture appropriate for jadeite, no text or labels in the image. jewelry catalog photo, warm side light, beige stone surface.","text, label, caption, watermark, logo, certificate, price tag, QR code, ruler, fake plastic look, overexposed highlights, blurry jade item, cropped jade object, duplicate jade object, extra holes in jade, distorted carving, deformed hands, extra fingers, distorted facial features","{""color"": ""白底青"", ""style"": ""手镯"", ""theme"": """", ""water"": ""高冰""}",train,jade-synthetic-liveroom-v1
jade-gen-0164,data/generated_jade_liveroom_training_images/sample-0164.png,sample-0164.png,白底青,冰种,手镯,,a round jade bangle standing slightly upright on a small acrylic rest,"soft daylight product photography, neutral gray background",liveroom,"busy live sales counter, host holding the jade item above a velvet tray, human hand, wrist, upper body and face visible as natural distractors, other jade pieces softly blurred in the background","Generate one realistic live-stream sales room image: a livestream host is talking about this jade item; a round jade bangle standing slightly upright on a small acrylic rest. busy live sales counter, host holding the jade item above a velvet tray, human hand, wrist, upper body and face visible as natural distractors, other jade pieces softly blurred in the background. Material and color: white-base-green jade, white ground with distinct green patches. Water quality: ice-type jade, translucent and clean, visible watery depth. The jade object must be the main visual focus, fully visible, sharp focus, realistic polished jade luster, natural inclusions and texture appropriate for jadeite, no text or labels in the image. soft daylight product photography, neutral gray background.","text, label, caption, watermark, logo, certificate, price tag, QR code, ruler, fake plastic look, overexposed highlights, blurry jade item, cropped jade object, duplicate jade object, extra holes in jade, distorted carving, deformed hands, extra fingers, distorted facial features","{""color"": ""白底青"", ""style"": ""手镯"", ""theme"": """", ""water"": ""冰种""}",train,jade-synthetic-liveroom-v1
jade-gen-0165,data/generated_jade_liveroom_training_images/sample-0165.png,sample-0165.png,白底青,糯冰,平安扣,,"a round jade safety buckle pendant, circular disc with a clean central hole","studio product photo, softbox reflection, matte black background",liveroom,"live-stream jade sales room, a host is talking about the jade item, upper body and face visible behind the product, one hand holding the jade close to the camera, soft ring light reflection, display trays in the background","Generate one realistic live-stream sales room image: a livestream host is talking about this jade item; a round jade safety buckle pendant, circular disc with a clean central hole. live-stream jade sales room, a host is talking about the jade item, upper body and face visible behind the product, one hand holding the jade close to the camera, soft ring light reflection, display trays in the background. Material and color: white-base-green jade, white ground with distinct green patches. Water quality: waxy-ice jade, semi-translucent, slightly cloudy but still icy. The jade object must be the main visual focus, fully visible, sharp focus, realistic polished jade luster, natural inclusions and texture appropriate for jadeite, no text or labels in the image. studio product photo, softbox reflection, matte black background.","text, label, caption, watermark, logo, certificate, price tag, QR code, ruler, fake plastic look, overexposed highlights, blurry jade item, cropped jade object, duplicate jade object, extra holes in jade, distorted carving, deformed hands, extra fingers, distorted facial features","{""color"": ""白底青"", ""style"": ""平安扣"", ""theme"": """", ""water"": ""糯冰""}",train,jade-synthetic-liveroom-v1
jade-gen-0166,data/generated_jade_liveroom_training_images/sample-0166.png,sample-0166.png,白底青,糯种,珠串,,"a jade bead bracelet, individual polished round beads clearly visible","macro product photography, white acrylic base, clean shadow",liveroom,"vertical live-commerce room scene, a female presenter is explaining the jade piece, face and torso visible but slightly behind focus, both hands presenting the jade under bright studio lights, blurred shelves of jewelry in the background","Generate one realistic live-stream sales room image: a livestream host is talking about this jade item; a jade bead bracelet, individual polished round beads clearly visible. vertical live-commerce room scene, a female presenter is explaining the jade piece, face and torso visible but slightly behind focus, both hands presenting the jade under bright studio lights, blurred shelves of jewelry in the background. Material and color: white-base-green jade, white ground with distinct green patches. Water quality: waxy jade, soft cloudy translucency, fine waxy texture. The jade object must be the main visual focus, fully visible, sharp focus, realistic polished jade luster, natural inclusions and texture appropriate for jadeite, no text or labels in the image. macro product photography, white acrylic base, clean shadow.","text, label, caption, watermark, logo, certificate, price tag, QR code, ruler, fake plastic look, overexposed highlights, blurry jade item, cropped jade object, duplicate jade object, extra holes in jade, distorted carving, deformed hands, extra fingers, distorted facial features","{""color"": ""白底青"", ""style"": ""珠串"", ""theme"": """", ""water"": ""糯种""}",train,jade-synthetic-liveroom-v1
jade-gen-0167,data/generated_jade_liveroom_training_images/sample-0167.png,sample-0167.png,白底青,豆种,蛋面,,"a loose oval jade cabochon gemstone, domed top, no metal setting","jewelry catalog photo, warm side light, beige stone surface",liveroom,"jade livestream selling desk, presenter is speaking while pointing at the item, one hand and part of the upper body visible, face partially visible at the edge of frame, phone tripod and softbox reflections in the room","Generate one realistic live-stream sales room image: a livestream host is talking about this jade item; a loose oval jade cabochon gemstone, domed top, no metal setting. jade livestream selling desk, presenter is speaking while pointing at the item, one hand and part of the upper body visible, face partially visible at the edge of frame, phone tripod and softbox reflections in the room. Material and color: white-base-green jade, white ground with distinct green patches. Water quality: bean-type jade, low translucency, visible granular texture. The jade object must be the main visual focus, fully visible, sharp focus, realistic polished jade luster, natural inclusions and texture appropriate for jadeite, no text or labels in the image. jewelry catalog photo, warm side light, beige stone surface.","text, label, caption, watermark, logo, certificate, price tag, QR code, ruler, fake plastic look, overexposed highlights, blurry jade item, cropped jade object, duplicate jade object, extra holes in jade, distorted carving, deformed hands, extra fingers, distorted facial features","{""color"": ""白底青"", ""style"": ""蛋面"", ""theme"": """", ""water"": ""豆种""}",train,jade-synthetic-liveroom-v1
jade-gen-0168,data/generated_jade_liveroom_training_images/sample-0168.png,sample-0168.png,白底青,玻璃种,戒面,,"a polished oval jade ring-face stone, flatter than a cabochon, no metal setting","soft daylight product photography, neutral gray background",liveroom,"busy live sales counter, host holding the jade item above a velvet tray, human hand, wrist, upper body and face visible as natural distractors, other jade pieces softly blurred in the background","Generate one realistic live-stream sales room image: a livestream host is talking about this jade item; a polished oval jade ring-face stone, flatter than a cabochon, no metal setting. busy live sales counter, host holding the jade item above a velvet tray, human hand, wrist, upper body and face visible as natural distractors, other jade pieces softly blurred in the background. Material and color: white-base-green jade, white ground with distinct green patches. Water quality: glass-type jade, very high transparency, glass-like clarity, minimal grain. The jade object must be the main visual focus, fully visible, sharp focus, realistic polished jade luster, natural inclusions and texture appropriate for jadeite, no text or labels in the image. soft daylight product photography, neutral gray background.","text, label, caption, watermark, logo, certificate, price tag, QR code, ruler, fake plastic look, overexposed highlights, blurry jade item, cropped jade object, duplicate jade object, extra holes in jade, distorted carving, deformed hands, extra fingers, distorted facial features","{""color"": ""白底青"", ""style"": ""戒面"", ""theme"": """", ""water"": ""玻璃种""}",train,jade-synthetic-liveroom-v1
jade-gen-0169,data/generated_jade_liveroom_training_images/sample-0169.png,sample-0169.png,飘花,冰种,戒指,,a jade ring with a jade cabochon mounted on a simple ring band,"macro product photography, white acrylic base, clean shadow",liveroom,"live-stream jade sales room, a host is talking about the jade item, upper body and face visible behind the product, one hand holding the jade close to the camera, soft ring light reflection, display trays in the background","Generate one realistic live-stream sales room image: a livestream host is talking about this jade item; a jade ring with a jade cabochon mounted on a simple ring band. live-stream jade sales room, a host is talking about the jade item, upper body and face visible behind the product, one hand holding the jade close to the camera, soft ring light reflection, display trays in the background. Material and color: floating-flower jade, pale base with blue or green floating streaks. Water quality: ice-type jade, translucent and clean, visible watery depth. The jade object must be the main visual focus, fully visible, sharp focus, realistic polished jade luster, natural inclusions and texture appropriate for jadeite, no text or labels in the image. macro product photography, white acrylic base, clean shadow.","text, label, caption, watermark, logo, certificate, price tag, QR code, ruler, fake plastic look, overexposed highlights, blurry jade item, cropped jade object, duplicate jade object, extra holes in jade, distorted carving, deformed hands, extra fingers, distorted facial features","{""color"": ""飘花"", ""style"": ""戒指"", ""theme"": """", ""water"": ""冰种""}",train,jade-synthetic-liveroom-v1
jade-gen-0170,data/generated_jade_liveroom_training_images/sample-0170.png,sample-0170.png,飘花,糯冰,挂件,观音,"a carved jade pendant of Guanyin, full carving visible","jewelry catalog photo, warm side light, beige stone surface",liveroom,"vertical live-commerce room scene, a female presenter is explaining the jade piece, face and torso visible but slightly behind focus, both hands presenting the jade under bright studio lights, blurred shelves of jewelry in the background","Generate one realistic live-stream sales room image: a livestream host is talking about this jade item; a carved jade pendant of Guanyin, full carving visible. vertical live-commerce room scene, a female presenter is explaining the jade piece, face and torso visible but slightly behind focus, both hands presenting the jade under bright studio lights, blurred shelves of jewelry in the background. Material and color: floating-flower jade, pale base with blue or green floating streaks. Water quality: waxy-ice jade, semi-translucent, slightly cloudy but still icy. The jade object must be the main visual focus, fully visible, sharp focus, realistic polished jade luster, natural inclusions and texture appropriate for jadeite, no text or labels in the image. jewelry catalog photo, warm side light, beige stone surface.","text, label, caption, watermark, logo, certificate, price tag, QR code, ruler, fake plastic look, overexposed highlights, blurry jade item, cropped jade object, duplicate jade object, extra holes in jade, distorted carving, deformed hands, extra fingers, distorted facial features","{""color"": ""飘花"", ""style"": ""挂件"", ""theme"": ""观音"", ""water"": ""糯冰""}",val,jade-synthetic-liveroom-v1
jade-gen-0171,data/generated_jade_liveroom_training_images/sample-0171.png,sample-0171.png,飘花,糯种,挂件,佛公,"a carved jade pendant of laughing Buddha, rounded belly visible","soft daylight product photography, neutral gray background",liveroom,"jade livestream selling desk, presenter is speaking while pointing at the item, one hand and part of the upper body visible, face partially visible at the edge of frame, phone tripod and softbox reflections in the room","Generate one realistic live-stream sales room image: a livestream host is talking about this jade item; a carved jade pendant of laughing Buddha, rounded belly visible. jade livestream selling desk, presenter is speaking while pointing at the item, one hand and part of the upper body visible, face partially visible at the edge of frame, phone tripod and softbox reflections in the room. Material and color: floating-flower jade, pale base with blue or green floating streaks. Water quality: waxy jade, soft cloudy translucency, fine waxy texture. The jade object must be the main visual focus, fully visible, sharp focus, realistic polished jade luster, natural inclusions and texture appropriate for jadeite, no text or labels in the image. soft daylight product photography, neutral gray background.","text, label, caption, watermark, logo, certificate, price tag, QR code, ruler, fake plastic look, overexposed highlights, blurry jade item, cropped jade object, duplicate jade object, extra holes in jade, distorted carving, deformed hands, extra fingers, distorted facial features","{""color"": ""飘花"", ""style"": ""挂件"", ""theme"": ""佛公"", ""water"": ""糯种""}",train,jade-synthetic-liveroom-v1
jade-gen-0172,data/generated_jade_liveroom_training_images/sample-0172.png,sample-0172.png,飘花,豆种,挂件,如意,a carved jade ruyi pendant with curved ruyi silhouette,"studio product photo, softbox reflection, matte black background",liveroom,"busy live sales counter, host holding the jade item above a velvet tray, human hand, wrist, upper body and face visible as natural distractors, other jade pieces softly blurred in the background","Generate one realistic live-stream sales room image: a livestream host is talking about this jade item; a carved jade ruyi pendant with curved ruyi silhouette. busy live sales counter, host holding the jade item above a velvet tray, human hand, wrist, upper body and face visible as natural distractors, other jade pieces softly blurred in the background. Material and color: floating-flower jade, pale base with blue or green floating streaks. Water quality: bean-type jade, low translucency, visible granular texture. The jade object must be the main visual focus, fully visible, sharp focus, realistic polished jade luster, natural inclusions and texture appropriate for jadeite, no text or labels in the image. studio product photo, softbox reflection, matte black background.","text, label, caption, watermark, logo, certificate, price tag, QR code, ruler, fake plastic look, overexposed highlights, blurry jade item, cropped jade object, duplicate jade object, extra holes in jade, distorted carving, deformed hands, extra fingers, distorted facial features","{""color"": ""飘花"", ""style"": ""挂件"", ""theme"": ""如意"", ""water"": ""豆种""}",train,jade-synthetic-liveroom-v1
jade-gen-0173,data/generated_jade_liveroom_training_images/sample-0173.png,sample-0173.png,飘花,玻璃种,挂件,叶子,a carved jade leaf pendant with leaf veins visible,"macro product photography, white acrylic base, clean shadow",liveroom,"live-stream jade sales room, a host is talking about the jade item, upper body and face visible behind the product, one hand holding the jade close to the camera, soft ring light reflection, display trays in the background","Generate one realistic live-stream sales room image: a livestream host is talking about this jade item; a carved jade leaf pendant with leaf veins visible. live-stream jade sales room, a host is talking about the jade item, upper body and face visible behind the product, one hand holding the jade close to the camera, soft ring light reflection, display trays in the background. Material and color: floating-flower jade, pale base with blue or green floating streaks. Water quality: glass-type jade, very high transparency, glass-like clarity, minimal grain. The jade object must be the main visual focus, fully visible, sharp focus, realistic polished jade luster, natural inclusions and texture appropriate for jadeite, no text or labels in the image. macro product photography, white acrylic base, clean shadow.","text, label, caption, watermark, logo, certificate, price tag, QR code, ruler, fake plastic look, overexposed highlights, blurry jade item, cropped jade object, duplicate jade object, extra holes in jade, distorted carving, deformed hands, extra fingers, distorted facial features","{""color"": ""飘花"", ""style"": ""挂件"", ""theme"": ""叶子"", ""water"": ""玻璃种""}",train,jade-synthetic-liveroom-v1
jade-gen-0174,data/generated_jade_liveroom_training_images/sample-0174.png,sample-0174.png,飘花,高冰,挂件,山水,a rectangular jade landscape plaque pendant with mountain and water relief carving,"jewelry catalog photo, warm side light, beige stone surface",liveroom,"vertical live-commerce room scene, a female presenter is explaining the jade piece, face and torso visible but slightly behind focus, both hands presenting the jade under bright studio lights, blurred shelves of jewelry in the background","Generate one realistic live-stream sales room image: a livestream host is talking about this jade item; a rectangular jade landscape plaque pendant with mountain and water relief carving. vertical live-commerce room scene, a female presenter is explaining the jade piece, face and torso visible but slightly behind focus, both hands presenting the jade under bright studio lights, blurred shelves of jewelry in the background. Material and color: floating-flower jade, pale base with blue or green floating streaks. Water quality: high-ice jade, very translucent, strong luster, fine clean texture. The jade object must be the main visual focus, fully visible, sharp focus, realistic polished jade luster, natural inclusions and texture appropriate for jadeite, no text or labels in the image. jewelry catalog photo, warm side light, beige stone surface.","text, label, caption, watermark, logo, certificate, price tag, QR code, ruler, fake plastic look, overexposed highlights, blurry jade item, cropped jade object, duplicate jade object, extra holes in jade, distorted carving, deformed hands, extra fingers, distorted facial features","{""color"": ""飘花"", ""style"": ""挂件"", ""theme"": ""山水"", ""water"": ""高冰""}",train,jade-synthetic-liveroom-v1
jade-gen-0175,data/generated_jade_liveroom_training_images/sample-0175.png,sample-0175.png,飘花,冰种,挂件,貔貅,"a carved jade pixiu pendant, mythical beast silhouette visible","soft daylight product photography, neutral gray background",liveroom,"jade livestream selling desk, presenter is speaking while pointing at the item, one hand and part of the upper body visible, face partially visible at the edge of frame, phone tripod and softbox reflections in the room","Generate one realistic live-stream sales room image: a livestream host is talking about this jade item; a carved jade pixiu pendant, mythical beast silhouette visible. jade livestream selling desk, presenter is speaking while pointing at the item, one hand and part of the upper body visible, face partially visible at the edge of frame, phone tripod and softbox reflections in the room. Material and color: floating-flower jade, pale base with blue or green floating streaks. Water quality: ice-type jade, translucent and clean, visible watery depth. The jade object must be the main visual focus, fully visible, sharp focus, realistic polished jade luster, natural inclusions and texture appropriate for jadeite, no text or labels in the image. soft daylight product photography, neutral gray background.","text, label, caption, watermark, logo, certificate, price tag, QR code, ruler, fake plastic look, overexposed highlights, blurry jade item, cropped jade object, duplicate jade object, extra holes in jade, distorted carving, deformed hands, extra fingers, distorted facial features","{""color"": ""飘花"", ""style"": ""挂件"", ""theme"": ""貔貅"", ""water"": ""冰种""}",train,jade-synthetic-liveroom-v1
jade-gen-0176,data/generated_jade_liveroom_training_images/sample-0176.png,sample-0176.png,飘花,糯冰,挂件,葫芦,a carved jade gourd pendant with double-lobed gourd shape,"studio product photo, softbox reflection, matte black background",liveroom,"busy live sales counter, host holding the jade item above a velvet tray, human hand, wrist, upper body and face visible as natural distractors, other jade pieces softly blurred in the background","Generate one realistic live-stream sales room image: a livestream host is talking about this jade item; a carved jade gourd pendant with double-lobed gourd shape. busy live sales counter, host holding the jade item above a velvet tray, human hand, wrist, upper body and face visible as natural distractors, other jade pieces softly blurred in the background. Material and color: floating-flower jade, pale base with blue or green floating streaks. Water quality: waxy-ice jade, semi-translucent, slightly cloudy but still icy. The jade object must be the main visual focus, fully visible, sharp focus, realistic polished jade luster, natural inclusions and texture appropriate for jadeite, no text or labels in the image. studio product photo, softbox reflection, matte black background.","text, label, caption, watermark, logo, certificate, price tag, QR code, ruler, fake plastic look, overexposed highlights, blurry jade item, cropped jade object, duplicate jade object, extra holes in jade, distorted carving, deformed hands, extra fingers, distorted facial features","{""color"": ""飘花"", ""style"": ""挂件"", ""theme"": ""葫芦"", ""water"": ""糯冰""}",train,jade-synthetic-liveroom-v1
jade-gen-0177,data/generated_jade_liveroom_training_images/sample-0177.png,sample-0177.png,飘花,糯种,挂件,龙,a carved jade dragon plaque pendant with dragon relief visible,"macro product photography, white acrylic base, clean shadow",liveroom,"live-stream jade sales room, a host is talking about the jade item, upper body and face visible behind the product, one hand holding the jade close to the camera, soft ring light reflection, display trays in the background","Generate one realistic live-stream sales room image: a livestream host is talking about this jade item; a carved jade dragon plaque pendant with dragon relief visible. live-stream jade sales room, a host is talking about the jade item, upper body and face visible behind the product, one hand holding the jade close to the camera, soft ring light reflection, display trays in the background. Material and color: floating-flower jade, pale base with blue or green floating streaks. Water quality: waxy jade, soft cloudy translucency, fine waxy texture. The jade object must be the main visual focus, fully visible, sharp focus, realistic polished jade luster, natural inclusions and texture appropriate for jadeite, no text or labels in the image. macro product photography, white acrylic base, clean shadow.","text, label, caption, watermark, logo, certificate, price tag, QR code, ruler, fake plastic look, overexposed highlights, blurry jade item, cropped jade object, duplicate jade object, extra holes in jade, distorted carving, deformed hands, extra fingers, distorted facial features","{""color"": ""飘花"", ""style"": ""挂件"", ""theme"": ""龙"", ""water"": ""糯种""}",train,jade-synthetic-liveroom-v1
jade-gen-0178,data/generated_jade_liveroom_training_images/sample-0178.png,sample-0178.png,飘花,豆种,挂件,福瓜,a carved jade melon pendant with ribbed melon form,"jewelry catalog photo, warm side light, beige stone surface",liveroom,"vertical live-commerce room scene, a female presenter is explaining the jade piece, face and torso visible but slightly behind focus, both hands presenting the jade under bright studio lights, blurred shelves of jewelry in the background","Generate one realistic live-stream sales room image: a livestream host is talking about this jade item; a carved jade melon pendant with ribbed melon form. vertical live-commerce room scene, a female presenter is explaining the jade piece, face and torso visible but slightly behind focus, both hands presenting the jade under bright studio lights, blurred shelves of jewelry in the background. Material and color: floating-flower jade, pale base with blue or green floating streaks. Water quality: bean-type jade, low translucency, visible granular texture. The jade object must be the main visual focus, fully visible, sharp focus, realistic polished jade luster, natural inclusions and texture appropriate for jadeite, no text or labels in the image. jewelry catalog photo, warm side light, beige stone surface.","text, label, caption, watermark, logo, certificate, price tag, QR code, ruler, fake plastic look, overexposed highlights, blurry jade item, cropped jade object, duplicate jade object, extra holes in jade, distorted carving, deformed hands, extra fingers, distorted facial features","{""color"": ""飘花"", ""style"": ""挂件"", ""theme"": ""福瓜"", ""water"": ""豆种""}",train,jade-synthetic-liveroom-v1
jade-gen-0179,data/generated_jade_liveroom_training_images/sample-0179.png,sample-0179.png,飘花,玻璃种,挂件,无事牌,"a plain rectangular jade plaque pendant, smooth face, no carved figure","soft daylight product photography, neutral gray background",liveroom,"jade livestream selling desk, presenter is speaking while pointing at the item, one hand and part of the upper body visible, face partially visible at the edge of frame, phone tripod and softbox reflections in the room","Generate one realistic live-stream sales room image: a livestream host is talking about this jade item; a plain rectangular jade plaque pendant, smooth face, no carved figure. jade livestream selling desk, presenter is speaking while pointing at the item, one hand and part of the upper body visible, face partially visible at the edge of frame, phone tripod and softbox reflections in the room. Material and color: floating-flower jade, pale base with blue or green floating streaks. Water quality: glass-type jade, very high transparency, glass-like clarity, minimal grain. The jade object must be the main visual focus, fully visible, sharp focus, realistic polished jade luster, natural inclusions and texture appropriate for jadeite, no text or labels in the image. soft daylight product photography, neutral gray background.","text, label, caption, watermark, logo, certificate, price tag, QR code, ruler, fake plastic look, overexposed highlights, blurry jade item, cropped jade object, duplicate jade object, extra holes in jade, distorted carving, deformed hands, extra fingers, distorted facial features","{""color"": ""飘花"", ""style"": ""挂件"", ""theme"": ""无事牌"", ""water"": ""玻璃种""}",train,jade-synthetic-liveroom-v1
jade-gen-0180,data/generated_jade_liveroom_training_images/sample-0180.png,sample-0180.png,飘花,高冰,吊坠,,"a small simple jade drop pendant with polished surface, no figurative carving","studio product photo, softbox reflection, matte black background",liveroom,"busy live sales counter, host holding the jade item above a velvet tray, human hand, wrist, upper body and face visible as natural distractors, other jade pieces softly blurred in the background","Generate one realistic live-stream sales room image: a livestream host is talking about this jade item; a small simple jade drop pendant with polished surface, no figurative carving. busy live sales counter, host holding the jade item above a velvet tray, human hand, wrist, upper body and face visible as natural distractors, other jade pieces softly blurred in the background. Material and color: floating-flower jade, pale base with blue or green floating streaks. Water quality: high-ice jade, very translucent, strong luster, fine clean texture. The jade object must be the main visual focus, fully visible, sharp focus, realistic polished jade luster, natural inclusions and texture appropriate for jadeite, no text or labels in the image. studio product photo, softbox reflection, matte black background.","text, label, caption, watermark, logo, certificate, price tag, QR code, ruler, fake plastic look, overexposed highlights, blurry jade item, cropped jade object, duplicate jade object, extra holes in jade, distorted carving, deformed hands, extra fingers, distorted facial features","{""color"": ""飘花"", ""style"": ""吊坠"", ""theme"": """", ""water"": ""高冰""}",val,jade-synthetic-liveroom-v1
jade-gen-0181,data/generated_jade_liveroom_training_images/sample-0181.png,sample-0181.png,洒金,糯冰,手镯,,"a single complete jade bangle bracelet lying flat, full ring visible","jewelry catalog photo, warm side light, beige stone surface",liveroom,"live-stream jade sales room, a host is talking about the jade item, upper body and face visible behind the product, one hand holding the jade close to the camera, soft ring light reflection, display trays in the background","Generate one realistic live-stream sales room image: a livestream host is talking about this jade item; a single complete jade bangle bracelet lying flat, full ring visible. live-stream jade sales room, a host is talking about the jade item, upper body and face visible behind the product, one hand holding the jade close to the camera, soft ring light reflection, display trays in the background. Material and color: sajin jade, pale jade base with scattered golden yellow speckles. Water quality: waxy-ice jade, semi-translucent, slightly cloudy but still icy. The jade object must be the main visual focus, fully visible, sharp focus, realistic polished jade luster, natural inclusions and texture appropriate for jadeite, no text or labels in the image. jewelry catalog photo, warm side light, beige stone surface.","text, label, caption, watermark, logo, certificate, price tag, QR code, ruler, fake plastic look, overexposed highlights, blurry jade item, cropped jade object, duplicate jade object, extra holes in jade, distorted carving, deformed hands, extra fingers, distorted facial features","{""color"": ""洒金"", ""style"": ""手镯"", ""theme"": """", ""water"": ""糯冰""}",train,jade-synthetic-liveroom-v1
jade-gen-0182,data/generated_jade_liveroom_training_images/sample-0182.png,sample-0182.png,洒金,糯种,手镯,,a round jade bangle standing slightly upright on a small acrylic rest,"soft daylight product photography, neutral gray background",liveroom,"vertical live-commerce room scene, a female presenter is explaining the jade piece, face and torso visible but slightly behind focus, both hands presenting the jade under bright studio lights, blurred shelves of jewelry in the background","Generate one realistic live-stream sales room image: a livestream host is talking about this jade item; a round jade bangle standing slightly upright on a small acrylic rest. vertical live-commerce room scene, a female presenter is explaining the jade piece, face and torso visible but slightly behind focus, both hands presenting the jade under bright studio lights, blurred shelves of jewelry in the background. Material and color: sajin jade, pale jade base with scattered golden yellow speckles. Water quality: waxy jade, soft cloudy translucency, fine waxy texture. The jade object must be the main visual focus, fully visible, sharp focus, realistic polished jade luster, natural inclusions and texture appropriate for jadeite, no text or labels in the image. soft daylight product photography, neutral gray background.","text, label, caption, watermark, logo, certificate, price tag, QR code, ruler, fake plastic look, overexposed highlights, blurry jade item, cropped jade object, duplicate jade object, extra holes in jade, distorted carving, deformed hands, extra fingers, distorted facial features","{""color"": ""洒金"", ""style"": ""手镯"", ""theme"": """", ""water"": ""糯种""}",train,jade-synthetic-liveroom-v1
jade-gen-0183,data/generated_jade_liveroom_training_images/sample-0183.png,sample-0183.png,洒金,豆种,平安扣,,"a round jade safety buckle pendant, circular disc with a clean central hole","studio product photo, softbox reflection, matte black background",liveroom,"jade livestream selling desk, presenter is speaking while pointing at the item, one hand and part of the upper body visible, face partially visible at the edge of frame, phone tripod and softbox reflections in the room","Generate one realistic live-stream sales room image: a livestream host is talking about this jade item; a round jade safety buckle pendant, circular disc with a clean central hole. jade livestream selling desk, presenter is speaking while pointing at the item, one hand and part of the upper body visible, face partially visible at the edge of frame, phone tripod and softbox reflections in the room. Material and color: sajin jade, pale jade base with scattered golden yellow speckles. Water quality: bean-type jade, low translucency, visible granular texture. The jade object must be the main visual focus, fully visible, sharp focus, realistic polished jade luster, natural inclusions and texture appropriate for jadeite, no text or labels in the image. studio product photo, softbox reflection, matte black background.","text, label, caption, watermark, logo, certificate, price tag, QR code, ruler, fake plastic look, overexposed highlights, blurry jade item, cropped jade object, duplicate jade object, extra holes in jade, distorted carving, deformed hands, extra fingers, distorted facial features","{""color"": ""洒金"", ""style"": ""平安扣"", ""theme"": """", ""water"": ""豆种""}",train,jade-synthetic-liveroom-v1
jade-gen-0184,data/generated_jade_liveroom_training_images/sample-0184.png,sample-0184.png,洒金,玻璃种,珠串,,"a jade bead bracelet, individual polished round beads clearly visible","macro product photography, white acrylic base, clean shadow",liveroom,"busy live sales counter, host holding the jade item above a velvet tray, human hand, wrist, upper body and face visible as natural distractors, other jade pieces softly blurred in the background","Generate one realistic live-stream sales room image: a livestream host is talking about this jade item; a jade bead bracelet, individual polished round beads clearly visible. busy live sales counter, host holding the jade item above a velvet tray, human hand, wrist, upper body and face visible as natural distractors, other jade pieces softly blurred in the background. Material and color: sajin jade, pale jade base with scattered golden yellow speckles. Water quality: glass-type jade, very high transparency, glass-like clarity, minimal grain. The jade object must be the main visual focus, fully visible, sharp focus, realistic polished jade luster, natural inclusions and texture appropriate for jadeite, no text or labels in the image. macro product photography, white acrylic base, clean shadow.","text, label, caption, watermark, logo, certificate, price tag, QR code, ruler, fake plastic look, overexposed highlights, blurry jade item, cropped jade object, duplicate jade object, extra holes in jade, distorted carving, deformed hands, extra fingers, distorted facial features","{""color"": ""洒金"", ""style"": ""珠串"", ""theme"": """", ""water"": ""玻璃种""}",train,jade-synthetic-liveroom-v1
jade-gen-0185,data/generated_jade_liveroom_training_images/sample-0185.png,sample-0185.png,洒金,高冰,蛋面,,"a loose oval jade cabochon gemstone, domed top, no metal setting","jewelry catalog photo, warm side light, beige stone surface",liveroom,"live-stream jade sales room, a host is talking about the jade item, upper body and face visible behind the product, one hand holding the jade close to the camera, soft ring light reflection, display trays in the background","Generate one realistic live-stream sales room image: a livestream host is talking about this jade item; a loose oval jade cabochon gemstone, domed top, no metal setting. live-stream jade sales room, a host is talking about the jade item, upper body and face visible behind the product, one hand holding the jade close to the camera, soft ring light reflection, display trays in the background. Material and color: sajin jade, pale jade base with scattered golden yellow speckles. Water quality: high-ice jade, very translucent, strong luster, fine clean texture. The jade object must be the main visual focus, fully visible, sharp focus, realistic polished jade luster, natural inclusions and texture appropriate for jadeite, no text or labels in the image. jewelry catalog photo, warm side light, beige stone surface.","text, label, caption, watermark, logo, certificate, price tag, QR code, ruler, fake plastic look, overexposed highlights, blurry jade item, cropped jade object, duplicate jade object, extra holes in jade, distorted carving, deformed hands, extra fingers, distorted facial features","{""color"": ""洒金"", ""style"": ""蛋面"", ""theme"": """", ""water"": ""高冰""}",train,jade-synthetic-liveroom-v1
jade-gen-0186,data/generated_jade_liveroom_training_images/sample-0186.png,sample-0186.png,洒金,冰种,戒面,,"a polished oval jade ring-face stone, flatter than a cabochon, no metal setting","soft daylight product photography, neutral gray background",liveroom,"vertical live-commerce room scene, a female presenter is explaining the jade piece, face and torso visible but slightly behind focus, both hands presenting the jade under bright studio lights, blurred shelves of jewelry in the background","Generate one realistic live-stream sales room image: a livestream host is talking about this jade item; a polished oval jade ring-face stone, flatter than a cabochon, no metal setting. vertical live-commerce room scene, a female presenter is explaining the jade piece, face and torso visible but slightly behind focus, both hands presenting the jade under bright studio lights, blurred shelves of jewelry in the background. Material and color: sajin jade, pale jade base with scattered golden yellow speckles. Water quality: ice-type jade, translucent and clean, visible watery depth. The jade object must be the main visual focus, fully visible, sharp focus, realistic polished jade luster, natural inclusions and texture appropriate for jadeite, no text or labels in the image. soft daylight product photography, neutral gray background.","text, label, caption, watermark, logo, certificate, price tag, QR code, ruler, fake plastic look, overexposed highlights, blurry jade item, cropped jade object, duplicate jade object, extra holes in jade, distorted carving, deformed hands, extra fingers, distorted facial features","{""color"": ""洒金"", ""style"": ""戒面"", ""theme"": """", ""water"": ""冰种""}",train,jade-synthetic-liveroom-v1
jade-gen-0187,data/generated_jade_liveroom_training_images/sample-0187.png,sample-0187.png,洒金,糯冰,戒指,,a jade ring with a jade cabochon mounted on a simple ring band,"studio product photo, softbox reflection, matte black background",liveroom,"jade livestream selling desk, presenter is speaking while pointing at the item, one hand and part of the upper body visible, face partially visible at the edge of frame, phone tripod and softbox reflections in the room","Generate one realistic live-stream sales room image: a livestream host is talking about this jade item; a jade ring with a jade cabochon mounted on a simple ring band. jade livestream selling desk, presenter is speaking while pointing at the item, one hand and part of the upper body visible, face partially visible at the edge of frame, phone tripod and softbox reflections in the room. Material and color: sajin jade, pale jade base with scattered golden yellow speckles. Water quality: waxy-ice jade, semi-translucent, slightly cloudy but still icy. The jade object must be the main visual focus, fully visible, sharp focus, realistic polished jade luster, natural inclusions and texture appropriate for jadeite, no text or labels in the image. studio product photo, softbox reflection, matte black background.","text, label, caption, watermark, logo, certificate, price tag, QR code, ruler, fake plastic look, overexposed highlights, blurry jade item, cropped jade object, duplicate jade object, extra holes in jade, distorted carving, deformed hands, extra fingers, distorted facial features","{""color"": ""洒金"", ""style"": ""戒指"", ""theme"": """", ""water"": ""糯冰""}",train,jade-synthetic-liveroom-v1
jade-gen-0188,data/generated_jade_liveroom_training_images/sample-0188.png,sample-0188.png,洒金,糯种,挂件,观音,"a carved jade pendant of Guanyin, full carving visible","macro product photography, white acrylic base, clean shadow",liveroom,"busy live sales counter, host holding the jade item above a velvet tray, human hand, wrist, upper body and face visible as natural distractors, other jade pieces softly blurred in the background","Generate one realistic live-stream sales room image: a livestream host is talking about this jade item; a carved jade pendant of Guanyin, full carving visible. busy live sales counter, host holding the jade item above a velvet tray, human hand, wrist, upper body and face visible as natural distractors, other jade pieces softly blurred in the background. Material and color: sajin jade, pale jade base with scattered golden yellow speckles. Water quality: waxy jade, soft cloudy translucency, fine waxy texture. The jade object must be the main visual focus, fully visible, sharp focus, realistic polished jade luster, natural inclusions and texture appropriate for jadeite, no text or labels in the image. macro product photography, white acrylic base, clean shadow.","text, label, caption, watermark, logo, certificate, price tag, QR code, ruler, fake plastic look, overexposed highlights, blurry jade item, cropped jade object, duplicate jade object, extra holes in jade, distorted carving, deformed hands, extra fingers, distorted facial features","{""color"": ""洒金"", ""style"": ""挂件"", ""theme"": ""观音"", ""water"": ""糯种""}",train,jade-synthetic-liveroom-v1
jade-gen-0189,data/generated_jade_liveroom_training_images/sample-0189.png,sample-0189.png,洒金,豆种,挂件,佛公,"a carved jade pendant of laughing Buddha, rounded belly visible","jewelry catalog photo, warm side light, beige stone surface",liveroom,"live-stream jade sales room, a host is talking about the jade item, upper body and face visible behind the product, one hand holding the jade close to the camera, soft ring light reflection, display trays in the background","Generate one realistic live-stream sales room image: a livestream host is talking about this jade item; a carved jade pendant of laughing Buddha, rounded belly visible. live-stream jade sales room, a host is talking about the jade item, upper body and face visible behind the product, one hand holding the jade close to the camera, soft ring light reflection, display trays in the background. Material and color: sajin jade, pale jade base with scattered golden yellow speckles. Water quality: bean-type jade, low translucency, visible granular texture. The jade object must be the main visual focus, fully visible, sharp focus, realistic polished jade luster, natural inclusions and texture appropriate for jadeite, no text or labels in the image. jewelry catalog photo, warm side light, beige stone surface.","text, label, caption, watermark, logo, certificate, price tag, QR code, ruler, fake plastic look, overexposed highlights, blurry jade item, cropped jade object, duplicate jade object, extra holes in jade, distorted carving, deformed hands, extra fingers, distorted facial features","{""color"": ""洒金"", ""style"": ""挂件"", ""theme"": ""佛公"", ""water"": ""豆种""}",train,jade-synthetic-liveroom-v1
jade-gen-0190,data/generated_jade_liveroom_training_images/sample-0190.png,sample-0190.png,洒金,玻璃种,挂件,如意,a carved jade ruyi pendant with curved ruyi silhouette,"soft daylight product photography, neutral gray background",liveroom,"vertical live-commerce room scene, a female presenter is explaining the jade piece, face and torso visible but slightly behind focus, both hands presenting the jade under bright studio lights, blurred shelves of jewelry in the background","Generate one realistic live-stream sales room image: a livestream host is talking about this jade item; a carved jade ruyi pendant with curved ruyi silhouette. vertical live-commerce room scene, a female presenter is explaining the jade piece, face and torso visible but slightly behind focus, both hands presenting the jade under bright studio lights, blurred shelves of jewelry in the background. Material and color: sajin jade, pale jade base with scattered golden yellow speckles. Water quality: glass-type jade, very high transparency, glass-like clarity, minimal grain. The jade object must be the main visual focus, fully visible, sharp focus, realistic polished jade luster, natural inclusions and texture appropriate for jadeite, no text or labels in the image. soft daylight product photography, neutral gray background.","text, label, caption, watermark, logo, certificate, price tag, QR code, ruler, fake plastic look, overexposed highlights, blurry jade item, cropped jade object, duplicate jade object, extra holes in jade, distorted carving, deformed hands, extra fingers, distorted facial features","{""color"": ""洒金"", ""style"": ""挂件"", ""theme"": ""如意"", ""water"": ""玻璃种""}",val,jade-synthetic-liveroom-v1
jade-gen-0191,data/generated_jade_liveroom_training_images/sample-0191.png,sample-0191.png,洒金,高冰,挂件,叶子,a carved jade leaf pendant with leaf veins visible,"studio product photo, softbox reflection, matte black background",liveroom,"jade livestream selling desk, presenter is speaking while pointing at the item, one hand and part of the upper body visible, face partially visible at the edge of frame, phone tripod and softbox reflections in the room","Generate one realistic live-stream sales room image: a livestream host is talking about this jade item; a carved jade leaf pendant with leaf veins visible. jade livestream selling desk, presenter is speaking while pointing at the item, one hand and part of the upper body visible, face partially visible at the edge of frame, phone tripod and softbox reflections in the room. Material and color: sajin jade, pale jade base with scattered golden yellow speckles. Water quality: high-ice jade, very translucent, strong luster, fine clean texture. The jade object must be the main visual focus, fully visible, sharp focus, realistic polished jade luster, natural inclusions and texture appropriate for jadeite, no text or labels in the image. studio product photo, softbox reflection, matte black background.","text, label, caption, watermark, logo, certificate, price tag, QR code, ruler, fake plastic look, overexposed highlights, blurry jade item, cropped jade object, duplicate jade object, extra holes in jade, distorted carving, deformed hands, extra fingers, distorted facial features","{""color"": ""洒金"", ""style"": ""挂件"", ""theme"": ""叶子"", ""water"": ""高冰""}",train,jade-synthetic-liveroom-v1
jade-gen-0192,data/generated_jade_liveroom_training_images/sample-0192.png,sample-0192.png,洒金,冰种,挂件,山水,a rectangular jade landscape plaque pendant with mountain and water relief carving,"macro product photography, white acrylic base, clean shadow",liveroom,"busy live sales counter, host holding the jade item above a velvet tray, human hand, wrist, upper body and face visible as natural distractors, other jade pieces softly blurred in the background","Generate one realistic live-stream sales room image: a livestream host is talking about this jade item; a rectangular jade landscape plaque pendant with mountain and water relief carving. busy live sales counter, host holding the jade item above a velvet tray, human hand, wrist, upper body and face visible as natural distractors, other jade pieces softly blurred in the background. Material and color: sajin jade, pale jade base with scattered golden yellow speckles. Water quality: ice-type jade, translucent and clean, visible watery depth. The jade object must be the main visual focus, fully visible, sharp focus, realistic polished jade luster, natural inclusions and texture appropriate for jadeite, no text or labels in the image. macro product photography, white acrylic base, clean shadow.","text, label, caption, watermark, logo, certificate, price tag, QR code, ruler, fake plastic look, overexposed highlights, blurry jade item, cropped jade object, duplicate jade object, extra holes in jade, distorted carving, deformed hands, extra fingers, distorted facial features","{""color"": ""洒金"", ""style"": ""挂件"", ""theme"": ""山水"", ""water"": ""冰种""}",train,jade-synthetic-liveroom-v1
jade-gen-0193,data/generated_jade_liveroom_training_images/sample-0193.png,sample-0193.png,黄翡,糯种,挂件,貔貅,"a carved jade pixiu pendant, mythical beast silhouette visible","soft daylight product photography, neutral gray background",liveroom,"live-stream jade sales room, a host is talking about the jade item, upper body and face visible behind the product, one hand holding the jade close to the camera, soft ring light reflection, display trays in the background","Generate one realistic live-stream sales room image: a livestream host is talking about this jade item; a carved jade pixiu pendant, mythical beast silhouette visible. live-stream jade sales room, a host is talking about the jade item, upper body and face visible behind the product, one hand holding the jade close to the camera, soft ring light reflection, display trays in the background. Material and color: yellow jadeite, warm honey yellow to golden yellow tone. Water quality: waxy jade, soft cloudy translucency, fine waxy texture. The jade object must be the main visual focus, fully visible, sharp focus, realistic polished jade luster, natural inclusions and texture appropriate for jadeite, no text or labels in the image. soft daylight product photography, neutral gray background.","text, label, caption, watermark, logo, certificate, price tag, QR code, ruler, fake plastic look, overexposed highlights, blurry jade item, cropped jade object, duplicate jade object, extra holes in jade, distorted carving, deformed hands, extra fingers, distorted facial features","{""color"": ""黄翡"", ""style"": ""挂件"", ""theme"": ""貔貅"", ""water"": ""糯种""}",train,jade-synthetic-liveroom-v1
jade-gen-0194,data/generated_jade_liveroom_training_images/sample-0194.png,sample-0194.png,黄翡,豆种,挂件,葫芦,a carved jade gourd pendant with double-lobed gourd shape,"studio product photo, softbox reflection, matte black background",liveroom,"vertical live-commerce room scene, a female presenter is explaining the jade piece, face and torso visible but slightly behind focus, both hands presenting the jade under bright studio lights, blurred shelves of jewelry in the background","Generate one realistic live-stream sales room image: a livestream host is talking about this jade item; a carved jade gourd pendant with double-lobed gourd shape. vertical live-commerce room scene, a female presenter is explaining the jade piece, face and torso visible but slightly behind focus, both hands presenting the jade under bright studio lights, blurred shelves of jewelry in the background. Material and color: yellow jadeite, warm honey yellow to golden yellow tone. Water quality: bean-type jade, low translucency, visible granular texture. The jade object must be the main visual focus, fully visible, sharp focus, realistic polished jade luster, natural inclusions and texture appropriate for jadeite, no text or labels in the image. studio product photo, softbox reflection, matte black background.","text, label, caption, watermark, logo, certificate, price tag, QR code, ruler, fake plastic look, overexposed highlights, blurry jade item, cropped jade object, duplicate jade object, extra holes in jade, distorted carving, deformed hands, extra fingers, distorted facial features","{""color"": ""黄翡"", ""style"": ""挂件"", ""theme"": ""葫芦"", ""water"": ""豆种""}",train,jade-synthetic-liveroom-v1
jade-gen-0195,data/generated_jade_liveroom_training_images/sample-0195.png,sample-0195.png,黄翡,玻璃种,挂件,龙,a carved jade dragon plaque pendant with dragon relief visible,"macro product photography, white acrylic base, clean shadow",liveroom,"jade livestream selling desk, presenter is speaking while pointing at the item, one hand and part of the upper body visible, face partially visible at the edge of frame, phone tripod and softbox reflections in the room","Generate one realistic live-stream sales room image: a livestream host is talking about this jade item; a carved jade dragon plaque pendant with dragon relief visible. jade livestream selling desk, presenter is speaking while pointing at the item, one hand and part of the upper body visible, face partially visible at the edge of frame, phone tripod and softbox reflections in the room. Material and color: yellow jadeite, warm honey yellow to golden yellow tone. Water quality: glass-type jade, very high transparency, glass-like clarity, minimal grain. The jade object must be the main visual focus, fully visible, sharp focus, realistic polished jade luster, natural inclusions and texture appropriate for jadeite, no text or labels in the image. macro product photography, white acrylic base, clean shadow.","text, label, caption, watermark, logo, certificate, price tag, QR code, ruler, fake plastic look, overexposed highlights, blurry jade item, cropped jade object, duplicate jade object, extra holes in jade, distorted carving, deformed hands, extra fingers, distorted facial features","{""color"": ""黄翡"", ""style"": ""挂件"", ""theme"": ""龙"", ""water"": ""玻璃种""}",train,jade-synthetic-liveroom-v1
jade-gen-0196,data/generated_jade_liveroom_training_images/sample-0196.png,sample-0196.png,黄翡,高冰,挂件,福瓜,a carved jade melon pendant with ribbed melon form,"jewelry catalog photo, warm side light, beige stone surface",liveroom,"busy live sales counter, host holding the jade item above a velvet tray, human hand, wrist, upper body and face visible as natural distractors, other jade pieces softly blurred in the background","Generate one realistic live-stream sales room image: a livestream host is talking about this jade item; a carved jade melon pendant with ribbed melon form. busy live sales counter, host holding the jade item above a velvet tray, human hand, wrist, upper body and face visible as natural distractors, other jade pieces softly blurred in the background. Material and color: yellow jadeite, warm honey yellow to golden yellow tone. Water quality: high-ice jade, very translucent, strong luster, fine clean texture. The jade object must be the main visual focus, fully visible, sharp focus, realistic polished jade luster, natural inclusions and texture appropriate for jadeite, no text or labels in the image. jewelry catalog photo, warm side light, beige stone surface.","text, label, caption, watermark, logo, certificate, price tag, QR code, ruler, fake plastic look, overexposed highlights, blurry jade item, cropped jade object, duplicate jade object, extra holes in jade, distorted carving, deformed hands, extra fingers, distorted facial features","{""color"": ""黄翡"", ""style"": ""挂件"", ""theme"": ""福瓜"", ""water"": ""高冰""}",train,jade-synthetic-liveroom-v1
jade-gen-0197,data/generated_jade_liveroom_training_images/sample-0197.png,sample-0197.png,黄翡,冰种,挂件,无事牌,"a plain rectangular jade plaque pendant, smooth face, no carved figure","soft daylight product photography, neutral gray background",liveroom,"live-stream jade sales room, a host is talking about the jade item, upper body and face visible behind the product, one hand holding the jade close to the camera, soft ring light reflection, display trays in the background","Generate one realistic live-stream sales room image: a livestream host is talking about this jade item; a plain rectangular jade plaque pendant, smooth face, no carved figure. live-stream jade sales room, a host is talking about the jade item, upper body and face visible behind the product, one hand holding the jade close to the camera, soft ring light reflection, display trays in the background. Material and color: yellow jadeite, warm honey yellow to golden yellow tone. Water quality: ice-type jade, translucent and clean, visible watery depth. The jade object must be the main visual focus, fully visible, sharp focus, realistic polished jade luster, natural inclusions and texture appropriate for jadeite, no text or labels in the image. soft daylight product photography, neutral gray background.","text, label, caption, watermark, logo, certificate, price tag, QR code, ruler, fake plastic look, overexposed highlights, blurry jade item, cropped jade object, duplicate jade object, extra holes in jade, distorted carving, deformed hands, extra fingers, distorted facial features","{""color"": ""黄翡"", ""style"": ""挂件"", ""theme"": ""无事牌"", ""water"": ""冰种""}",train,jade-synthetic-liveroom-v1
jade-gen-0198,data/generated_jade_liveroom_training_images/sample-0198.png,sample-0198.png,黄翡,糯冰,吊坠,,"a small simple jade drop pendant with polished surface, no figurative carving","studio product photo, softbox reflection, matte black background",liveroom,"vertical live-commerce room scene, a female presenter is explaining the jade piece, face and torso visible but slightly behind focus, both hands presenting the jade under bright studio lights, blurred shelves of jewelry in the background","Generate one realistic live-stream sales room image: a livestream host is talking about this jade item; a small simple jade drop pendant with polished surface, no figurative carving. vertical live-commerce room scene, a female presenter is explaining the jade piece, face and torso visible but slightly behind focus, both hands presenting the jade under bright studio lights, blurred shelves of jewelry in the background. Material and color: yellow jadeite, warm honey yellow to golden yellow tone. Water quality: waxy-ice jade, semi-translucent, slightly cloudy but still icy. The jade object must be the main visual focus, fully visible, sharp focus, realistic polished jade luster, natural inclusions and texture appropriate for jadeite, no text or labels in the image. studio product photo, softbox reflection, matte black background.","text, label, caption, watermark, logo, certificate, price tag, QR code, ruler, fake plastic look, overexposed highlights, blurry jade item, cropped jade object, duplicate jade object, extra holes in jade, distorted carving, deformed hands, extra fingers, distorted facial features","{""color"": ""黄翡"", ""style"": ""吊坠"", ""theme"": """", ""water"": ""糯冰""}",train,jade-synthetic-liveroom-v1
jade-gen-0199,data/generated_jade_liveroom_training_images/sample-0199.png,sample-0199.png,黄翡,糯种,手镯,,"a single complete jade bangle bracelet lying flat, full ring visible","macro product photography, white acrylic base, clean shadow",liveroom,"jade livestream selling desk, presenter is speaking while pointing at the item, one hand and part of the upper body visible, face partially visible at the edge of frame, phone tripod and softbox reflections in the room","Generate one realistic live-stream sales room image: a livestream host is talking about this jade item; a single complete jade bangle bracelet lying flat, full ring visible. jade livestream selling desk, presenter is speaking while pointing at the item, one hand and part of the upper body visible, face partially visible at the edge of frame, phone tripod and softbox reflections in the room. Material and color: yellow jadeite, warm honey yellow to golden yellow tone. Water quality: waxy jade, soft cloudy translucency, fine waxy texture. The jade object must be the main visual focus, fully visible, sharp focus, realistic polished jade luster, natural inclusions and texture appropriate for jadeite, no text or labels in the image. macro product photography, white acrylic base, clean shadow.","text, label, caption, watermark, logo, certificate, price tag, QR code, ruler, fake plastic look, overexposed highlights, blurry jade item, cropped jade object, duplicate jade object, extra holes in jade, distorted carving, deformed hands, extra fingers, distorted facial features","{""color"": ""黄翡"", ""style"": ""手镯"", ""theme"": """", ""water"": ""糯种""}",train,jade-synthetic-liveroom-v1
jade-gen-0200,data/generated_jade_liveroom_training_images/sample-0200.png,sample-0200.png,黄翡,豆种,手镯,,a round jade bangle standing slightly upright on a small acrylic rest,"jewelry catalog photo, warm side light, beige stone surface",liveroom,"busy live sales counter, host holding the jade item above a velvet tray, human hand, wrist, upper body and face visible as natural distractors, other jade pieces softly blurred in the background","Generate one realistic live-stream sales room image: a livestream host is talking about this jade item; a round jade bangle standing slightly upright on a small acrylic rest. busy live sales counter, host holding the jade item above a velvet tray, human hand, wrist, upper body and face visible as natural distractors, other jade pieces softly blurred in the background. Material and color: yellow jadeite, warm honey yellow to golden yellow tone. Water quality: bean-type jade, low translucency, visible granular texture. The jade object must be the main visual focus, fully visible, sharp focus, realistic polished jade luster, natural inclusions and texture appropriate for jadeite, no text or labels in the image. jewelry catalog photo, warm side light, beige stone surface.","text, label, caption, watermark, logo, certificate, price tag, QR code, ruler, fake plastic look, overexposed highlights, blurry jade item, cropped jade object, duplicate jade object, extra holes in jade, distorted carving, deformed hands, extra fingers, distorted facial features","{""color"": ""黄翡"", ""style"": ""手镯"", ""theme"": """", ""water"": ""豆种""}",val,jade-synthetic-liveroom-v1
jade-gen-0201,data/generated_jade_liveroom_training_images/sample-0201.png,sample-0201.png,黄翡,玻璃种,平安扣,,"a round jade safety buckle pendant, circular disc with a clean central hole","soft daylight product photography, neutral gray background",liveroom,"live-stream jade sales room, a host is talking about the jade item, upper body and face visible behind the product, one hand holding the jade close to the camera, soft ring light reflection, display trays in the background","Generate one realistic live-stream sales room image: a livestream host is talking about this jade item; a round jade safety buckle pendant, circular disc with a clean central hole. live-stream jade sales room, a host is talking about the jade item, upper body and face visible behind the product, one hand holding the jade close to the camera, soft ring light reflection, display trays in the background. Material and color: yellow jadeite, warm honey yellow to golden yellow tone. Water quality: glass-type jade, very high transparency, glass-like clarity, minimal grain. The jade object must be the main visual focus, fully visible, sharp focus, realistic polished jade luster, natural inclusions and texture appropriate for jadeite, no text or labels in the image. soft daylight product photography, neutral gray background.","text, label, caption, watermark, logo, certificate, price tag, QR code, ruler, fake plastic look, overexposed highlights, blurry jade item, cropped jade object, duplicate jade object, extra holes in jade, distorted carving, deformed hands, extra fingers, distorted facial features","{""color"": ""黄翡"", ""style"": ""平安扣"", ""theme"": """", ""water"": ""玻璃种""}",train,jade-synthetic-liveroom-v1
jade-gen-0202,data/generated_jade_liveroom_training_images/sample-0202.png,sample-0202.png,黄翡,高冰,珠串,,"a jade bead bracelet, individual polished round beads clearly visible","studio product photo, softbox reflection, matte black background",liveroom,"vertical live-commerce room scene, a female presenter is explaining the jade piece, face and torso visible but slightly behind focus, both hands presenting the jade under bright studio lights, blurred shelves of jewelry in the background","Generate one realistic live-stream sales room image: a livestream host is talking about this jade item; a jade bead bracelet, individual polished round beads clearly visible. vertical live-commerce room scene, a female presenter is explaining the jade piece, face and torso visible but slightly behind focus, both hands presenting the jade under bright studio lights, blurred shelves of jewelry in the background. Material and color: yellow jadeite, warm honey yellow to golden yellow tone. Water quality: high-ice jade, very translucent, strong luster, fine clean texture. The jade object must be the main visual focus, fully visible, sharp focus, realistic polished jade luster, natural inclusions and texture appropriate for jadeite, no text or labels in the image. studio product photo, softbox reflection, matte black background.","text, label, caption, watermark, logo, certificate, price tag, QR code, ruler, fake plastic look, overexposed highlights, blurry jade item, cropped jade object, duplicate jade object, extra holes in jade, distorted carving, deformed hands, extra fingers, distorted facial features","{""color"": ""黄翡"", ""style"": ""珠串"", ""theme"": """", ""water"": ""高冰""}",train,jade-synthetic-liveroom-v1
jade-gen-0203,data/generated_jade_liveroom_training_images/sample-0203.png,sample-0203.png,黄翡,冰种,蛋面,,"a loose oval jade cabochon gemstone, domed top, no metal setting","macro product photography, white acrylic base, clean shadow",liveroom,"jade livestream selling desk, presenter is speaking while pointing at the item, one hand and part of the upper body visible, face partially visible at the edge of frame, phone tripod and softbox reflections in the room","Generate one realistic live-stream sales room image: a livestream host is talking about this jade item; a loose oval jade cabochon gemstone, domed top, no metal setting. jade livestream selling desk, presenter is speaking while pointing at the item, one hand and part of the upper body visible, face partially visible at the edge of frame, phone tripod and softbox reflections in the room. Material and color: yellow jadeite, warm honey yellow to golden yellow tone. Water quality: ice-type jade, translucent and clean, visible watery depth. The jade object must be the main visual focus, fully visible, sharp focus, realistic polished jade luster, natural inclusions and texture appropriate for jadeite, no text or labels in the image. macro product photography, white acrylic base, clean shadow.","text, label, caption, watermark, logo, certificate, price tag, QR code, ruler, fake plastic look, overexposed highlights, blurry jade item, cropped jade object, duplicate jade object, extra holes in jade, distorted carving, deformed hands, extra fingers, distorted facial features","{""color"": ""黄翡"", ""style"": ""蛋面"", ""theme"": """", ""water"": ""冰种""}",train,jade-synthetic-liveroom-v1
jade-gen-0204,data/generated_jade_liveroom_training_images/sample-0204.png,sample-0204.png,黄翡,糯冰,戒面,,"a polished oval jade ring-face stone, flatter than a cabochon, no metal setting","jewelry catalog photo, warm side light, beige stone surface",liveroom,"busy live sales counter, host holding the jade item above a velvet tray, human hand, wrist, upper body and face visible as natural distractors, other jade pieces softly blurred in the background","Generate one realistic live-stream sales room image: a livestream host is talking about this jade item; a polished oval jade ring-face stone, flatter than a cabochon, no metal setting. busy live sales counter, host holding the jade item above a velvet tray, human hand, wrist, upper body and face visible as natural distractors, other jade pieces softly blurred in the background. Material and color: yellow jadeite, warm honey yellow to golden yellow tone. Water quality: waxy-ice jade, semi-translucent, slightly cloudy but still icy. The jade object must be the main visual focus, fully visible, sharp focus, realistic polished jade luster, natural inclusions and texture appropriate for jadeite, no text or labels in the image. jewelry catalog photo, warm side light, beige stone surface.","text, label, caption, watermark, logo, certificate, price tag, QR code, ruler, fake plastic look, overexposed highlights, blurry jade item, cropped jade object, duplicate jade object, extra holes in jade, distorted carving, deformed hands, extra fingers, distorted facial features","{""color"": ""黄翡"", ""style"": ""戒面"", ""theme"": """", ""water"": ""糯冰""}",train,jade-synthetic-liveroom-v1
jade-gen-0205,data/generated_jade_liveroom_training_images/sample-0205.png,sample-0205.png,冰黄,豆种,戒指,,a jade ring with a jade cabochon mounted on a simple ring band,"studio product photo, softbox reflection, matte black background",liveroom,"live-stream jade sales room, a host is talking about the jade item, upper body and face visible behind the product, one hand holding the jade close to the camera, soft ring light reflection, display trays in the background","Generate one realistic live-stream sales room image: a livestream host is talking about this jade item; a jade ring with a jade cabochon mounted on a simple ring band. live-stream jade sales room, a host is talking about the jade item, upper body and face visible behind the product, one hand holding the jade close to the camera, soft ring light reflection, display trays in the background. Material and color: icy yellow jadeite, clear translucent yellow with icy luster. Water quality: bean-type jade, low translucency, visible granular texture. The jade object must be the main visual focus, fully visible, sharp focus, realistic polished jade luster, natural inclusions and texture appropriate for jadeite, no text or labels in the image. studio product photo, softbox reflection, matte black background.","text, label, caption, watermark, logo, certificate, price tag, QR code, ruler, fake plastic look, overexposed highlights, blurry jade item, cropped jade object, duplicate jade object, extra holes in jade, distorted carving, deformed hands, extra fingers, distorted facial features","{""color"": ""冰黄"", ""style"": ""戒指"", ""theme"": """", ""water"": ""豆种""}",train,jade-synthetic-liveroom-v1
jade-gen-0206,data/generated_jade_liveroom_training_images/sample-0206.png,sample-0206.png,冰黄,玻璃种,挂件,观音,"a carved jade pendant of Guanyin, full carving visible","macro product photography, white acrylic base, clean shadow",liveroom,"vertical live-commerce room scene, a female presenter is explaining the jade piece, face and torso visible but slightly behind focus, both hands presenting the jade under bright studio lights, blurred shelves of jewelry in the background","Generate one realistic live-stream sales room image: a livestream host is talking about this jade item; a carved jade pendant of Guanyin, full carving visible. vertical live-commerce room scene, a female presenter is explaining the jade piece, face and torso visible but slightly behind focus, both hands presenting the jade under bright studio lights, blurred shelves of jewelry in the background. Material and color: icy yellow jadeite, clear translucent yellow with icy luster. Water quality: glass-type jade, very high transparency, glass-like clarity, minimal grain. The jade object must be the main visual focus, fully visible, sharp focus, realistic polished jade luster, natural inclusions and texture appropriate for jadeite, no text or labels in the image. macro product photography, white acrylic base, clean shadow.","text, label, caption, watermark, logo, certificate, price tag, QR code, ruler, fake plastic look, overexposed highlights, blurry jade item, cropped jade object, duplicate jade object, extra holes in jade, distorted carving, deformed hands, extra fingers, distorted facial features","{""color"": ""冰黄"", ""style"": ""挂件"", ""theme"": ""观音"", ""water"": ""玻璃种""}",train,jade-synthetic-liveroom-v1
jade-gen-0207,data/generated_jade_liveroom_training_images/sample-0207.png,sample-0207.png,冰黄,高冰,挂件,佛公,"a carved jade pendant of laughing Buddha, rounded belly visible","jewelry catalog photo, warm side light, beige stone surface",liveroom,"jade livestream selling desk, presenter is speaking while pointing at the item, one hand and part of the upper body visible, face partially visible at the edge of frame, phone tripod and softbox reflections in the room","Generate one realistic live-stream sales room image: a livestream host is talking about this jade item; a carved jade pendant of laughing Buddha, rounded belly visible. jade livestream selling desk, presenter is speaking while pointing at the item, one hand and part of the upper body visible, face partially visible at the edge of frame, phone tripod and softbox reflections in the room. Material and color: icy yellow jadeite, clear translucent yellow with icy luster. Water quality: high-ice jade, very translucent, strong luster, fine clean texture. The jade object must be the main visual focus, fully visible, sharp focus, realistic polished jade luster, natural inclusions and texture appropriate for jadeite, no text or labels in the image. jewelry catalog photo, warm side light, beige stone surface.","text, label, caption, watermark, logo, certificate, price tag, QR code, ruler, fake plastic look, overexposed highlights, blurry jade item, cropped jade object, duplicate jade object, extra holes in jade, distorted carving, deformed hands, extra fingers, distorted facial features","{""color"": ""冰黄"", ""style"": ""挂件"", ""theme"": ""佛公"", ""water"": ""高冰""}",train,jade-synthetic-liveroom-v1
jade-gen-0208,data/generated_jade_liveroom_training_images/sample-0208.png,sample-0208.png,冰黄,冰种,挂件,如意,a carved jade ruyi pendant with curved ruyi silhouette,"soft daylight product photography, neutral gray background",liveroom,"busy live sales counter, host holding the jade item above a velvet tray, human hand, wrist, upper body and face visible as natural distractors, other jade pieces softly blurred in the background","Generate one realistic live-stream sales room image: a livestream host is talking about this jade item; a carved jade ruyi pendant with curved ruyi silhouette. busy live sales counter, host holding the jade item above a velvet tray, human hand, wrist, upper body and face visible as natural distractors, other jade pieces softly blurred in the background. Material and color: icy yellow jadeite, clear translucent yellow with icy luster. Water quality: ice-type jade, translucent and clean, visible watery depth. The jade object must be the main visual focus, fully visible, sharp focus, realistic polished jade luster, natural inclusions and texture appropriate for jadeite, no text or labels in the image. soft daylight product photography, neutral gray background.","text, label, caption, watermark, logo, certificate, price tag, QR code, ruler, fake plastic look, overexposed highlights, blurry jade item, cropped jade object, duplicate jade object, extra holes in jade, distorted carving, deformed hands, extra fingers, distorted facial features","{""color"": ""冰黄"", ""style"": ""挂件"", ""theme"": ""如意"", ""water"": ""冰种""}",train,jade-synthetic-liveroom-v1
jade-gen-0209,data/generated_jade_liveroom_training_images/sample-0209.png,sample-0209.png,冰黄,糯冰,挂件,叶子,a carved jade leaf pendant with leaf veins visible,"studio product photo, softbox reflection, matte black background",liveroom,"live-stream jade sales room, a host is talking about the jade item, upper body and face visible behind the product, one hand holding the jade close to the camera, soft ring light reflection, display trays in the background","Generate one realistic live-stream sales room image: a livestream host is talking about this jade item; a carved jade leaf pendant with leaf veins visible. live-stream jade sales room, a host is talking about the jade item, upper body and face visible behind the product, one hand holding the jade close to the camera, soft ring light reflection, display trays in the background. Material and color: icy yellow jadeite, clear translucent yellow with icy luster. Water quality: waxy-ice jade, semi-translucent, slightly cloudy but still icy. The jade object must be the main visual focus, fully visible, sharp focus, realistic polished jade luster, natural inclusions and texture appropriate for jadeite, no text or labels in the image. studio product photo, softbox reflection, matte black background.","text, label, caption, watermark, logo, certificate, price tag, QR code, ruler, fake plastic look, overexposed highlights, blurry jade item, cropped jade object, duplicate jade object, extra holes in jade, distorted carving, deformed hands, extra fingers, distorted facial features","{""color"": ""冰黄"", ""style"": ""挂件"", ""theme"": ""叶子"", ""water"": ""糯冰""}",train,jade-synthetic-liveroom-v1
jade-gen-0210,data/generated_jade_liveroom_training_images/sample-0210.png,sample-0210.png,冰黄,糯种,挂件,山水,a rectangular jade landscape plaque pendant with mountain and water relief carving,"macro product photography, white acrylic base, clean shadow",liveroom,"vertical live-commerce room scene, a female presenter is explaining the jade piece, face and torso visible but slightly behind focus, both hands presenting the jade under bright studio lights, blurred shelves of jewelry in the background","Generate one realistic live-stream sales room image: a livestream host is talking about this jade item; a rectangular jade landscape plaque pendant with mountain and water relief carving. vertical live-commerce room scene, a female presenter is explaining the jade piece, face and torso visible but slightly behind focus, both hands presenting the jade under bright studio lights, blurred shelves of jewelry in the background. Material and color: icy yellow jadeite, clear translucent yellow with icy luster. Water quality: waxy jade, soft cloudy translucency, fine waxy texture. The jade object must be the main visual focus, fully visible, sharp focus, realistic polished jade luster, natural inclusions and texture appropriate for jadeite, no text or labels in the image. macro product photography, white acrylic base, clean shadow.","text, label, caption, watermark, logo, certificate, price tag, QR code, ruler, fake plastic look, overexposed highlights, blurry jade item, cropped jade object, duplicate jade object, extra holes in jade, distorted carving, deformed hands, extra fingers, distorted facial features","{""color"": ""冰黄"", ""style"": ""挂件"", ""theme"": ""山水"", ""water"": ""糯种""}",val,jade-synthetic-liveroom-v1
jade-gen-0211,data/generated_jade_liveroom_training_images/sample-0211.png,sample-0211.png,冰黄,豆种,挂件,貔貅,"a carved jade pixiu pendant, mythical beast silhouette visible","jewelry catalog photo, warm side light, beige stone surface",liveroom,"jade livestream selling desk, presenter is speaking while pointing at the item, one hand and part of the upper body visible, face partially visible at the edge of frame, phone tripod and softbox reflections in the room","Generate one realistic live-stream sales room image: a livestream host is talking about this jade item; a carved jade pixiu pendant, mythical beast silhouette visible. jade livestream selling desk, presenter is speaking while pointing at the item, one hand and part of the upper body visible, face partially visible at the edge of frame, phone tripod and softbox reflections in the room. Material and color: icy yellow jadeite, clear translucent yellow with icy luster. Water quality: bean-type jade, low translucency, visible granular texture. The jade object must be the main visual focus, fully visible, sharp focus, realistic polished jade luster, natural inclusions and texture appropriate for jadeite, no text or labels in the image. jewelry catalog photo, warm side light, beige stone surface.","text, label, caption, watermark, logo, certificate, price tag, QR code, ruler, fake plastic look, overexposed highlights, blurry jade item, cropped jade object, duplicate jade object, extra holes in jade, distorted carving, deformed hands, extra fingers, distorted facial features","{""color"": ""冰黄"", ""style"": ""挂件"", ""theme"": ""貔貅"", ""water"": ""豆种""}",train,jade-synthetic-liveroom-v1
jade-gen-0212,data/generated_jade_liveroom_training_images/sample-0212.png,sample-0212.png,冰黄,玻璃种,挂件,葫芦,a carved jade gourd pendant with double-lobed gourd shape,"soft daylight product photography, neutral gray background",liveroom,"busy live sales counter, host holding the jade item above a velvet tray, human hand, wrist, upper body and face visible as natural distractors, other jade pieces softly blurred in the background","Generate one realistic live-stream sales room image: a livestream host is talking about this jade item; a carved jade gourd pendant with double-lobed gourd shape. busy live sales counter, host holding the jade item above a velvet tray, human hand, wrist, upper body and face visible as natural distractors, other jade pieces softly blurred in the background. Material and color: icy yellow jadeite, clear translucent yellow with icy luster. Water quality: glass-type jade, very high transparency, glass-like clarity, minimal grain. The jade object must be the main visual focus, fully visible, sharp focus, realistic polished jade luster, natural inclusions and texture appropriate for jadeite, no text or labels in the image. soft daylight product photography, neutral gray background.","text, label, caption, watermark, logo, certificate, price tag, QR code, ruler, fake plastic look, overexposed highlights, blurry jade item, cropped jade object, duplicate jade object, extra holes in jade, distorted carving, deformed hands, extra fingers, distorted facial features","{""color"": ""冰黄"", ""style"": ""挂件"", ""theme"": ""葫芦"", ""water"": ""玻璃种""}",train,jade-synthetic-liveroom-v1
jade-gen-0213,data/generated_jade_liveroom_training_images/sample-0213.png,sample-0213.png,冰黄,高冰,挂件,龙,a carved jade dragon plaque pendant with dragon relief visible,"studio product photo, softbox reflection, matte black background",liveroom,"live-stream jade sales room, a host is talking about the jade item, upper body and face visible behind the product, one hand holding the jade close to the camera, soft ring light reflection, display trays in the background","Generate one realistic live-stream sales room image: a livestream host is talking about this jade item; a carved jade dragon plaque pendant with dragon relief visible. live-stream jade sales room, a host is talking about the jade item, upper body and face visible behind the product, one hand holding the jade close to the camera, soft ring light reflection, display trays in the background. Material and color: icy yellow jadeite, clear translucent yellow with icy luster. Water quality: high-ice jade, very translucent, strong luster, fine clean texture. The jade object must be the main visual focus, fully visible, sharp focus, realistic polished jade luster, natural inclusions and texture appropriate for jadeite, no text or labels in the image. studio product photo, softbox reflection, matte black background.","text, label, caption, watermark, logo, certificate, price tag, QR code, ruler, fake plastic look, overexposed highlights, blurry jade item, cropped jade object, duplicate jade object, extra holes in jade, distorted carving, deformed hands, extra fingers, distorted facial features","{""color"": ""冰黄"", ""style"": ""挂件"", ""theme"": ""龙"", ""water"": ""高冰""}",train,jade-synthetic-liveroom-v1
jade-gen-0214,data/generated_jade_liveroom_training_images/sample-0214.png,sample-0214.png,冰黄,冰种,挂件,福瓜,a carved jade melon pendant with ribbed melon form,"macro product photography, white acrylic base, clean shadow",liveroom,"vertical live-commerce room scene, a female presenter is explaining the jade piece, face and torso visible but slightly behind focus, both hands presenting the jade under bright studio lights, blurred shelves of jewelry in the background","Generate one realistic live-stream sales room image: a livestream host is talking about this jade item; a carved jade melon pendant with ribbed melon form. vertical live-commerce room scene, a female presenter is explaining the jade piece, face and torso visible but slightly behind focus, both hands presenting the jade under bright studio lights, blurred shelves of jewelry in the background. Material and color: icy yellow jadeite, clear translucent yellow with icy luster. Water quality: ice-type jade, translucent and clean, visible watery depth. The jade object must be the main visual focus, fully visible, sharp focus, realistic polished jade luster, natural inclusions and texture appropriate for jadeite, no text or labels in the image. macro product photography, white acrylic base, clean shadow.","text, label, caption, watermark, logo, certificate, price tag, QR code, ruler, fake plastic look, overexposed highlights, blurry jade item, cropped jade object, duplicate jade object, extra holes in jade, distorted carving, deformed hands, extra fingers, distorted facial features","{""color"": ""冰黄"", ""style"": ""挂件"", ""theme"": ""福瓜"", ""water"": ""冰种""}",train,jade-synthetic-liveroom-v1
jade-gen-0215,data/generated_jade_liveroom_training_images/sample-0215.png,sample-0215.png,冰黄,糯冰,挂件,无事牌,"a plain rectangular jade plaque pendant, smooth face, no carved figure","jewelry catalog photo, warm side light, beige stone surface",liveroom,"jade livestream selling desk, presenter is speaking while pointing at the item, one hand and part of the upper body visible, face partially visible at the edge of frame, phone tripod and softbox reflections in the room","Generate one realistic live-stream sales room image: a livestream host is talking about this jade item; a plain rectangular jade plaque pendant, smooth face, no carved figure. jade livestream selling desk, presenter is speaking while pointing at the item, one hand and part of the upper body visible, face partially visible at the edge of frame, phone tripod and softbox reflections in the room. Material and color: icy yellow jadeite, clear translucent yellow with icy luster. Water quality: waxy-ice jade, semi-translucent, slightly cloudy but still icy. The jade object must be the main visual focus, fully visible, sharp focus, realistic polished jade luster, natural inclusions and texture appropriate for jadeite, no text or labels in the image. jewelry catalog photo, warm side light, beige stone surface.","text, label, caption, watermark, logo, certificate, price tag, QR code, ruler, fake plastic look, overexposed highlights, blurry jade item, cropped jade object, duplicate jade object, extra holes in jade, distorted carving, deformed hands, extra fingers, distorted facial features","{""color"": ""冰黄"", ""style"": ""挂件"", ""theme"": ""无事牌"", ""water"": ""糯冰""}",train,jade-synthetic-liveroom-v1
jade-gen-0216,data/generated_jade_liveroom_training_images/sample-0216.png,sample-0216.png,冰黄,糯种,吊坠,,"a small simple jade drop pendant with polished surface, no figurative carving","soft daylight product photography, neutral gray background",liveroom,"busy live sales counter, host holding the jade item above a velvet tray, human hand, wrist, upper body and face visible as natural distractors, other jade pieces softly blurred in the background","Generate one realistic live-stream sales room image: a livestream host is talking about this jade item; a small simple jade drop pendant with polished surface, no figurative carving. busy live sales counter, host holding the jade item above a velvet tray, human hand, wrist, upper body and face visible as natural distractors, other jade pieces softly blurred in the background. Material and color: icy yellow jadeite, clear translucent yellow with icy luster. Water quality: waxy jade, soft cloudy translucency, fine waxy texture. The jade object must be the main visual focus, fully visible, sharp focus, realistic polished jade luster, natural inclusions and texture appropriate for jadeite, no text or labels in the image. soft daylight product photography, neutral gray background.","text, label, caption, watermark, logo, certificate, price tag, QR code, ruler, fake plastic look, overexposed highlights, blurry jade item, cropped jade object, duplicate jade object, extra holes in jade, distorted carving, deformed hands, extra fingers, distorted facial features","{""color"": ""冰黄"", ""style"": ""吊坠"", ""theme"": """", ""water"": ""糯种""}",train,jade-synthetic-liveroom-v1
jade-gen-0217,data/generated_jade_liveroom_training_images/sample-0217.png,sample-0217.png,墨翠,玻璃种,手镯,,"a single complete jade bangle bracelet lying flat, full ring visible","macro product photography, white acrylic base, clean shadow",liveroom,"live-stream jade sales room, a host is talking about the jade item, upper body and face visible behind the product, one hand holding the jade close to the camera, soft ring light reflection, display trays in the background","Generate one realistic live-stream sales room image: a livestream host is talking about this jade item; a single complete jade bangle bracelet lying flat, full ring visible. live-stream jade sales room, a host is talking about the jade item, upper body and face visible behind the product, one hand holding the jade close to the camera, soft ring light reflection, display trays in the background. Material and color: black-green jadeite, very dark green to black, glossy. Water quality: glass-type jade, very high transparency, glass-like clarity, minimal grain. The jade object must be the main visual focus, fully visible, sharp focus, realistic polished jade luster, natural inclusions and texture appropriate for jadeite, no text or labels in the image. macro product photography, white acrylic base, clean shadow.","text, label, caption, watermark, logo, certificate, price tag, QR code, ruler, fake plastic look, overexposed highlights, blurry jade item, cropped jade object, duplicate jade object, extra holes in jade, distorted carving, deformed hands, extra fingers, distorted facial features","{""color"": ""墨翠"", ""style"": ""手镯"", ""theme"": """", ""water"": ""玻璃种""}",train,jade-synthetic-liveroom-v1
jade-gen-0218,data/generated_jade_liveroom_training_images/sample-0218.png,sample-0218.png,墨翠,高冰,手镯,,a round jade bangle standing slightly upright on a small acrylic rest,"jewelry catalog photo, warm side light, beige stone surface",liveroom,"vertical live-commerce room scene, a female presenter is explaining the jade piece, face and torso visible but slightly behind focus, both hands presenting the jade under bright studio lights, blurred shelves of jewelry in the background","Generate one realistic live-stream sales room image: a livestream host is talking about this jade item; a round jade bangle standing slightly upright on a small acrylic rest. vertical live-commerce room scene, a female presenter is explaining the jade piece, face and torso visible but slightly behind focus, both hands presenting the jade under bright studio lights, blurred shelves of jewelry in the background. Material and color: black-green jadeite, very dark green to black, glossy. Water quality: high-ice jade, very translucent, strong luster, fine clean texture. The jade object must be the main visual focus, fully visible, sharp focus, realistic polished jade luster, natural inclusions and texture appropriate for jadeite, no text or labels in the image. jewelry catalog photo, warm side light, beige stone surface.","text, label, caption, watermark, logo, certificate, price tag, QR code, ruler, fake plastic look, overexposed highlights, blurry jade item, cropped jade object, duplicate jade object, extra holes in jade, distorted carving, deformed hands, extra fingers, distorted facial features","{""color"": ""墨翠"", ""style"": ""手镯"", ""theme"": """", ""water"": ""高冰""}",train,jade-synthetic-liveroom-v1
jade-gen-0219,data/generated_jade_liveroom_training_images/sample-0219.png,sample-0219.png,墨翠,冰种,平安扣,,"a round jade safety buckle pendant, circular disc with a clean central hole","soft daylight product photography, neutral gray background",liveroom,"jade livestream selling desk, presenter is speaking while pointing at the item, one hand and part of the upper body visible, face partially visible at the edge of frame, phone tripod and softbox reflections in the room","Generate one realistic live-stream sales room image: a livestream host is talking about this jade item; a round jade safety buckle pendant, circular disc with a clean central hole. jade livestream selling desk, presenter is speaking while pointing at the item, one hand and part of the upper body visible, face partially visible at the edge of frame, phone tripod and softbox reflections in the room. Material and color: black-green jadeite, very dark green to black, glossy. Water quality: ice-type jade, translucent and clean, visible watery depth. The jade object must be the main visual focus, fully visible, sharp focus, realistic polished jade luster, natural inclusions and texture appropriate for jadeite, no text or labels in the image. soft daylight product photography, neutral gray background.","text, label, caption, watermark, logo, certificate, price tag, QR code, ruler, fake plastic look, overexposed highlights, blurry jade item, cropped jade object, duplicate jade object, extra holes in jade, distorted carving, deformed hands, extra fingers, distorted facial features","{""color"": ""墨翠"", ""style"": ""平安扣"", ""theme"": """", ""water"": ""冰种""}",train,jade-synthetic-liveroom-v1
jade-gen-0220,data/generated_jade_liveroom_training_images/sample-0220.png,sample-0220.png,墨翠,糯冰,珠串,,"a jade bead bracelet, individual polished round beads clearly visible","studio product photo, softbox reflection, matte black background",liveroom,"busy live sales counter, host holding the jade item above a velvet tray, human hand, wrist, upper body and face visible as natural distractors, other jade pieces softly blurred in the background","Generate one realistic live-stream sales room image: a livestream host is talking about this jade item; a jade bead bracelet, individual polished round beads clearly visible. busy live sales counter, host holding the jade item above a velvet tray, human hand, wrist, upper body and face visible as natural distractors, other jade pieces softly blurred in the background. Material and color: black-green jadeite, very dark green to black, glossy. Water quality: waxy-ice jade, semi-translucent, slightly cloudy but still icy. The jade object must be the main visual focus, fully visible, sharp focus, realistic polished jade luster, natural inclusions and texture appropriate for jadeite, no text or labels in the image. studio product photo, softbox reflection, matte black background.","text, label, caption, watermark, logo, certificate, price tag, QR code, ruler, fake plastic look, overexposed highlights, blurry jade item, cropped jade object, duplicate jade object, extra holes in jade, distorted carving, deformed hands, extra fingers, distorted facial features","{""color"": ""墨翠"", ""style"": ""珠串"", ""theme"": """", ""water"": ""糯冰""}",val,jade-synthetic-liveroom-v1
jade-gen-0221,data/generated_jade_liveroom_training_images/sample-0221.png,sample-0221.png,墨翠,糯种,蛋面,,"a loose oval jade cabochon gemstone, domed top, no metal setting","macro product photography, white acrylic base, clean shadow",liveroom,"live-stream jade sales room, a host is talking about the jade item, upper body and face visible behind the product, one hand holding the jade close to the camera, soft ring light reflection, display trays in the background","Generate one realistic live-stream sales room image: a livestream host is talking about this jade item; a loose oval jade cabochon gemstone, domed top, no metal setting. live-stream jade sales room, a host is talking about the jade item, upper body and face visible behind the product, one hand holding the jade close to the camera, soft ring light reflection, display trays in the background. Material and color: black-green jadeite, very dark green to black, glossy. Water quality: waxy jade, soft cloudy translucency, fine waxy texture. The jade object must be the main visual focus, fully visible, sharp focus, realistic polished jade luster, natural inclusions and texture appropriate for jadeite, no text or labels in the image. macro product photography, white acrylic base, clean shadow.","text, label, caption, watermark, logo, certificate, price tag, QR code, ruler, fake plastic look, overexposed highlights, blurry jade item, cropped jade object, duplicate jade object, extra holes in jade, distorted carving, deformed hands, extra fingers, distorted facial features","{""color"": ""墨翠"", ""style"": ""蛋面"", ""theme"": """", ""water"": ""糯种""}",train,jade-synthetic-liveroom-v1
jade-gen-0222,data/generated_jade_liveroom_training_images/sample-0222.png,sample-0222.png,墨翠,豆种,戒面,,"a polished oval jade ring-face stone, flatter than a cabochon, no metal setting","jewelry catalog photo, warm side light, beige stone surface",liveroom,"vertical live-commerce room scene, a female presenter is explaining the jade piece, face and torso visible but slightly behind focus, both hands presenting the jade under bright studio lights, blurred shelves of jewelry in the background","Generate one realistic live-stream sales room image: a livestream host is talking about this jade item; a polished oval jade ring-face stone, flatter than a cabochon, no metal setting. vertical live-commerce room scene, a female presenter is explaining the jade piece, face and torso visible but slightly behind focus, both hands presenting the jade under bright studio lights, blurred shelves of jewelry in the background. Material and color: black-green jadeite, very dark green to black, glossy. Water quality: bean-type jade, low translucency, visible granular texture. The jade object must be the main visual focus, fully visible, sharp focus, realistic polished jade luster, natural inclusions and texture appropriate for jadeite, no text or labels in the image. jewelry catalog photo, warm side light, beige stone surface.","text, label, caption, watermark, logo, certificate, price tag, QR code, ruler, fake plastic look, overexposed highlights, blurry jade item, cropped jade object, duplicate jade object, extra holes in jade, distorted carving, deformed hands, extra fingers, distorted facial features","{""color"": ""墨翠"", ""style"": ""戒面"", ""theme"": """", ""water"": ""豆种""}",train,jade-synthetic-liveroom-v1
jade-gen-0223,data/generated_jade_liveroom_training_images/sample-0223.png,sample-0223.png,墨翠,玻璃种,戒指,,a jade ring with a jade cabochon mounted on a simple ring band,"soft daylight product photography, neutral gray background",liveroom,"jade livestream selling desk, presenter is speaking while pointing at the item, one hand and part of the upper body visible, face partially visible at the edge of frame, phone tripod and softbox reflections in the room","Generate one realistic live-stream sales room image: a livestream host is talking about this jade item; a jade ring with a jade cabochon mounted on a simple ring band. jade livestream selling desk, presenter is speaking while pointing at the item, one hand and part of the upper body visible, face partially visible at the edge of frame, phone tripod and softbox reflections in the room. Material and color: black-green jadeite, very dark green to black, glossy. Water quality: glass-type jade, very high transparency, glass-like clarity, minimal grain. The jade object must be the main visual focus, fully visible, sharp focus, realistic polished jade luster, natural inclusions and texture appropriate for jadeite, no text or labels in the image. soft daylight product photography, neutral gray background.","text, label, caption, watermark, logo, certificate, price tag, QR code, ruler, fake plastic look, overexposed highlights, blurry jade item, cropped jade object, duplicate jade object, extra holes in jade, distorted carving, deformed hands, extra fingers, distorted facial features","{""color"": ""墨翠"", ""style"": ""戒指"", ""theme"": """", ""water"": ""玻璃种""}",train,jade-synthetic-liveroom-v1
jade-gen-0224,data/generated_jade_liveroom_training_images/sample-0224.png,sample-0224.png,墨翠,高冰,挂件,观音,"a carved jade pendant of Guanyin, full carving visible","studio product photo, softbox reflection, matte black background",liveroom,"busy live sales counter, host holding the jade item above a velvet tray, human hand, wrist, upper body and face visible as natural distractors, other jade pieces softly blurred in the background","Generate one realistic live-stream sales room image: a livestream host is talking about this jade item; a carved jade pendant of Guanyin, full carving visible. busy live sales counter, host holding the jade item above a velvet tray, human hand, wrist, upper body and face visible as natural distractors, other jade pieces softly blurred in the background. Material and color: black-green jadeite, very dark green to black, glossy. Water quality: high-ice jade, very translucent, strong luster, fine clean texture. The jade object must be the main visual focus, fully visible, sharp focus, realistic polished jade luster, natural inclusions and texture appropriate for jadeite, no text or labels in the image. studio product photo, softbox reflection, matte black background.","text, label, caption, watermark, logo, certificate, price tag, QR code, ruler, fake plastic look, overexposed highlights, blurry jade item, cropped jade object, duplicate jade object, extra holes in jade, distorted carving, deformed hands, extra fingers, distorted facial features","{""color"": ""墨翠"", ""style"": ""挂件"", ""theme"": ""观音"", ""water"": ""高冰""}",train,jade-synthetic-liveroom-v1
jade-gen-0225,data/generated_jade_liveroom_training_images/sample-0225.png,sample-0225.png,墨翠,冰种,挂件,佛公,"a carved jade pendant of laughing Buddha, rounded belly visible","macro product photography, white acrylic base, clean shadow",liveroom,"live-stream jade sales room, a host is talking about the jade item, upper body and face visible behind the product, one hand holding the jade close to the camera, soft ring light reflection, display trays in the background","Generate one realistic live-stream sales room image: a livestream host is talking about this jade item; a carved jade pendant of laughing Buddha, rounded belly visible. live-stream jade sales room, a host is talking about the jade item, upper body and face visible behind the product, one hand holding the jade close to the camera, soft ring light reflection, display trays in the background. Material and color: black-green jadeite, very dark green to black, glossy. Water quality: ice-type jade, translucent and clean, visible watery depth. The jade object must be the main visual focus, fully visible, sharp focus, realistic polished jade luster, natural inclusions and texture appropriate for jadeite, no text or labels in the image. macro product photography, white acrylic base, clean shadow.","text, label, caption, watermark, logo, certificate, price tag, QR code, ruler, fake plastic look, overexposed highlights, blurry jade item, cropped jade object, duplicate jade object, extra holes in jade, distorted carving, deformed hands, extra fingers, distorted facial features","{""color"": ""墨翠"", ""style"": ""挂件"", ""theme"": ""佛公"", ""water"": ""冰种""}",train,jade-synthetic-liveroom-v1
jade-gen-0226,data/generated_jade_liveroom_training_images/sample-0226.png,sample-0226.png,墨翠,糯冰,挂件,如意,a carved jade ruyi pendant with curved ruyi silhouette,"jewelry catalog photo, warm side light, beige stone surface",liveroom,"vertical live-commerce room scene, a female presenter is explaining the jade piece, face and torso visible but slightly behind focus, both hands presenting the jade under bright studio lights, blurred shelves of jewelry in the background","Generate one realistic live-stream sales room image: a livestream host is talking about this jade item; a carved jade ruyi pendant with curved ruyi silhouette. vertical live-commerce room scene, a female presenter is explaining the jade piece, face and torso visible but slightly behind focus, both hands presenting the jade under bright studio lights, blurred shelves of jewelry in the background. Material and color: black-green jadeite, very dark green to black, glossy. Water quality: waxy-ice jade, semi-translucent, slightly cloudy but still icy. The jade object must be the main visual focus, fully visible, sharp focus, realistic polished jade luster, natural inclusions and texture appropriate for jadeite, no text or labels in the image. jewelry catalog photo, warm side light, beige stone surface.","text, label, caption, watermark, logo, certificate, price tag, QR code, ruler, fake plastic look, overexposed highlights, blurry jade item, cropped jade object, duplicate jade object, extra holes in jade, distorted carving, deformed hands, extra fingers, distorted facial features","{""color"": ""墨翠"", ""style"": ""挂件"", ""theme"": ""如意"", ""water"": ""糯冰""}",train,jade-synthetic-liveroom-v1
jade-gen-0227,data/generated_jade_liveroom_training_images/sample-0227.png,sample-0227.png,墨翠,糯种,挂件,叶子,a carved jade leaf pendant with leaf veins visible,"soft daylight product photography, neutral gray background",liveroom,"jade livestream selling desk, presenter is speaking while pointing at the item, one hand and part of the upper body visible, face partially visible at the edge of frame, phone tripod and softbox reflections in the room","Generate one realistic live-stream sales room image: a livestream host is talking about this jade item; a carved jade leaf pendant with leaf veins visible. jade livestream selling desk, presenter is speaking while pointing at the item, one hand and part of the upper body visible, face partially visible at the edge of frame, phone tripod and softbox reflections in the room. Material and color: black-green jadeite, very dark green to black, glossy. Water quality: waxy jade, soft cloudy translucency, fine waxy texture. The jade object must be the main visual focus, fully visible, sharp focus, realistic polished jade luster, natural inclusions and texture appropriate for jadeite, no text or labels in the image. soft daylight product photography, neutral gray background.","text, label, caption, watermark, logo, certificate, price tag, QR code, ruler, fake plastic look, overexposed highlights, blurry jade item, cropped jade object, duplicate jade object, extra holes in jade, distorted carving, deformed hands, extra fingers, distorted facial features","{""color"": ""墨翠"", ""style"": ""挂件"", ""theme"": ""叶子"", ""water"": ""糯种""}",train,jade-synthetic-liveroom-v1
jade-gen-0228,data/generated_jade_liveroom_training_images/sample-0228.png,sample-0228.png,墨翠,豆种,挂件,山水,a rectangular jade landscape plaque pendant with mountain and water relief carving,"studio product photo, softbox reflection, matte black background",liveroom,"busy live sales counter, host holding the jade item above a velvet tray, human hand, wrist, upper body and face visible as natural distractors, other jade pieces softly blurred in the background","Generate one realistic live-stream sales room image: a livestream host is talking about this jade item; a rectangular jade landscape plaque pendant with mountain and water relief carving. busy live sales counter, host holding the jade item above a velvet tray, human hand, wrist, upper body and face visible as natural distractors, other jade pieces softly blurred in the background. Material and color: black-green jadeite, very dark green to black, glossy. Water quality: bean-type jade, low translucency, visible granular texture. The jade object must be the main visual focus, fully visible, sharp focus, realistic polished jade luster, natural inclusions and texture appropriate for jadeite, no text or labels in the image. studio product photo, softbox reflection, matte black background.","text, label, caption, watermark, logo, certificate, price tag, QR code, ruler, fake plastic look, overexposed highlights, blurry jade item, cropped jade object, duplicate jade object, extra holes in jade, distorted carving, deformed hands, extra fingers, distorted facial features","{""color"": ""墨翠"", ""style"": ""挂件"", ""theme"": ""山水"", ""water"": ""豆种""}",train,jade-synthetic-liveroom-v1
jade-gen-0229,data/generated_jade_liveroom_training_images/sample-0229.png,sample-0229.png,红翡,高冰,挂件,貔貅,"a carved jade pixiu pendant, mythical beast silhouette visible","jewelry catalog photo, warm side light, beige stone surface",liveroom,"live-stream jade sales room, a host is talking about the jade item, upper body and face visible behind the product, one hand holding the jade close to the camera, soft ring light reflection, display trays in the background","Generate one realistic live-stream sales room image: a livestream host is talking about this jade item; a carved jade pixiu pendant, mythical beast silhouette visible. live-stream jade sales room, a host is talking about the jade item, upper body and face visible behind the product, one hand holding the jade close to the camera, soft ring light reflection, display trays in the background. Material and color: red jadeite, red to reddish orange jade tone. Water quality: high-ice jade, very translucent, strong luster, fine clean texture. The jade object must be the main visual focus, fully visible, sharp focus, realistic polished jade luster, natural inclusions and texture appropriate for jadeite, no text or labels in the image. jewelry catalog photo, warm side light, beige stone surface.","text, label, caption, watermark, logo, certificate, price tag, QR code, ruler, fake plastic look, overexposed highlights, blurry jade item, cropped jade object, duplicate jade object, extra holes in jade, distorted carving, deformed hands, extra fingers, distorted facial features","{""color"": ""红翡"", ""style"": ""挂件"", ""theme"": ""貔貅"", ""water"": ""高冰""}",train,jade-synthetic-liveroom-v1
jade-gen-0230,data/generated_jade_liveroom_training_images/sample-0230.png,sample-0230.png,红翡,冰种,挂件,葫芦,a carved jade gourd pendant with double-lobed gourd shape,"soft daylight product photography, neutral gray background",liveroom,"vertical live-commerce room scene, a female presenter is explaining the jade piece, face and torso visible but slightly behind focus, both hands presenting the jade under bright studio lights, blurred shelves of jewelry in the background","Generate one realistic live-stream sales room image: a livestream host is talking about this jade item; a carved jade gourd pendant with double-lobed gourd shape. vertical live-commerce room scene, a female presenter is explaining the jade piece, face and torso visible but slightly behind focus, both hands presenting the jade under bright studio lights, blurred shelves of jewelry in the background. Material and color: red jadeite, red to reddish orange jade tone. Water quality: ice-type jade, translucent and clean, visible watery depth. The jade object must be the main visual focus, fully visible, sharp focus, realistic polished jade luster, natural inclusions and texture appropriate for jadeite, no text or labels in the image. soft daylight product photography, neutral gray background.","text, label, caption, watermark, logo, certificate, price tag, QR code, ruler, fake plastic look, overexposed highlights, blurry jade item, cropped jade object, duplicate jade object, extra holes in jade, distorted carving, deformed hands, extra fingers, distorted facial features","{""color"": ""红翡"", ""style"": ""挂件"", ""theme"": ""葫芦"", ""water"": ""冰种""}",val,jade-synthetic-liveroom-v1
jade-gen-0231,data/generated_jade_liveroom_training_images/sample-0231.png,sample-0231.png,红翡,糯冰,挂件,龙,a carved jade dragon plaque pendant with dragon relief visible,"studio product photo, softbox reflection, matte black background",liveroom,"jade livestream selling desk, presenter is speaking while pointing at the item, one hand and part of the upper body visible, face partially visible at the edge of frame, phone tripod and softbox reflections in the room","Generate one realistic live-stream sales room image: a livestream host is talking about this jade item; a carved jade dragon plaque pendant with dragon relief visible. jade livestream selling desk, presenter is speaking while pointing at the item, one hand and part of the upper body visible, face partially visible at the edge of frame, phone tripod and softbox reflections in the room. Material and color: red jadeite, red to reddish orange jade tone. Water quality: waxy-ice jade, semi-translucent, slightly cloudy but still icy. The jade object must be the main visual focus, fully visible, sharp focus, realistic polished jade luster, natural inclusions and texture appropriate for jadeite, no text or labels in the image. studio product photo, softbox reflection, matte black background.","text, label, caption, watermark, logo, certificate, price tag, QR code, ruler, fake plastic look, overexposed highlights, blurry jade item, cropped jade object, duplicate jade object, extra holes in jade, distorted carving, deformed hands, extra fingers, distorted facial features","{""color"": ""红翡"", ""style"": ""挂件"", ""theme"": ""龙"", ""water"": ""糯冰""}",train,jade-synthetic-liveroom-v1
jade-gen-0232,data/generated_jade_liveroom_training_images/sample-0232.png,sample-0232.png,红翡,糯种,挂件,福瓜,a carved jade melon pendant with ribbed melon form,"macro product photography, white acrylic base, clean shadow",liveroom,"busy live sales counter, host holding the jade item above a velvet tray, human hand, wrist, upper body and face visible as natural distractors, other jade pieces softly blurred in the background","Generate one realistic live-stream sales room image: a livestream host is talking about this jade item; a carved jade melon pendant with ribbed melon form. busy live sales counter, host holding the jade item above a velvet tray, human hand, wrist, upper body and face visible as natural distractors, other jade pieces softly blurred in the background. Material and color: red jadeite, red to reddish orange jade tone. Water quality: waxy jade, soft cloudy translucency, fine waxy texture. The jade object must be the main visual focus, fully visible, sharp focus, realistic polished jade luster, natural inclusions and texture appropriate for jadeite, no text or labels in the image. macro product photography, white acrylic base, clean shadow.","text, label, caption, watermark, logo, certificate, price tag, QR code, ruler, fake plastic look, overexposed highlights, blurry jade item, cropped jade object, duplicate jade object, extra holes in jade, distorted carving, deformed hands, extra fingers, distorted facial features","{""color"": ""红翡"", ""style"": ""挂件"", ""theme"": ""福瓜"", ""water"": ""糯种""}",train,jade-synthetic-liveroom-v1
jade-gen-0233,data/generated_jade_liveroom_training_images/sample-0233.png,sample-0233.png,红翡,豆种,挂件,无事牌,"a plain rectangular jade plaque pendant, smooth face, no carved figure","jewelry catalog photo, warm side light, beige stone surface",liveroom,"live-stream jade sales room, a host is talking about the jade item, upper body and face visible behind the product, one hand holding the jade close to the camera, soft ring light reflection, display trays in the background","Generate one realistic live-stream sales room image: a livestream host is talking about this jade item; a plain rectangular jade plaque pendant, smooth face, no carved figure. live-stream jade sales room, a host is talking about the jade item, upper body and face visible behind the product, one hand holding the jade close to the camera, soft ring light reflection, display trays in the background. Material and color: red jadeite, red to reddish orange jade tone. Water quality: bean-type jade, low translucency, visible granular texture. The jade object must be the main visual focus, fully visible, sharp focus, realistic polished jade luster, natural inclusions and texture appropriate for jadeite, no text or labels in the image. jewelry catalog photo, warm side light, beige stone surface.","text, label, caption, watermark, logo, certificate, price tag, QR code, ruler, fake plastic look, overexposed highlights, blurry jade item, cropped jade object, duplicate jade object, extra holes in jade, distorted carving, deformed hands, extra fingers, distorted facial features","{""color"": ""红翡"", ""style"": ""挂件"", ""theme"": ""无事牌"", ""water"": ""豆种""}",train,jade-synthetic-liveroom-v1
jade-gen-0234,data/generated_jade_liveroom_training_images/sample-0234.png,sample-0234.png,红翡,玻璃种,吊坠,,"a small simple jade drop pendant with polished surface, no figurative carving","soft daylight product photography, neutral gray background",liveroom,"vertical live-commerce room scene, a female presenter is explaining the jade piece, face and torso visible but slightly behind focus, both hands presenting the jade under bright studio lights, blurred shelves of jewelry in the background","Generate one realistic live-stream sales room image: a livestream host is talking about this jade item; a small simple jade drop pendant with polished surface, no figurative carving. vertical live-commerce room scene, a female presenter is explaining the jade piece, face and torso visible but slightly behind focus, both hands presenting the jade under bright studio lights, blurred shelves of jewelry in the background. Material and color: red jadeite, red to reddish orange jade tone. Water quality: glass-type jade, very high transparency, glass-like clarity, minimal grain. The jade object must be the main visual focus, fully visible, sharp focus, realistic polished jade luster, natural inclusions and texture appropriate for jadeite, no text or labels in the image. soft daylight product photography, neutral gray background.","text, label, caption, watermark, logo, certificate, price tag, QR code, ruler, fake plastic look, overexposed highlights, blurry jade item, cropped jade object, duplicate jade object, extra holes in jade, distorted carving, deformed hands, extra fingers, distorted facial features","{""color"": ""红翡"", ""style"": ""吊坠"", ""theme"": """", ""water"": ""玻璃种""}",train,jade-synthetic-liveroom-v1
jade-gen-0235,data/generated_jade_liveroom_training_images/sample-0235.png,sample-0235.png,红翡,高冰,手镯,,"a single complete jade bangle bracelet lying flat, full ring visible","studio product photo, softbox reflection, matte black background",liveroom,"jade livestream selling desk, presenter is speaking while pointing at the item, one hand and part of the upper body visible, face partially visible at the edge of frame, phone tripod and softbox reflections in the room","Generate one realistic live-stream sales room image: a livestream host is talking about this jade item; a single complete jade bangle bracelet lying flat, full ring visible. jade livestream selling desk, presenter is speaking while pointing at the item, one hand and part of the upper body visible, face partially visible at the edge of frame, phone tripod and softbox reflections in the room. Material and color: red jadeite, red to reddish orange jade tone. Water quality: high-ice jade, very translucent, strong luster, fine clean texture. The jade object must be the main visual focus, fully visible, sharp focus, realistic polished jade luster, natural inclusions and texture appropriate for jadeite, no text or labels in the image. studio product photo, softbox reflection, matte black background.","text, label, caption, watermark, logo, certificate, price tag, QR code, ruler, fake plastic look, overexposed highlights, blurry jade item, cropped jade object, duplicate jade object, extra holes in jade, distorted carving, deformed hands, extra fingers, distorted facial features","{""color"": ""红翡"", ""style"": ""手镯"", ""theme"": """", ""water"": ""高冰""}",train,jade-synthetic-liveroom-v1
jade-gen-0236,data/generated_jade_liveroom_training_images/sample-0236.png,sample-0236.png,红翡,冰种,手镯,,a round jade bangle standing slightly upright on a small acrylic rest,"macro product photography, white acrylic base, clean shadow",liveroom,"busy live sales counter, host holding the jade item above a velvet tray, human hand, wrist, upper body and face visible as natural distractors, other jade pieces softly blurred in the background","Generate one realistic live-stream sales room image: a livestream host is talking about this jade item; a round jade bangle standing slightly upright on a small acrylic rest. busy live sales counter, host holding the jade item above a velvet tray, human hand, wrist, upper body and face visible as natural distractors, other jade pieces softly blurred in the background. Material and color: red jadeite, red to reddish orange jade tone. Water quality: ice-type jade, translucent and clean, visible watery depth. The jade object must be the main visual focus, fully visible, sharp focus, realistic polished jade luster, natural inclusions and texture appropriate for jadeite, no text or labels in the image. macro product photography, white acrylic base, clean shadow.","text, label, caption, watermark, logo, certificate, price tag, QR code, ruler, fake plastic look, overexposed highlights, blurry jade item, cropped jade object, duplicate jade object, extra holes in jade, distorted carving, deformed hands, extra fingers, distorted facial features","{""color"": ""红翡"", ""style"": ""手镯"", ""theme"": """", ""water"": ""冰种""}",train,jade-synthetic-liveroom-v1
jade-gen-0237,data/generated_jade_liveroom_training_images/sample-0237.png,sample-0237.png,红翡,糯冰,平安扣,,"a round jade safety buckle pendant, circular disc with a clean central hole","jewelry catalog photo, warm side light, beige stone surface",liveroom,"live-stream jade sales room, a host is talking about the jade item, upper body and face visible behind the product, one hand holding the jade close to the camera, soft ring light reflection, display trays in the background","Generate one realistic live-stream sales room image: a livestream host is talking about this jade item; a round jade safety buckle pendant, circular disc with a clean central hole. live-stream jade sales room, a host is talking about the jade item, upper body and face visible behind the product, one hand holding the jade close to the camera, soft ring light reflection, display trays in the background. Material and color: red jadeite, red to reddish orange jade tone. Water quality: waxy-ice jade, semi-translucent, slightly cloudy but still icy. The jade object must be the main visual focus, fully visible, sharp focus, realistic polished jade luster, natural inclusions and texture appropriate for jadeite, no text or labels in the image. jewelry catalog photo, warm side light, beige stone surface.","text, label, caption, watermark, logo, certificate, price tag, QR code, ruler, fake plastic look, overexposed highlights, blurry jade item, cropped jade object, duplicate jade object, extra holes in jade, distorted carving, deformed hands, extra fingers, distorted facial features","{""color"": ""红翡"", ""style"": ""平安扣"", ""theme"": """", ""water"": ""糯冰""}",train,jade-synthetic-liveroom-v1
jade-gen-0238,data/generated_jade_liveroom_training_images/sample-0238.png,sample-0238.png,红翡,糯种,珠串,,"a jade bead bracelet, individual polished round beads clearly visible","soft daylight product photography, neutral gray background",liveroom,"vertical live-commerce room scene, a female presenter is explaining the jade piece, face and torso visible but slightly behind focus, both hands presenting the jade under bright studio lights, blurred shelves of jewelry in the background","Generate one realistic live-stream sales room image: a livestream host is talking about this jade item; a jade bead bracelet, individual polished round beads clearly visible. vertical live-commerce room scene, a female presenter is explaining the jade piece, face and torso visible but slightly behind focus, both hands presenting the jade under bright studio lights, blurred shelves of jewelry in the background. Material and color: red jadeite, red to reddish orange jade tone. Water quality: waxy jade, soft cloudy translucency, fine waxy texture. The jade object must be the main visual focus, fully visible, sharp focus, realistic polished jade luster, natural inclusions and texture appropriate for jadeite, no text or labels in the image. soft daylight product photography, neutral gray background.","text, label, caption, watermark, logo, certificate, price tag, QR code, ruler, fake plastic look, overexposed highlights, blurry jade item, cropped jade object, duplicate jade object, extra holes in jade, distorted carving, deformed hands, extra fingers, distorted facial features","{""color"": ""红翡"", ""style"": ""珠串"", ""theme"": """", ""water"": ""糯种""}",train,jade-synthetic-liveroom-v1
jade-gen-0239,data/generated_jade_liveroom_training_images/sample-0239.png,sample-0239.png,红翡,豆种,蛋面,,"a loose oval jade cabochon gemstone, domed top, no metal setting","studio product photo, softbox reflection, matte black background",liveroom,"jade livestream selling desk, presenter is speaking while pointing at the item, one hand and part of the upper body visible, face partially visible at the edge of frame, phone tripod and softbox reflections in the room","Generate one realistic live-stream sales room image: a livestream host is talking about this jade item; a loose oval jade cabochon gemstone, domed top, no metal setting. jade livestream selling desk, presenter is speaking while pointing at the item, one hand and part of the upper body visible, face partially visible at the edge of frame, phone tripod and softbox reflections in the room. Material and color: red jadeite, red to reddish orange jade tone. Water quality: bean-type jade, low translucency, visible granular texture. The jade object must be the main visual focus, fully visible, sharp focus, realistic polished jade luster, natural inclusions and texture appropriate for jadeite, no text or labels in the image. studio product photo, softbox reflection, matte black background.","text, label, caption, watermark, logo, certificate, price tag, QR code, ruler, fake plastic look, overexposed highlights, blurry jade item, cropped jade object, duplicate jade object, extra holes in jade, distorted carving, deformed hands, extra fingers, distorted facial features","{""color"": ""红翡"", ""style"": ""蛋面"", ""theme"": """", ""water"": ""豆种""}",train,jade-synthetic-liveroom-v1
jade-gen-0240,data/generated_jade_liveroom_training_images/sample-0240.png,sample-0240.png,红翡,玻璃种,戒面,,"a polished oval jade ring-face stone, flatter than a cabochon, no metal setting","macro product photography, white acrylic base, clean shadow",liveroom,"busy live sales counter, host holding the jade item above a velvet tray, human hand, wrist, upper body and face visible as natural distractors, other jade pieces softly blurred in the background","Generate one realistic live-stream sales room image: a livestream host is talking about this jade item; a polished oval jade ring-face stone, flatter than a cabochon, no metal setting. busy live sales counter, host holding the jade item above a velvet tray, human hand, wrist, upper body and face visible as natural distractors, other jade pieces softly blurred in the background. Material and color: red jadeite, red to reddish orange jade tone. Water quality: glass-type jade, very high transparency, glass-like clarity, minimal grain. The jade object must be the main visual focus, fully visible, sharp focus, realistic polished jade luster, natural inclusions and texture appropriate for jadeite, no text or labels in the image. macro product photography, white acrylic base, clean shadow.","text, label, caption, watermark, logo, certificate, price tag, QR code, ruler, fake plastic look, overexposed highlights, blurry jade item, cropped jade object, duplicate jade object, extra holes in jade, distorted carving, deformed hands, extra fingers, distorted facial features","{""color"": ""红翡"", ""style"": ""戒面"", ""theme"": """", ""water"": ""玻璃种""}",val,jade-synthetic-liveroom-v1
jade-gen-0241,data/generated_jade_liveroom_training_images/sample-0241.png,sample-0241.png,多彩,冰种,戒指,,a jade ring with a jade cabochon mounted on a simple ring band,"soft daylight product photography, neutral gray background",liveroom,"live-stream jade sales room, a host is talking about the jade item, upper body and face visible behind the product, one hand holding the jade close to the camera, soft ring light reflection, display trays in the background","Generate one realistic live-stream sales room image: a livestream host is talking about this jade item; a jade ring with a jade cabochon mounted on a simple ring band. live-stream jade sales room, a host is talking about the jade item, upper body and face visible behind the product, one hand holding the jade close to the camera, soft ring light reflection, display trays in the background. Material and color: multicolor jadeite, three or more visible jade color areas. Water quality: ice-type jade, translucent and clean, visible watery depth. The jade object must be the main visual focus, fully visible, sharp focus, realistic polished jade luster, natural inclusions and texture appropriate for jadeite, no text or labels in the image. soft daylight product photography, neutral gray background.","text, label, caption, watermark, logo, certificate, price tag, QR code, ruler, fake plastic look, overexposed highlights, blurry jade item, cropped jade object, duplicate jade object, extra holes in jade, distorted carving, deformed hands, extra fingers, distorted facial features","{""color"": ""多彩"", ""style"": ""戒指"", ""theme"": """", ""water"": ""冰种""}",train,jade-synthetic-liveroom-v1
jade-gen-0242,data/generated_jade_liveroom_training_images/sample-0242.png,sample-0242.png,多彩,糯冰,挂件,观音,"a carved jade pendant of Guanyin, full carving visible","studio product photo, softbox reflection, matte black background",liveroom,"vertical live-commerce room scene, a female presenter is explaining the jade piece, face and torso visible but slightly behind focus, both hands presenting the jade under bright studio lights, blurred shelves of jewelry in the background","Generate one realistic live-stream sales room image: a livestream host is talking about this jade item; a carved jade pendant of Guanyin, full carving visible. vertical live-commerce room scene, a female presenter is explaining the jade piece, face and torso visible but slightly behind focus, both hands presenting the jade under bright studio lights, blurred shelves of jewelry in the background. Material and color: multicolor jadeite, three or more visible jade color areas. Water quality: waxy-ice jade, semi-translucent, slightly cloudy but still icy. The jade object must be the main visual focus, fully visible, sharp focus, realistic polished jade luster, natural inclusions and texture appropriate for jadeite, no text or labels in the image. studio product photo, softbox reflection, matte black background.","text, label, caption, watermark, logo, certificate, price tag, QR code, ruler, fake plastic look, overexposed highlights, blurry jade item, cropped jade object, duplicate jade object, extra holes in jade, distorted carving, deformed hands, extra fingers, distorted facial features","{""color"": ""多彩"", ""style"": ""挂件"", ""theme"": ""观音"", ""water"": ""糯冰""}",train,jade-synthetic-liveroom-v1
jade-gen-0243,data/generated_jade_liveroom_training_images/sample-0243.png,sample-0243.png,多彩,糯种,挂件,佛公,"a carved jade pendant of laughing Buddha, rounded belly visible","macro product photography, white acrylic base, clean shadow",liveroom,"jade livestream selling desk, presenter is speaking while pointing at the item, one hand and part of the upper body visible, face partially visible at the edge of frame, phone tripod and softbox reflections in the room","Generate one realistic live-stream sales room image: a livestream host is talking about this jade item; a carved jade pendant of laughing Buddha, rounded belly visible. jade livestream selling desk, presenter is speaking while pointing at the item, one hand and part of the upper body visible, face partially visible at the edge of frame, phone tripod and softbox reflections in the room. Material and color: multicolor jadeite, three or more visible jade color areas. Water quality: waxy jade, soft cloudy translucency, fine waxy texture. The jade object must be the main visual focus, fully visible, sharp focus, realistic polished jade luster, natural inclusions and texture appropriate for jadeite, no text or labels in the image. macro product photography, white acrylic base, clean shadow.","text, label, caption, watermark, logo, certificate, price tag, QR code, ruler, fake plastic look, overexposed highlights, blurry jade item, cropped jade object, duplicate jade object, extra holes in jade, distorted carving, deformed hands, extra fingers, distorted facial features","{""color"": ""多彩"", ""style"": ""挂件"", ""theme"": ""佛公"", ""water"": ""糯种""}",train,jade-synthetic-liveroom-v1
jade-gen-0244,data/generated_jade_liveroom_training_images/sample-0244.png,sample-0244.png,多彩,豆种,挂件,如意,a carved jade ruyi pendant with curved ruyi silhouette,"jewelry catalog photo, warm side light, beige stone surface",liveroom,"busy live sales counter, host holding the jade item above a velvet tray, human hand, wrist, upper body and face visible as natural distractors, other jade pieces softly blurred in the background","Generate one realistic live-stream sales room image: a livestream host is talking about this jade item; a carved jade ruyi pendant with curved ruyi silhouette. busy live sales counter, host holding the jade item above a velvet tray, human hand, wrist, upper body and face visible as natural distractors, other jade pieces softly blurred in the background. Material and color: multicolor jadeite, three or more visible jade color areas. Water quality: bean-type jade, low translucency, visible granular texture. The jade object must be the main visual focus, fully visible, sharp focus, realistic polished jade luster, natural inclusions and texture appropriate for jadeite, no text or labels in the image. jewelry catalog photo, warm side light, beige stone surface.","text, label, caption, watermark, logo, certificate, price tag, QR code, ruler, fake plastic look, overexposed highlights, blurry jade item, cropped jade object, duplicate jade object, extra holes in jade, distorted carving, deformed hands, extra fingers, distorted facial features","{""color"": ""多彩"", ""style"": ""挂件"", ""theme"": ""如意"", ""water"": ""豆种""}",train,jade-synthetic-liveroom-v1
jade-gen-0245,data/generated_jade_liveroom_training_images/sample-0245.png,sample-0245.png,多彩,玻璃种,挂件,叶子,a carved jade leaf pendant with leaf veins visible,"soft daylight product photography, neutral gray background",liveroom,"live-stream jade sales room, a host is talking about the jade item, upper body and face visible behind the product, one hand holding the jade close to the camera, soft ring light reflection, display trays in the background","Generate one realistic live-stream sales room image: a livestream host is talking about this jade item; a carved jade leaf pendant with leaf veins visible. live-stream jade sales room, a host is talking about the jade item, upper body and face visible behind the product, one hand holding the jade close to the camera, soft ring light reflection, display trays in the background. Material and color: multicolor jadeite, three or more visible jade color areas. Water quality: glass-type jade, very high transparency, glass-like clarity, minimal grain. The jade object must be the main visual focus, fully visible, sharp focus, realistic polished jade luster, natural inclusions and texture appropriate for jadeite, no text or labels in the image. soft daylight product photography, neutral gray background.","text, label, caption, watermark, logo, certificate, price tag, QR code, ruler, fake plastic look, overexposed highlights, blurry jade item, cropped jade object, duplicate jade object, extra holes in jade, distorted carving, deformed hands, extra fingers, distorted facial features","{""color"": ""多彩"", ""style"": ""挂件"", ""theme"": ""叶子"", ""water"": ""玻璃种""}",train,jade-synthetic-liveroom-v1
jade-gen-0246,data/generated_jade_liveroom_training_images/sample-0246.png,sample-0246.png,多彩,高冰,挂件,山水,a rectangular jade landscape plaque pendant with mountain and water relief carving,"studio product photo, softbox reflection, matte black background",liveroom,"vertical live-commerce room scene, a female presenter is explaining the jade piece, face and torso visible but slightly behind focus, both hands presenting the jade under bright studio lights, blurred shelves of jewelry in the background","Generate one realistic live-stream sales room image: a livestream host is talking about this jade item; a rectangular jade landscape plaque pendant with mountain and water relief carving. vertical live-commerce room scene, a female presenter is explaining the jade piece, face and torso visible but slightly behind focus, both hands presenting the jade under bright studio lights, blurred shelves of jewelry in the background. Material and color: multicolor jadeite, three or more visible jade color areas. Water quality: high-ice jade, very translucent, strong luster, fine clean texture. The jade object must be the main visual focus, fully visible, sharp focus, realistic polished jade luster, natural inclusions and texture appropriate for jadeite, no text or labels in the image. studio product photo, softbox reflection, matte black background.","text, label, caption, watermark, logo, certificate, price tag, QR code, ruler, fake plastic look, overexposed highlights, blurry jade item, cropped jade object, duplicate jade object, extra holes in jade, distorted carving, deformed hands, extra fingers, distorted facial features","{""color"": ""多彩"", ""style"": ""挂件"", ""theme"": ""山水"", ""water"": ""高冰""}",train,jade-synthetic-liveroom-v1
jade-gen-0247,data/generated_jade_liveroom_training_images/sample-0247.png,sample-0247.png,多彩,冰种,挂件,貔貅,"a carved jade pixiu pendant, mythical beast silhouette visible","macro product photography, white acrylic base, clean shadow",liveroom,"jade livestream selling desk, presenter is speaking while pointing at the item, one hand and part of the upper body visible, face partially visible at the edge of frame, phone tripod and softbox reflections in the room","Generate one realistic live-stream sales room image: a livestream host is talking about this jade item; a carved jade pixiu pendant, mythical beast silhouette visible. jade livestream selling desk, presenter is speaking while pointing at the item, one hand and part of the upper body visible, face partially visible at the edge of frame, phone tripod and softbox reflections in the room. Material and color: multicolor jadeite, three or more visible jade color areas. Water quality: ice-type jade, translucent and clean, visible watery depth. The jade object must be the main visual focus, fully visible, sharp focus, realistic polished jade luster, natural inclusions and texture appropriate for jadeite, no text or labels in the image. macro product photography, white acrylic base, clean shadow.","text, label, caption, watermark, logo, certificate, price tag, QR code, ruler, fake plastic look, overexposed highlights, blurry jade item, cropped jade object, duplicate jade object, extra holes in jade, distorted carving, deformed hands, extra fingers, distorted facial features","{""color"": ""多彩"", ""style"": ""挂件"", ""theme"": ""貔貅"", ""water"": ""冰种""}",train,jade-synthetic-liveroom-v1
jade-gen-0248,data/generated_jade_liveroom_training_images/sample-0248.png,sample-0248.png,多彩,糯冰,挂件,葫芦,a carved jade gourd pendant with double-lobed gourd shape,"jewelry catalog photo, warm side light, beige stone surface",liveroom,"busy live sales counter, host holding the jade item above a velvet tray, human hand, wrist, upper body and face visible as natural distractors, other jade pieces softly blurred in the background","Generate one realistic live-stream sales room image: a livestream host is talking about this jade item; a carved jade gourd pendant with double-lobed gourd shape. busy live sales counter, host holding the jade item above a velvet tray, human hand, wrist, upper body and face visible as natural distractors, other jade pieces softly blurred in the background. Material and color: multicolor jadeite, three or more visible jade color areas. Water quality: waxy-ice jade, semi-translucent, slightly cloudy but still icy. The jade object must be the main visual focus, fully visible, sharp focus, realistic polished jade luster, natural inclusions and texture appropriate for jadeite, no text or labels in the image. jewelry catalog photo, warm side light, beige stone surface.","text, label, caption, watermark, logo, certificate, price tag, QR code, ruler, fake plastic look, overexposed highlights, blurry jade item, cropped jade object, duplicate jade object, extra holes in jade, distorted carving, deformed hands, extra fingers, distorted facial features","{""color"": ""多彩"", ""style"": ""挂件"", ""theme"": ""葫芦"", ""water"": ""糯冰""}",train,jade-synthetic-liveroom-v1
jade-gen-0249,data/generated_jade_liveroom_training_images/sample-0249.png,sample-0249.png,多彩,糯种,挂件,龙,a carved jade dragon plaque pendant with dragon relief visible,"soft daylight product photography, neutral gray background",liveroom,"live-stream jade sales room, a host is talking about the jade item, upper body and face visible behind the product, one hand holding the jade close to the camera, soft ring light reflection, display trays in the background","Generate one realistic live-stream sales room image: a livestream host is talking about this jade item; a carved jade dragon plaque pendant with dragon relief visible. live-stream jade sales room, a host is talking about the jade item, upper body and face visible behind the product, one hand holding the jade close to the camera, soft ring light reflection, display trays in the background. Material and color: multicolor jadeite, three or more visible jade color areas. Water quality: waxy jade, soft cloudy translucency, fine waxy texture. The jade object must be the main visual focus, fully visible, sharp focus, realistic polished jade luster, natural inclusions and texture appropriate for jadeite, no text or labels in the image. soft daylight product photography, neutral gray background.","text, label, caption, watermark, logo, certificate, price tag, QR code, ruler, fake plastic look, overexposed highlights, blurry jade item, cropped jade object, duplicate jade object, extra holes in jade, distorted carving, deformed hands, extra fingers, distorted facial features","{""color"": ""多彩"", ""style"": ""挂件"", ""theme"": ""龙"", ""water"": ""糯种""}",train,jade-synthetic-liveroom-v1
jade-gen-0250,data/generated_jade_liveroom_training_images/sample-0250.png,sample-0250.png,多彩,豆种,挂件,福瓜,a carved jade melon pendant with ribbed melon form,"studio product photo, softbox reflection, matte black background",liveroom,"vertical live-commerce room scene, a female presenter is explaining the jade piece, face and torso visible but slightly behind focus, both hands presenting the jade under bright studio lights, blurred shelves of jewelry in the background","Generate one realistic live-stream sales room image: a livestream host is talking about this jade item; a carved jade melon pendant with ribbed melon form. vertical live-commerce room scene, a female presenter is explaining the jade piece, face and torso visible but slightly behind focus, both hands presenting the jade under bright studio lights, blurred shelves of jewelry in the background. Material and color: multicolor jadeite, three or more visible jade color areas. Water quality: bean-type jade, low translucency, visible granular texture. The jade object must be the main visual focus, fully visible, sharp focus, realistic polished jade luster, natural inclusions and texture appropriate for jadeite, no text or labels in the image. studio product photo, softbox reflection, matte black background.","text, label, caption, watermark, logo, certificate, price tag, QR code, ruler, fake plastic look, overexposed highlights, blurry jade item, cropped jade object, duplicate jade object, extra holes in jade, distorted carving, deformed hands, extra fingers, distorted facial features","{""color"": ""多彩"", ""style"": ""挂件"", ""theme"": ""福瓜"", ""water"": ""豆种""}",val,jade-synthetic-liveroom-v1
jade-gen-0251,data/generated_jade_liveroom_training_images/sample-0251.png,sample-0251.png,多彩,玻璃种,挂件,无事牌,"a plain rectangular jade plaque pendant, smooth face, no carved figure","macro product photography, white acrylic base, clean shadow",liveroom,"jade livestream selling desk, presenter is speaking while pointing at the item, one hand and part of the upper body visible, face partially visible at the edge of frame, phone tripod and softbox reflections in the room","Generate one realistic live-stream sales room image: a livestream host is talking about this jade item; a plain rectangular jade plaque pendant, smooth face, no carved figure. jade livestream selling desk, presenter is speaking while pointing at the item, one hand and part of the upper body visible, face partially visible at the edge of frame, phone tripod and softbox reflections in the room. Material and color: multicolor jadeite, three or more visible jade color areas. Water quality: glass-type jade, very high transparency, glass-like clarity, minimal grain. The jade object must be the main visual focus, fully visible, sharp focus, realistic polished jade luster, natural inclusions and texture appropriate for jadeite, no text or labels in the image. macro product photography, white acrylic base, clean shadow.","text, label, caption, watermark, logo, certificate, price tag, QR code, ruler, fake plastic look, overexposed highlights, blurry jade item, cropped jade object, duplicate jade object, extra holes in jade, distorted carving, deformed hands, extra fingers, distorted facial features","{""color"": ""多彩"", ""style"": ""挂件"", ""theme"": ""无事牌"", ""water"": ""玻璃种""}",train,jade-synthetic-liveroom-v1
jade-gen-0252,data/generated_jade_liveroom_training_images/sample-0252.png,sample-0252.png,多彩,高冰,吊坠,,"a small simple jade drop pendant with polished surface, no figurative carving","jewelry catalog photo, warm side light, beige stone surface",liveroom,"busy live sales counter, host holding the jade item above a velvet tray, human hand, wrist, upper body and face visible as natural distractors, other jade pieces softly blurred in the background","Generate one realistic live-stream sales room image: a livestream host is talking about this jade item; a small simple jade drop pendant with polished surface, no figurative carving. busy live sales counter, host holding the jade item above a velvet tray, human hand, wrist, upper body and face visible as natural distractors, other jade pieces softly blurred in the background. Material and color: multicolor jadeite, three or more visible jade color areas. Water quality: high-ice jade, very translucent, strong luster, fine clean texture. The jade object must be the main visual focus, fully visible, sharp focus, realistic polished jade luster, natural inclusions and texture appropriate for jadeite, no text or labels in the image. jewelry catalog photo, warm side light, beige stone surface.","text, label, caption, watermark, logo, certificate, price tag, QR code, ruler, fake plastic look, overexposed highlights, blurry jade item, cropped jade object, duplicate jade object, extra holes in jade, distorted carving, deformed hands, extra fingers, distorted facial features","{""color"": ""多彩"", ""style"": ""吊坠"", ""theme"": """", ""water"": ""高冰""}",train,jade-synthetic-liveroom-v1
